snow,SNOW EMERG.,null,42.36942437200048,-71.09557241999966
snow,SNOW EMERG.,null,42.397336587000495,-71.13022066999963
snow,SNOW EMERG.,null,42.39881037200047,-71.12987556099966
snow,SNOW EMERG.,null,42.363242872000455,-71.10421136399964
snow,SNOW EMERG.,null,42.366791640000486,-71.10600946299962
snow,SNOW EMERG.,null,42.361572063000494,-71.10841258399967
snow,SNOW EMERG.,null,42.366791640000486,-71.10600946299962
snow,SNOW EMERG.,null,42.37265701400048,-71.09220689199964
snow,SNOW EMERG.,null,42.366791640000486,-71.10600946299962
snow,SNOW EMERG.,null,42.361732231000474,-71.10825241599963
snow,SNOW EMERG.,null,42.3614654320005,-71.08829511699963
snow,SNOW EMERG.,null,42.36776096900047,-71.10563327999967
snow,SNOW EMERG.,null,42.366791640000486,-71.10600946299962
snow,SNOW EMERG.,null,42.372570935000454,-71.12014970199965
snow,SNOW EMERG.,null,42.37030290300049,-71.10358106599966
snow,SNOW EMERG.,null,42.37460621100047,-71.12926550799966
snow,SNOW EMERG.,null,42.366791640000486,-71.10600946299962
snow,SNOW EMERG.,null,42.379243328000484,-71.11659402399965
snow,SNOW EMERG.,null,42.369163296000465,-71.09522126199965
snow,SNOW EMERG.,null,42.364391697000485,-71.10529105199964
snow,SNOW EMERG.,null,42.366791640000486,-71.10600946299962
snow,SNOW EMERG.,null,42.364391697000485,-71.10529105199964
snow,SNOW EMERG.,null,42.373378335000496,-71.12415997499966
snow,SNOW EMERG.,null,42.39595845700046,-71.13088784099966
snow,SNOW EMERG.,null,42.362104418000456,-71.09808583399962
snow,SNOW EMERG.,null,42.36416354500045,-71.10170515099963
snow,SNOW EMERG.,null,42.35896465200045,-71.09347506099965
snow,SNOW EMERG.,null,42.362104418000456,-71.09808583399962
snow,SNOW EMERG.,null,42.36232079100046,-71.09844053899963
snow,SNOW EMERG.,null,42.37487170000048,-71.13370286499963
snow,SNOW EMERG.,null,42.37991027100048,-71.11648664399962
snow,SNOW EMERG.,null,42.37365834700046,-71.12127435299965
snow,SNOW EMERG.,null,42.36579748100047,-71.11365546599967
snow,SNOW EMERG.,null,42.366791640000486,-71.10600946299962
snow,SNOW EMERG.,null,42.37365834700046,-71.12127435299965
snow,SNOW EMERG.,null,42.36942437200048,-71.09557241999966
snow,SNOW EMERG.,null,42.366791640000486,-71.10600946299962
snow,SNOW EMERG.,null,42.375468656000464,-71.11429872199966
snow,SNOW EMERG.,null,42.366791640000486,-71.10600946299962
snow,SNOW EMERG.,null,42.36582270500048,-71.09124720599965
snow,SNOW EMERG.,null,42.366791640000486,-71.10600946299962
snow,SNOW EMERG.,null,42.36349176500045,-71.10393135999965
snow,SNOW EMERG.,null,42.3901670890005,-71.13273725299968
snow,SNOW EMERG.,null,42.37208789100049,-71.11883271499966
snow,SNOW EMERG.,null,42.37244643100047,-71.10898952999963
snow,SNOW EMERG.,null,42.3688210680005,-71.10460313999965
snow,SNOW EMERG.,null,42.36582270500048,-71.09124720599965
snow,SNOW EMERG.,null,42.36386717400046,-71.09904682099966
snow,SNOW EMERG.,null,42.379243328000484,-71.11659402399965
snow,SNOW EMERG.,null,42.3666858900005,-71.09426025899967
snow,SNOW EMERG.,null,42.366791640000486,-71.10600946299962
snow,SNOW EMERG.,null,42.3965080960005,-71.13090742999964
snow,SNOW EMERG.,null,42.36455647300045,-71.10686967799967
snow,SNOW EMERG.,null,42.38249289200047,-71.11966691999964
snow,SNOW EMERG.,null,42.37881996900046,-71.11663360099965
snow,SNOW EMERG.,null,42.37167181300049,-71.08506389699966
snow,SNOW EMERG.,null,42.36942437200048,-71.09557241999966
snow,SNOW EMERG.,null,42.37249280700047,-71.09107040099963
snow,SNOW EMERG.,null,42.375166684000476,-71.11163666899967
snow,SNOW EMERG.,null,42.37592258100045,-71.12455950899965
snow,SNOW EMERG.,null,42.366791640000486,-71.10600946299962
snow,SNOW EMERG.,null,42.3640110500005,-71.09929317099966
snow,SNOW EMERG.,null,42.366791640000486,-71.10600946299962
snow,SNOW EMERG.,null,42.36610514000046,-71.10483590099966
snow,SNOW EMERG.,null,42.3660325460005,-71.11360707099965
snow,SNOW EMERG.,null,42.37477654300045,-71.13163442099966
snow,SNOW EMERG.,null,42.3797331770005,-71.15110001599965
snow,SNOW EMERG.,null,42.366791640000486,-71.10600946299962
snow,SNOW EMERG.,null,42.373378335000496,-71.12415997499966
snow,SNOW EMERG.,null,42.363242872000455,-71.10421136399964
snow,SNOW EMERG.,null,42.39228267800047,-71.12444082399963
snow,SNOW EMERG.,null,42.363823005000484,-71.09885493799965
snow,SNOW EMERG.,null,42.36397870100046,-71.09923742099966
snow,SNOW EMERG.,null,42.38944280400045,-71.12875579099966
snow,SNOW EMERG.,null,42.3640110500005,-71.09929317099966
snow,SNOW EMERG.,null,42.36738071600047,-71.11356789299964
snow,SNOW EMERG.,null,42.36942437200048,-71.09557241999966
snow,SNOW EMERG.,null,42.36456223400046,-71.11260804199964
snow,SNOW EMERG.,null,42.3884859100005,-71.12816038899967
snow,SNOW EMERG.,null,42.36942437200048,-71.09557241999966
snow,SNOW EMERG.,null,42.3697935940005,-71.10229051099964
snow,SNOW EMERG.,null,42.366791640000486,-71.10600946299962
snow,SNOW EMERG.,null,42.36712937700048,-71.08944217399966
snow,SNOW EMERG.,null,42.366791640000486,-71.10600946299962
snow,SNOW EMERG.,null,42.37312118800048,-71.11974129199967
snow,SNOW EMERG.,null,42.37147246900048,-71.08357399699963
snow,SNOW EMERG.,null,42.37493128200049,-71.13420993099965
snow,SNOW EMERG.,null,42.37382875800046,-71.10131725899964
snow,SNOW EMERG.,null,42.362142443000494,-71.10779150399964
snow,SNOW EMERG.,null,42.37251643600047,-71.09945128799967
snow,SNOW EMERG.,null,42.35827192800048,-71.11203190099963
snow,SNOW EMERG.,null,42.37182852400048,-71.12071549699965
snow,SNOW EMERG.,null,42.366791640000486,-71.10600946299962
snow,SNOW EMERG.,null,42.37182852400048,-71.12071549699965
snow,SNOW EMERG.,null,42.37030290300049,-71.10358106599966
snow,SNOW EMERG.,null,42.381044474000475,-71.11976371299966
snow,SNOW EMERG.,null,42.37378855600048,-71.12138497299964
snow,SNOW EMERG.,null,42.36612588100047,-71.10567015299966
snow,SNOW EMERG.,null,42.3683762870005,-71.09436972599963
snow,SNOW EMERG.,null,42.372466888000474,-71.09088752999963
snow,SNOW EMERG.,null,42.36638514500049,-71.09191882199963
snow,SNOW EMERG.,null,42.38107443300049,-71.11292607199965
snow,SNOW EMERG.,null,42.373899174000485,-71.11473515399967
snow,SNOW EMERG.,null,42.3898525080005,-71.13272416799964
snow,SNOW EMERG.,null,42.3677655780005,-71.09700038499966
snow,SNOW EMERG.,null,42.362104418000456,-71.09808583399962
snow,SNOW EMERG.,null,42.3719656450005,-71.11530899099967
snow,SNOW EMERG.,null,42.3732204800005,-71.09821373799963
snow,SNOW EMERG.,null,42.366791640000486,-71.10600946299962
snow,SNOW EMERG.,null,42.3736007330005,-71.12113607999964
snow,SNOW EMERG.,null,42.369482478000464,-71.11166086699967
snow,SNOW EMERG.,null,42.37991027100048,-71.11648664399962
snow,SNOW EMERG.,null,42.366791640000486,-71.10600946299962
snow,SNOW EMERG.,null,42.36913333600046,-71.11349760299964
snow,SNOW EMERG.,null,42.366791640000486,-71.10600946299962
snow,SNOW EMERG.,null,42.389704150000455,-71.13268030099965
snow,SNOW EMERG.,null,42.36738071600047,-71.11356789299964
snow,SNOW EMERG.,null,42.366791640000486,-71.10600946299962
snow,SNOW EMERG.,null,42.366791640000486,-71.10600946299962
snow,SNOW EMERG.,null,42.364391697000485,-71.10529105199964
snow,SNOW EMERG.,null,42.36738071600047,-71.11356789299964
snow,SNOW EMERG.,null,42.38944280400045,-71.12875579099966
snow,SNOW EMERG.,null,42.366791640000486,-71.10600946299962
snow,SNOW EMERG.,null,42.36472816300045,-71.11391818699963
snow,SNOW EMERG.,null,42.3712627540005,-71.09780121999967
snow,SNOW EMERG.,null,42.380273597000496,-71.11992733599965
snow,SNOW EMERG.,null,42.37991027100048,-71.11648664399962
snow,SNOW EMERG.,null,42.364026424000485,-71.10844023899966
snow,SNOW EMERG.,null,42.366791640000486,-71.10600946299962
snow,SNOW EMERG.,null,42.36973252300049,-71.11238910899965
snow,SNOW EMERG.,null,42.37490578800049,-71.11861349599963
snow,SNOW EMERG.,null,42.3640110500005,-71.09929317099966
snow,SNOW EMERG.,null,42.35962070500045,-71.10817187599963
snow,SNOW EMERG.,null,42.366791640000486,-71.10600946299962
snow,SNOW EMERG.,null,42.361145655000485,-71.10889647499965
snow,SNOW EMERG.,null,42.36915407700047,-71.11349760299964
snow,SNOW EMERG.,null,42.366791640000486,-71.10600946299962
snow,SNOW EMERG.,null,42.364026424000485,-71.10844023899966
snow,SNOW EMERG.,null,42.38513435800047,-71.13024649599964
snow,SNOW EMERG.,null,42.37225256400046,-71.08962462899967
snow,SNOW EMERG.,null,42.36457141700049,-71.07886195599963
snow,SNOW EMERG.,null,42.373733245000494,-71.12400065299965
snow,SNOW EMERG.,null,42.368431597000495,-71.08739381199968
snow,SNOW EMERG.,null,42.369182125000464,-71.08760998699967
snow,SNOW EMERG.,null,42.37057599400049,-71.11363933399963
snow,SNOW EMERG.,null,42.366791640000486,-71.10600946299962
snow,SNOW EMERG.,null,42.366791640000486,-71.10600946299962
snow,SNOW EMERG.,null,42.377739730000485,-71.12318598899964
snow,SNOW EMERG.,null,42.366791640000486,-71.10600946299962
snow,SNOW EMERG.,null,42.36832328300045,-71.09856057499962
snow,SNOW EMERG.,null,42.36433638800048,-71.10752993599965
snow,SNOW EMERG.,null,42.366791640000486,-71.10600946299962
snow,SNOW EMERG.,null,42.362530507000486,-71.11290120699965
snow,SNOW EMERG.,null,42.377739730000485,-71.12318598899964
snow,SNOW EMERG.,null,42.362762371000485,-71.10475063299964
snow,SNOW EMERG.,null,42.3614654320005,-71.08829511699963
snow,SNOW EMERG.,null,42.37477654300045,-71.13163442099966
snow,SNOW EMERG.,null,42.366791640000486,-71.10600946299962
snow,SNOW EMERG.,null,42.366791640000486,-71.10600946299962
snow,SNOW EMERG.,null,42.3666858900005,-71.09426025899967
snow,SNOW EMERG.,null,42.3688210680005,-71.10460313999965
snow,SNOW EMERG.,null,42.379287244000466,-71.13632661099967
snow,SNOW EMERG.,null,42.38910463400049,-71.12857598499966
snow,SNOW EMERG.,null,42.3713312160005,-71.11714242299962
snow,SNOW EMERG.,null,42.373469308000494,-71.09855807399964
snow,SNOW EMERG.,null,42.366791640000486,-71.10600946299962
snow,SNOW EMERG.,null,42.3697935940005,-71.10229051099964
snow,SNOW EMERG.,null,42.36738071600047,-71.11356789299964
snow,SNOW EMERG.,null,42.37881996900046,-71.11663360099965
snow,SNOW EMERG.,null,42.370965465000495,-71.10511014499963
snow,SNOW EMERG.,null,42.374876309000456,-71.10935745499967
snow,SNOW EMERG.,null,42.36582270500048,-71.09124720599965
snow,SNOW EMERG.,null,42.382722196000486,-71.13538173999967
snow,SNOW EMERG.,null,42.366791640000486,-71.10600946299962
snow,SNOW EMERG.,null,42.36942437200048,-71.09557241999966
snow,SNOW EMERG.,null,42.36942437200048,-71.09557241999966
snow,SNOW EMERG.,null,42.373446328000455,-71.09834740199966
snow,SNOW EMERG.,null,42.36470166100048,-71.11102826399963
snow,SNOW EMERG.,null,42.38198295300049,-71.12663395499965
snow,SNOW EMERG.,null,42.38120579300045,-71.12244046299963
snow,SNOW EMERG.,null,42.366791640000486,-71.10600946299962
snow,SNOW EMERG.,null,42.37737392000048,-71.12294420499967
snow,SNOW EMERG.,null,42.366791640000486,-71.10600946299962
snow,SNOW EMERG.,null,42.36610514000046,-71.10483590099966
snow,SNOW EMERG.,null,42.366791640000486,-71.10600946299962
snow,SNOW EMERG.,null,42.372229518000495,-71.12038594399962
snow,SNOW EMERG.,null,42.37331266300049,-71.09775397699963
snow,SNOW EMERG.,null,42.36232079100046,-71.09844053899963
snow,SNOW EMERG.,null,42.37200597500049,-71.10776039299964
snow,SNOW EMERG.,null,42.37169184800047,-71.11777130399963
snow,SNOW EMERG.,null,42.36428223100046,-71.10541204199967
snow,SNOW EMERG.,null,42.3727076400005,-71.12007986899965
snow,SNOW EMERG.,null,42.37263396900045,-71.11909999799963
snow,SNOW EMERG.,null,42.362466234000465,-71.11310006599967
snow,SNOW EMERG.,null,42.366791640000486,-71.10600946299962
snow,SNOW EMERG.,null,42.36942437200048,-71.09557241999966
snow,SNOW EMERG.,null,42.368429292000485,-71.11354715199963
snow,SNOW EMERG.,null,42.38318426100045,-71.11610406499966
snow,SNOW EMERG.,null,42.37476684300049,-71.13120817599963
snow,SNOW EMERG.,null,42.36939375200046,-71.11346764399963
snow,SNOW EMERG.,null,42.366791640000486,-71.10600946299962
snow,SNOW EMERG.,null,42.37298311000046,-71.11035072199962
snow,SNOW EMERG.,null,42.366791640000486,-71.10600946299962
snow,SNOW EMERG.,null,42.363412258000494,-71.10637074099964
snow,SNOW EMERG.,null,42.39361702000048,-71.13443917299963
snow,SNOW EMERG.,null,42.38208066700048,-71.11629355499963
snow,SNOW EMERG.,null,42.37513672500046,-71.11136703499966
snow,SNOW EMERG.,null,42.38093613900048,-71.11304953699965
snow,SNOW EMERG.,null,42.363242872000455,-71.10421136399964
snow,SNOW EMERG.,null,42.366791640000486,-71.10600946299962
snow,SNOW EMERG.,null,42.366791640000486,-71.10600946299962
snow,SNOW EMERG.,null,42.37444650900045,-71.12614850599965
snow,SNOW EMERG.,null,42.39567117100046,-71.13084876099964
snow,SNOW EMERG.,null,42.37208789100049,-71.11883271499966
snow,SNOW EMERG.,null,42.37412156500045,-71.10398436499963
snow,SNOW EMERG.,null,42.39376681800047,-71.13666768599967
snow,SNOW EMERG.,null,42.366791640000486,-71.10600946299962
snow,SNOW EMERG.,null,42.37216774300049,-71.11904855499967
snow,SNOW EMERG.,null,42.36582270500048,-71.09124720599965
snow,SNOW EMERG.,null,42.36610417200046,-71.10281760799967
snow,SNOW EMERG.,null,42.361732231000474,-71.10825241599963
snow,SNOW EMERG.,null,42.37161804300047,-71.11488798999966
snow,SNOW EMERG.,null,42.36462215400047,-71.11189823699965
snow,SNOW EMERG.,null,42.366791640000486,-71.10600946299962
snow,SNOW EMERG.,null,42.36405407900048,-71.10139633999967
snow,SNOW EMERG.,null,42.366791640000486,-71.10600946299962
snow,SNOW EMERG.,null,42.365777892000494,-71.11365546599967
snow,SNOW EMERG.,null,42.35794468000046,-71.10906477599963
snow,SNOW EMERG.,null,42.38090274300049,-71.13418682399964
snow,SNOW EMERG.,null,42.366791640000486,-71.10600946299962
snow,SNOW EMERG.,null,42.3609060440005,-71.08814164199964
snow,SNOW EMERG.,null,42.366791640000486,-71.10600946299962
snow,SNOW EMERG.,null,42.3725360250005,-71.10906938499966
snow,SNOW EMERG.,null,42.37460667500045,-71.12214202199965
snow,SNOW EMERG.,null,42.395658864000495,-71.13088784099966
snow,SNOW EMERG.,null,42.36338229800049,-71.10405119799964
snow,SNOW EMERG.,null,42.38486621400045,-71.11615706499964
snow,SNOW EMERG.,null,42.36817233300047,-71.09403095499965
snow,SNOW EMERG.,null,42.36582270500048,-71.09124720599965
snow,SNOW EMERG.,null,42.357612823000466,-71.11031154499966
snow,SNOW EMERG.,null,42.36942437200048,-71.09557241999966
snow,SNOW EMERG.,null,42.36736112700049,-71.10603312199964
snow,SNOW EMERG.,null,42.368512257000475,-71.09444116699967
snow,SNOW EMERG.,null,42.361572063000494,-71.10841258399967
snow,SNOW EMERG.,null,42.37263396900045,-71.11909999799963
snow,SNOW EMERG.,null,42.36738071600047,-71.11356789299964
snow,SNOW EMERG.,null,42.37493128200049,-71.13420993099965
snow,SNOW EMERG.,null,42.36638514500049,-71.09191882199963
snow,SNOW EMERG.,null,42.38865862300048,-71.12833261199967
snow,SNOW EMERG.,null,42.399454480000486,-71.13278449599966
snow,SNOW EMERG.,null,42.3654402730005,-71.11374534399965
snow,SNOW EMERG.,null,42.37517481800046,-71.11165167399963
snow,SNOW EMERG.,null,42.366791640000486,-71.10600946299962
snow,SNOW EMERG.,null,42.366791640000486,-71.10600946299962
snow,SNOW EMERG.,null,42.37465737500048,-71.12931843299964
snow,SNOW EMERG.,null,42.36891325100049,-71.11352756299965
snow,SNOW EMERG.,null,42.37493128200049,-71.13420993099965
snow,SNOW EMERG.,null,42.36517409600049,-71.10325612299965
snow,SNOW EMERG.,null,42.38141005800048,-71.12613692399964
snow,SNOW EMERG.,null,42.36812278500048,-71.09396181799963
snow,SNOW EMERG.,null,42.36268286300049,-71.10718079499964
snow,SNOW EMERG.,null,42.36801447100049,-71.10799776299967
snow,SNOW EMERG.,null,42.366791640000486,-71.10600946299962
snow,SNOW EMERG.,null,42.3853413330005,-71.11610406499966
snow,SNOW EMERG.,null,42.366791640000486,-71.10600946299962
snow,SNOW EMERG.,null,42.3797331770005,-71.15110001599965
snow,SNOW EMERG.,null,42.366791640000486,-71.10600946299962
snow,SNOW EMERG.,null,42.366791640000486,-71.10600946299962
snow,SNOW EMERG.,null,42.384469055000466,-71.11614785199964
snow,SNOW EMERG.,null,42.37147707800045,-71.08323637899963
snow,SNOW EMERG.,null,42.37477654300045,-71.13163442099966
snow,SNOW EMERG.,null,42.37188729000047,-71.08636712799967
snow,SNOW EMERG.,null,42.37161026700045,-71.10179220299966
snow,SNOW EMERG.,null,42.37216774300049,-71.11904855499967
snow,SNOW EMERG.,null,42.372872491000464,-71.09439392299964
snow,SNOW EMERG.,null,42.38005614800045,-71.12494726599965
snow,SNOW EMERG.,null,42.3654402730005,-71.11374534399965
snow,SNOW EMERG.,null,42.366791640000486,-71.10600946299962
snow,SNOW EMERG.,null,42.36913333600046,-71.11349760299964
snow,SNOW EMERG.,null,42.36942437200048,-71.09557241999966
snow,SNOW EMERG.,null,42.36405407900048,-71.10139633999967
snow,SNOW EMERG.,null,42.36942437200048,-71.09557241999966
snow,SNOW EMERG.,null,42.37930902800048,-71.11651379199964
snow,SNOW EMERG.,null,42.36793150700049,-71.10546274299963
snow,SNOW EMERG.,null,42.36366576000046,-71.10953951499965
snow,SNOW EMERG.,null,42.35856115100046,-71.10928255699963
snow,SNOW EMERG.,null,42.373446328000455,-71.09834740199966
snow,SNOW EMERG.,null,42.362104418000456,-71.09808583399962
snow,SNOW EMERG.,null,42.372801050000476,-71.10095386399962
snow,SNOW EMERG.,null,42.37057599400049,-71.11363933399963
snow,SNOW EMERG.,null,42.3717720620005,-71.08587395199964
snow,SNOW EMERG.,null,42.371817001000466,-71.08574720099966
snow,SNOW EMERG.,null,42.37378855600048,-71.12138497299964
snow,SNOW EMERG.,null,42.38270376000048,-71.11964733099967
snow,SNOW EMERG.,null,42.366791640000486,-71.10600946299962
snow,SNOW EMERG.,null,42.366791640000486,-71.10600946299962
snow,SNOW EMERG.,null,42.36341484600047,-71.10040132099965
snow,SNOW EMERG.,null,42.37298195800048,-71.09524430799962
snow,SNOW EMERG.,null,42.38886270600045,-71.12844039399965
snow,SNOW EMERG.,null,42.389704150000455,-71.13268030099965
snow,SNOW EMERG.,null,42.379243328000484,-71.11659402399965
snow,SNOW EMERG.,null,42.3614654320005,-71.08829511699963
snow,SNOW EMERG.,null,42.37984264400046,-71.15140652299965
snow,SNOW EMERG.,null,42.36416354500045,-71.10170515099963
snow,SNOW EMERG.,null,42.366791640000486,-71.10600946299962
snow,SNOW EMERG.,null,42.366791640000486,-71.10600946299962
snow,SNOW EMERG.,null,42.362104418000456,-71.09808583399962
snow,SNOW EMERG.,null,42.36772294400049,-71.09702112599967
snow,SNOW EMERG.,null,42.369482478000464,-71.11166086699967
snow,SNOW EMERG.,null,42.36772294400049,-71.09702112599967
snow,SNOW EMERG.,null,42.38944280400045,-71.12875579099966
snow,SNOW EMERG.,null,42.36428223100046,-71.10541204199967
snow,SNOW EMERG.,null,42.366791640000486,-71.10600946299962
snow,SNOW EMERG.,null,42.3626943860005,-71.11364739999965
snow,SNOW EMERG.,null,42.375468656000464,-71.11429872199966
snow,SNOW EMERG.,null,42.37633992800045,-71.11560835899962
snow,SNOW EMERG.,null,42.36582270500048,-71.09124720599965
snow,SNOW EMERG.,null,42.36366576000046,-71.10953951499965
snow,SNOW EMERG.,null,42.36812278500048,-71.09396181799963
snow,SNOW EMERG.,null,42.364026424000485,-71.10844023899966
snow,SNOW EMERG.,null,42.389691196000456,-71.12022808199964
snow,SNOW EMERG.,null,42.40044544300048,-71.13485975599963
snow,SNOW EMERG.,null,42.3666858900005,-71.09426025899967
snow,SNOW EMERG.,null,42.366791640000486,-71.10600946299962
snow,SNOW EMERG.,null,42.36815620100049,-71.09408972099965
snow,SNOW EMERG.,null,42.37171329500046,-71.09835201099963
snow,SNOW EMERG.,null,42.36428223100046,-71.10541204199967
snow,SNOW EMERG.,null,42.36915407700047,-71.11349760299964
snow,SNOW EMERG.,null,42.36880263100045,-71.10983104299964
snow,SNOW EMERG.,null,42.366791640000486,-71.10600946299962
snow,SNOW EMERG.,null,42.357942376000494,-71.10994166199964
snow,SNOW EMERG.,null,42.366791640000486,-71.10600946299962
snow,SNOW EMERG.,null,42.3666858900005,-71.09426025899967
snow,SNOW EMERG.,null,42.371544713000446,-71.11580820599966
snow,SNOW EMERG.,null,42.35923177900048,-71.10859118699966
snow,SNOW EMERG.,null,42.3660325460005,-71.11360707099965
snow,SNOW EMERG.,null,42.37333779700049,-71.11853639599963
snow,SNOW EMERG.,null,42.366791640000486,-71.10600946299962
snow,SNOW EMERG.,null,42.38913579700045,-71.12851068299966
snow,SNOW EMERG.,null,42.37053335900049,-71.11349184199963
snow,SNOW EMERG.,null,42.366791640000486,-71.10600946299962
snow,SNOW EMERG.,null,42.366791640000486,-71.10600946299962
snow,SNOW EMERG.,null,42.366791640000486,-71.10600946299962
snow,SNOW EMERG.,null,42.370965465000495,-71.10511014499963
snow,SNOW EMERG.,null,42.38913579700045,-71.12851068299966
snow,SNOW EMERG.,null,42.37777890700045,-71.12329545599965
snow,SNOW EMERG.,null,42.36349176500045,-71.10393135999965
snow,SNOW EMERG.,null,42.36349176500045,-71.10393135999965
snow,SNOW EMERG.,null,42.37487170000048,-71.13370286499963
snow,SNOW EMERG.,null,42.366791640000486,-71.10600946299962
snow,SNOW EMERG.,null,42.37390228100048,-71.10184791399962
snow,SNOW EMERG.,null,42.37160267700045,-71.08455458899965
snow,SNOW EMERG.,null,42.36942437200048,-71.09557241999966
snow,SNOW EMERG.,null,42.37196334100048,-71.10780072199964
snow,SNOW EMERG.,null,42.366791640000486,-71.10600946299962
snow,SNOW EMERG.,null,42.362142443000494,-71.10779150399964
snow,SNOW EMERG.,null,42.37043656700047,-71.11422123699964
snow,SNOW EMERG.,null,42.37991027100048,-71.11648664399962
snow,SNOW EMERG.,null,42.359282479000456,-71.10853126899963
snow,SNOW EMERG.,null,42.363412258000494,-71.10637074099964
snow,SNOW EMERG.,null,42.365724887000454,-71.10207503399965
snow,SNOW EMERG.,null,42.395288981000476,-71.13088784099966
snow,SNOW EMERG.,null,42.3640110500005,-71.09929317099966
snow,SNOW EMERG.,null,42.37199560500045,-71.10773043299963
snow,SNOW EMERG.,null,42.36301241600046,-71.10447062799966
snow,SNOW EMERG.,null,42.3666858900005,-71.09426025899967
snow,SNOW EMERG.,null,42.366791640000486,-71.10600946299962
snow,SNOW EMERG.,null,42.371402179000484,-71.08301398799966
snow,SNOW EMERG.,null,42.37159691500045,-71.08406717299965
snow,SNOW EMERG.,null,42.38318426100045,-71.11610406499966
snow,SNOW EMERG.,null,42.366791640000486,-71.10600946299962
snow,SNOW EMERG.,null,42.366791640000486,-71.10600946299962
snow,SNOW EMERG.,null,42.36416058600048,-71.08083170999964
snow,SNOW EMERG.,null,42.366791640000486,-71.10600946299962
snow,SNOW EMERG.,null,42.37195181800047,-71.08731430399962
snow,SNOW EMERG.,null,42.363400680000495,-71.10638701999966
snow,SNOW EMERG.,null,42.366791640000486,-71.10600946299962
snow,SNOW EMERG.,null,42.37138720000047,-71.08242747599962
snow,SNOW EMERG.,null,42.366791640000486,-71.10600946299962
snow,SNOW EMERG.,null,42.36401845300048,-71.07988813299966
snow,SNOW EMERG.,null,42.36942437200048,-71.09557241999966
snow,SNOW EMERG.,null,42.366791640000486,-71.10600946299962
snow,SNOW EMERG.,null,42.366791640000486,-71.10600946299962
snow,SNOW EMERG.,null,42.383172738000496,-71.11959778399967
snow,SNOW EMERG.,null,42.37216774300049,-71.11904855499967
snow,SNOW EMERG.,null,42.366791640000486,-71.10600946299962
snow,SNOW EMERG.,null,42.37991027100048,-71.11648664399962
snow,SNOW EMERG.,null,42.366791640000486,-71.10600946299962
snow,SNOW EMERG.,null,42.366791640000486,-71.10600946299962
snow,SNOW EMERG.,null,42.3658567490005,-71.10598676799964
snow,SNOW EMERG.,null,42.3710726270005,-71.11457153099963
snow,SNOW EMERG.,null,42.365670426000065,-71.10197993599996
snow,SNOW EMERG.,null,42.36530164000004,-71.10136090199995
snow,SNOW EMERG.,null,42.37173288500003,-71.10721075399994
snow,SNOW EMERG.,null,42.36808769600003,-71.10527375399994
snow,SNOW EMERG.,null,42.36557509000005,-71.10183535899995
snow,SNOW EMERG.,null,42.36989614700008,-71.10239997699995
snow,SNOW EMERG.,null,42.374092758000074,-71.11317035599996
snow,SNOW EMERG.,null,42.37924332800003,-71.11659402399994
snow,SNOW EMERG.,null,42.364055231000066,-71.11376493299997
snow,SNOW EMERG.,null,42.37357653500004,-71.09939713099993
snow,SNOW EMERG.,null,42.362694386000044,-71.11364739999993
snow,SNOW EMERG.,null,42.36908609300008,-71.11043138199994
snow,SNOW EMERG.,null,42.362694386000044,-71.11364739999993
snow,SNOW EMERG.,null,42.39283727600008,-71.12506986799997
snow,SNOW EMERG.,null,42.38534133300004,-71.11610406499994
snow,SNOW EMERG.,null,42.36557509000005,-71.10183535899995
snow,SNOW EMERG.,null,42.36530164000004,-71.10136090199995
snow,SNOW EMERG.,null,42.371913679000045,-71.09860021599997
snow,SNOW EMERG.,null,42.36116133500008,-71.10661690199998
snow,SNOW EMERG.,null,42.37519664400003,-71.11186712499995
snow,SNOW EMERG.,null,42.38391250300003,-71.11604414599998
snow,SNOW EMERG.,null,42.37519664400003,-71.11186712499995
snow,SNOW EMERG.,null,42.37357653500004,-71.09939713099993
snow,SNOW EMERG.,null,42.36108464800003,-71.11332360899996
snow,SNOW EMERG.,null,42.367716030000054,-71.09685980699999
snow,SNOW EMERG.,null,42.365165604000026,-71.10445308299995
snow,SNOW EMERG.,null,42.37881997000005,-71.11663360099993
snow,SNOW EMERG.,null,42.35770615800004,-71.11012026599997
snow,SNOW EMERG.,null,42.36516028700004,-71.10519355899999
snow,SNOW EMERG.,null,42.36851571400007,-71.09454026299994
snow,SNOW EMERG.,null,42.36875538800007,-71.09951005499994
snow,SNOW EMERG.,null,42.37879752400005,-71.12401217499996
snow,SNOW EMERG.,null,42.38070141500003,-71.15361834599997
snow,SNOW EMERG.,null,42.36679362800004,-71.10600609899996
snow,SNOW EMERG.,null,42.37195535700005,-71.11846167099998
snow,SNOW EMERG.,null,42.36802952200003,-71.10813757999995
snow,SNOW EMERG.,null,42.36948363000005,-71.10151156799998
snow,SNOW EMERG.,null,42.36679362800004,-71.10600609899996
snow,SNOW EMERG.,null,42.361732231000076,-71.10825241699996
snow,SNOW EMERG.,null,42.38548767300006,-71.11617781099994
snow,SNOW EMERG.,null,42.36743256900007,-71.09630094999994
snow,SNOW EMERG.,null,42.36679362800004,-71.10600609899996
snow,SNOW EMERG.,null,42.356702521000045,-71.11128176599993
snow,SNOW EMERG.,null,42.40066552900004,-71.13533910499996
snow,SNOW EMERG.,null,42.365724887000056,-71.10207503399994
snow,SNOW EMERG.,null,42.377198339000074,-71.11144704699996
snow,SNOW EMERG.,null,42.389716547000035,-71.12033985299996
snow,SNOW EMERG.,null,42.36679362800004,-71.10600609899996
snow,SNOW EMERG.,null,42.37487630900006,-71.13281906499998
snow,SNOW EMERG.,null,42.36679362800004,-71.10600609899996
snow,SNOW EMERG.,null,42.36679362800004,-71.10600609899996
snow,SNOW EMERG.,null,42.377198339000074,-71.11144704699996
snow,SNOW EMERG.,null,42.366534941000054,-71.10353612699998
snow,SNOW EMERG.,null,42.36361621100008,-71.10369975099997
snow,SNOW EMERG.,null,42.38243297300005,-71.11967729099996
snow,SNOW EMERG.,null,42.36679362800004,-71.10600609899996
snow,SNOW EMERG.,null,42.35631189700007,-71.11170234899998
snow,SNOW EMERG.,null,42.365357052000036,-71.10151208899998
snow,SNOW EMERG.,null,42.365165604000026,-71.10445308299995
snow,SNOW EMERG.,null,42.36993899300006,-71.10383586099994
snow,SNOW EMERG.,null,42.36983277200005,-71.10366979199995
snow,SNOW EMERG.,null,42.366534941000054,-71.10353612699998
snow,SNOW EMERG.,null,42.36340649600004,-71.10394057799994
snow,SNOW EMERG.,null,42.36267587900005,-71.08418066999997
snow,SNOW EMERG.,null,42.358964652000054,-71.09347506199998
snow,SNOW EMERG.,null,42.36679362800004,-71.10600609899996
snow,SNOW EMERG.,null,42.377198339000074,-71.11144704699996
snow,SNOW EMERG.,null,42.37487170000003,-71.13370286499998
snow,SNOW EMERG.,null,42.374092758000074,-71.11317035599996
snow,SNOW EMERG.,null,42.36679362800004,-71.10600609899996
snow,SNOW EMERG.,null,42.369424372000026,-71.09557241999994
snow,SNOW EMERG.,null,42.364122063000025,-71.10558142799994
snow,SNOW EMERG.,null,42.37267545100008,-71.12032948299998
snow,SNOW EMERG.,null,42.374092758000074,-71.11317035599996
snow,SNOW EMERG.,null,42.36430412400006,-71.10196441499994
snow,SNOW EMERG.,null,42.36679362800004,-71.10600609899996
snow,SNOW EMERG.,null,42.36679362800004,-71.10600609899996
snow,SNOW EMERG.,null,42.36679362800004,-71.10600609899996
snow,SNOW EMERG.,null,42.36679362800004,-71.10600609899996
snow,SNOW EMERG.,null,42.36679362800004,-71.10600609899996
snow,SNOW EMERG.,null,42.36679362800004,-71.10600609899996
snow,SNOW EMERG.,null,42.36679362800004,-71.10600609899996
snow,SNOW EMERG.,null,42.36679362800004,-71.10600609899996
snow,SNOW EMERG.,null,42.36679362800004,-71.10600609899996
snow,SNOW EMERG.,null,42.36679362800004,-71.10600609899996
snow,SNOW EMERG.,null,42.36679362800004,-71.10600609899996
snow,SNOW EMERG.,null,42.36679362800004,-71.10600609899996
snow,SNOW EMERG.,null,42.36679362800004,-71.10600609899996
snow,SNOW EMERG.,null,42.36679362800004,-71.10600609899996
snow,SNOW EMERG.,null,42.36679362800004,-71.10600609899996
snow,SNOW EMERG.,null,42.36679362800004,-71.10600609899996
snow,SNOW EMERG.,null,42.36679362800004,-71.10600609899996
snow,SNOW EMERG.,null,42.36679362800004,-71.10600609899996
snow,SNOW EMERG.,null,42.36679362800004,-71.10600609899996
snow,SNOW EMERG.,null,42.36679362800004,-71.10600609899996
snow,SNOW EMERG.,null,42.36679362800004,-71.10600609899996
snow,SNOW EMERG.,null,42.36679362800004,-71.10600609899996
snow,SNOW EMERG.,null,42.36679362800004,-71.10600609899996
snow,SNOW EMERG.,null,42.36679362800004,-71.10600609899996
snow,SNOW EMERG.,null,42.36679362800004,-71.10600609899996
snow,SNOW EMERG.,null,42.36679362800004,-71.10600609899996
snow,SNOW EMERG.,null,42.36679362800004,-71.10600609899996
snow,SNOW EMERG.,null,42.36679362800004,-71.10600609899996
snow,SNOW EMERG.,null,42.36679362800004,-71.10600609899996
snow,SNOW EMERG.,null,42.36679362800004,-71.10600609899996
snow,SNOW EMERG.,null,42.36679362800004,-71.10600609899996
snow,SNOW EMERG.,null,42.36679362800004,-71.10600609899996
snow,SNOW EMERG.,null,42.36679362800004,-71.10600609899996
snow,SNOW EMERG.,null,42.36679362800004,-71.10600609899996
snow,SNOW EMERG.,null,42.36679362800004,-71.10600609899996
snow,SNOW EMERG.,null,42.36679362800004,-71.10600609899996
snow,SNOW EMERG.,null,42.36679362800004,-71.10600609899996
snow,SNOW EMERG.,null,42.36679362800004,-71.10600609899996
snow,SNOW EMERG.,null,42.36679362800004,-71.10600609899996
snow,SNOW EMERG.,null,42.36679362800004,-71.10600609899996
snow,SNOW EMERG.,null,42.36679362800004,-71.10600609899996
snow,SNOW EMERG.,null,42.36679362800004,-71.10600609899996
snow,SNOW EMERG.,null,42.36679362800004,-71.10600609899996
snow,SNOW EMERG.,null,42.36679362800004,-71.10600609899996
snow,SNOW EMERG.,null,42.36679362800004,-71.10600609899996
snow,SNOW EMERG.,null,42.36679362800004,-71.10600609899996
snow,SNOW EMERG.,null,42.36679362800004,-71.10600609899996
snow,SNOW EMERG.,null,42.36679362800004,-71.10600609899996
snow,SNOW EMERG.,null,42.36679362800004,-71.10600609899996
snow,SNOW EMERG.,null,42.36679362800004,-71.10600609899996
snow,SNOW EMERG.,null,42.36679362800004,-71.10600609899996
snow,SNOW EMERG.,null,42.36679362800004,-71.10600609899996
snow,SNOW EMERG.,null,42.36679362800004,-71.10600609899996
snow,SNOW EMERG.,null,42.36679362800004,-71.10600609899996
snow,SNOW EMERG.,null,42.36679362800004,-71.10600609899996
snow,SNOW EMERG.,null,42.36679362800004,-71.10600609899996
snow,SNOW EMERG.,null,42.36679362800004,-71.10600609899996
snow,SNOW EMERG.,null,42.36679362800004,-71.10600609899996
snow,SNOW EMERG.,null,42.36679362800004,-71.10600609899996
snow,SNOW EMERG.,null,42.36679362800004,-71.10600609899996
snow,SNOW EMERG.,null,42.36679362800004,-71.10600609899996
snow,SNOW EMERG.,null,42.36679362800004,-71.10600609899996
snow,SNOW EMERG.,null,42.36679362800004,-71.10600609899996
snow,SNOW EMERG.,null,42.36679362800004,-71.10600609899996
snow,SNOW EMERG.,null,42.36679362800004,-71.10600609899996
snow,SNOW EMERG.,null,42.36679362800004,-71.10600609899996
snow,SNOW EMERG.,null,42.36679362800004,-71.10600609899996
snow,SNOW EMERG.,null,42.36679362800004,-71.10600609899996
snow,SNOW EMERG.,null,42.36679362800004,-71.10600609899996
snow,SNOW EMERG.,null,42.36679362800004,-71.10600609899996
snow,SNOW EMERG.,null,42.36679362800004,-71.10600609899996
snow,SNOW EMERG.,null,42.36679362800004,-71.10600609899996
snow,SNOW EMERG.,null,42.36679362800004,-71.10600609899996
snow,SNOW EMERG.,null,42.36679362800004,-71.10600609899996
snow,SNOW EMERG.,null,42.36679362800004,-71.10600609899996
snow,SNOW EMERG.,null,42.36679362800004,-71.10600609899996
snow,SNOW EMERG.,null,42.36679362800004,-71.10600609899996
snow,SNOW EMERG.,null,42.36679362800004,-71.10600609899996
snow,SNOW EMERG.,null,42.36679362800004,-71.10600609899996
snow,SNOW EMERG.,null,42.36679362800004,-71.10600609899996
snow,SNOW EMERG.,null,42.36679362800004,-71.10600609899996
snow,SNOW EMERG.,null,42.36679362800004,-71.10600609899996
snow,SNOW EMERG.,null,42.36679362800004,-71.10600609899996
snow,SNOW EMERG.,null,42.36679362800004,-71.10600609899996
snow,SNOW EMERG.,null,42.36679362800004,-71.10600609899996
snow,SNOW EMERG.,null,42.36679362800004,-71.10600609899996
snow,SNOW EMERG.,null,42.36679362800004,-71.10600609899996
snow,SNOW EMERG.,null,42.36679362800004,-71.10600609899996
snow,SNOW EMERG.,null,42.36679362800004,-71.10600609899996
snow,SNOW EMERG.,null,42.36679362800004,-71.10600609899996
snow,SNOW EMERG.,null,42.36679362800004,-71.10600609899996
snow,SNOW EMERG.,null,42.36679362800004,-71.10600609899996
snow,SNOW EMERG.,null,42.36679362800004,-71.10600609899996
snow,SNOW EMERG.,null,42.36679362800004,-71.10600609899996
snow,SNOW EMERG.,null,42.36679362800004,-71.10600609899996
snow,SNOW EMERG.,null,42.36679362800004,-71.10600609899996
snow,SNOW EMERG.,null,42.36679362800004,-71.10600609899996
snow,SNOW EMERG.,null,42.36679362800004,-71.10600609899996
snow,SNOW EMERG.,null,42.36679362800004,-71.10600609899996
snow,SNOW EMERG.,null,42.36679362800004,-71.10600609899996
snow,SNOW EMERG.,null,42.36679362800004,-71.10600609899996
snow,SNOW EMERG.,null,42.36679362800004,-71.10600609899996
snow,SNOW EMERG.,null,42.36679362800004,-71.10600609899996
snow,SNOW EMERG.,null,42.36679362800004,-71.10600609899996
snow,SNOW EMERG.,null,42.36679362800004,-71.10600609899996
snow,SNOW EMERG.,null,42.36679362800004,-71.10600609899996
snow,SNOW EMERG.,null,42.36679362800004,-71.10600609899996
snow,SNOW EMERG.,null,42.36679362800004,-71.10600609899996
snow,SNOW EMERG.,null,42.36679362800004,-71.10600609899996
snow,SNOW EMERG.,null,42.36679362800004,-71.10600609899996
snow,SNOW EMERG.,null,42.36679362800004,-71.10600609899996
snow,SNOW EMERG.,null,42.36679362800004,-71.10600609899996
snow,SNOW EMERG.,null,42.36679362800004,-71.10600609899996
snow,SNOW EMERG.,null,42.36679362800004,-71.10600609899996
snow,SNOW EMERG.,null,42.36679362800004,-71.10600609899996
snow,SNOW EMERG.,null,42.36679362800004,-71.10600609899996
snow,SNOW EMERG.,null,42.36679362800004,-71.10600609899996
snow,SNOW EMERG.,null,42.36679362800004,-71.10600609899996
snow,SNOW EMERG.,null,42.36679362800004,-71.10600609899996
snow,SNOW EMERG.,null,42.36679362800004,-71.10600609899996
snow,SNOW EMERG.,null,42.36679362800004,-71.10600609899996
snow,SNOW EMERG.,null,42.36679362800004,-71.10600609899996
snow,SNOW EMERG.,null,42.36679362800004,-71.10600609899996
snow,SNOW EMERG.,null,42.36679362800004,-71.10600609899996
snow,SNOW EMERG.,null,42.36679362800004,-71.10600609899996
snow,SNOW EMERG.,null,42.36679362800004,-71.10600609899996
snow,SNOW EMERG.,null,42.36679362800004,-71.10600609899996
snow,SNOW EMERG.,null,42.36679362800004,-71.10600609899996
snow,SNOW EMERG.,null,42.36679362800004,-71.10600609899996
snow,SNOW EMERG.,null,42.36679362800004,-71.10600609899996
snow,SNOW EMERG.,null,42.36679362800004,-71.10600609899996
snow,SNOW EMERG.,null,42.36679362800004,-71.10600609899996
snow,SNOW EMERG.,null,42.36679362800004,-71.10600609899996
snow,SNOW EMERG.,null,42.36679362800004,-71.10600609899996
snow,SNOW EMERG.,null,42.36679362800004,-71.10600609899996
snow,SNOW EMERG.,null,42.36679362800004,-71.10600609899996
snow,SNOW EMERG.,null,42.36679362800004,-71.10600609899996
snow,SNOW EMERG.,null,42.36679362800004,-71.10600609899996
snow,SNOW EMERG.,null,42.36679362800004,-71.10600609899996
snow,SNOW EMERG.,null,42.36679362800004,-71.10600609899996
snow,SNOW EMERG.,null,42.36679362800004,-71.10600609899996
snow,SNOW EMERG.,null,42.36679362800004,-71.10600609899996
snow,SNOW EMERG.,null,42.36679362800004,-71.10600609899996
snow,SNOW EMERG.,null,42.36679362800004,-71.10600609899996
snow,SNOW EMERG.,null,42.36679362800004,-71.10600609899996
snow,SNOW EMERG.,null,42.36679362800004,-71.10600609899996
snow,SNOW EMERG.,null,42.36679362800004,-71.10600609899996
snow,SNOW EMERG.,null,42.36679362800004,-71.10600609899996
snow,SNOW EMERG.,null,42.36679362800004,-71.10600609899996
snow,SNOW EMERG.,null,42.36679362800004,-71.10600609899996
snow,SNOW EMERG.,null,42.36679362800004,-71.10600609899996
snow,SNOW EMERG.,null,42.36679362800004,-71.10600609899996
snow,SNOW EMERG.,null,42.36679362800004,-71.10600609899996
snow,SNOW EMERG.,null,42.36679362800004,-71.10600609899996
snow,SNOW EMERG.,null,42.36679362800004,-71.10600609899996
snow,SNOW EMERG.,null,42.36679362800004,-71.10600609899996
snow,SNOW EMERG.,null,42.36679362800004,-71.10600609899996
snow,SNOW EMERG.,null,42.36679362800004,-71.10600609899996
snow,SNOW EMERG.,null,42.36679362800004,-71.10600609899996
snow,SNOW EMERG.,null,42.36679362800004,-71.10600609899996
snow,SNOW EMERG.,null,42.36679362800004,-71.10600609899996
snow,SNOW EMERG.,null,42.36679362800004,-71.10600609899996
snow,SNOW EMERG.,null,42.36679362800004,-71.10600609899996
snow,SNOW EMERG.,null,42.36679362800004,-71.10600609899996
snow,SNOW EMERG.,null,42.36679362800004,-71.10600609899996
snow,SNOW EMERG.,null,42.36679362800004,-71.10600609899996
snow,SNOW EMERG.,null,42.36679362800004,-71.10600609899996
snow,SNOW EMERG.,null,42.36679362800004,-71.10600609899996
snow,SNOW EMERG.,null,42.36679362800004,-71.10600609899996
snow,SNOW EMERG.,null,42.36679362800004,-71.10600609899996
snow,SNOW EMERG.,null,42.36679362800004,-71.10600609899996
snow,SNOW EMERG.,null,42.36679362800004,-71.10600609899996
snow,SNOW EMERG.,null,42.36679362800004,-71.10600609899996
snow,SNOW EMERG.,null,42.36679362800004,-71.10600609899996
snow,SNOW EMERG.,null,42.36679362800004,-71.10600609899996
snow,SNOW EMERG.,null,42.36679362800004,-71.10600609899996
snow,SNOW EMERG.,null,42.36679362800004,-71.10600609899996
snow,SNOW EMERG.,null,42.36679362800004,-71.10600609899996
snow,SNOW EMERG.,null,42.36679362800004,-71.10600609899996
snow,SNOW EMERG.,null,42.36679362800004,-71.10600609899996
snow,SNOW EMERG.,null,42.36679362800004,-71.10600609899996
snow,SNOW EMERG.,null,42.36679362800004,-71.10600609899996
snow,SNOW EMERG.,null,42.36679362800004,-71.10600609899996
snow,SNOW EMERG.,null,42.36679362800004,-71.10600609899996
snow,SNOW EMERG.,null,42.36679362800004,-71.10600609899996
snow,SNOW EMERG.,null,42.36679362800004,-71.10600609899996
snow,SNOW EMERG.,null,42.36679362800004,-71.10600609899996
snow,SNOW EMERG.,null,42.36679362800004,-71.10600609899996
snow,SNOW EMERG.,null,42.36679362800004,-71.10600609899996
snow,SNOW EMERG.,null,42.36679362800004,-71.10600609899996
snow,SNOW EMERG.,null,42.36679362800004,-71.10600609899996
snow,SNOW EMERG.,null,42.36679362800004,-71.10600609899996
snow,SNOW EMERG.,null,42.36679362800004,-71.10600609899996
snow,SNOW EMERG.,null,42.36679362800004,-71.10600609899996
snow,SNOW EMERG.,null,42.36679362800004,-71.10600609899996
snow,SNOW EMERG.,null,42.36679362800004,-71.10600609899996
snow,SNOW EMERG.,null,42.36679362800004,-71.10600609899996
snow,SNOW EMERG.,null,42.36679362800004,-71.10600609899996
snow,SNOW EMERG.,null,42.36679362800004,-71.10600609899996
snow,SNOW EMERG.,null,42.36679362800004,-71.10600609899996
snow,SNOW EMERG.,null,42.36679362800004,-71.10600609899996
snow,SNOW EMERG.,null,42.36679362800004,-71.10600609899996
snow,SNOW EMERG.,null,42.36679362800004,-71.10600609899996
snow,SNOW EMERG.,null,42.36679362800004,-71.10600609899996
snow,SNOW EMERG.,null,42.36679362800004,-71.10600609899996
snow,SNOW EMERG.,null,42.36679362800004,-71.10600609899996
snow,SNOW EMERG.,null,42.36679362800004,-71.10600609899996
snow,SNOW EMERG.,null,42.36679362800004,-71.10600609899996
snow,SNOW EMERG.,null,42.36679362800004,-71.10600609899996
snow,SNOW EMERG.,null,42.36679362800004,-71.10600609899996
snow,SNOW EMERG.,null,42.36679362800004,-71.10600609899996
snow,SNOW EMERG.,null,42.36679362800004,-71.10600609899996
snow,SNOW EMERG.,null,42.36679362800004,-71.10600609899996
snow,SNOW EMERG.,null,42.36679362800004,-71.10600609899996
snow,SNOW EMERG.,null,42.36679362800004,-71.10600609899996
snow,SNOW EMERG.,null,42.36679362800004,-71.10600609899996
snow,SNOW EMERG.,null,42.36679362800004,-71.10600609899996
snow,SNOW EMERG.,null,42.36679362800004,-71.10600609899996
snow,SNOW EMERG.,null,42.36679362800004,-71.10600609899996
snow,SNOW EMERG.,null,42.36679362800004,-71.10600609899996
snow,SNOW EMERG.,null,42.36679362800004,-71.10600609899996
snow,SNOW EMERG.,null,42.36679362800004,-71.10600609899996
snow,SNOW EMERG.,null,42.36679362800004,-71.10600609899996
snow,SNOW EMERG.,null,42.36679362800004,-71.10600609899996
snow,SNOW EMERG.,null,42.36679362800004,-71.10600609899996
snow,SNOW EMERG.,null,42.36679362800004,-71.10600609899996
snow,SNOW EMERG.,null,42.36679362800004,-71.10600609899996
snow,SNOW EMERG.,null,42.36679362800004,-71.10600609899996
snow,SNOW EMERG.,null,42.36679362800004,-71.10600609899996
snow,SNOW EMERG.,null,42.36679362800004,-71.10600609899996
snow,SNOW EMERG.,null,42.36679362800004,-71.10600609899996
snow,SNOW EMERG.,null,42.36679362800004,-71.10600609899996
snow,SNOW EMERG.,null,42.36679362800004,-71.10600609899996
snow,SNOW EMERG.,null,42.36679362800004,-71.10600609899996
snow,SNOW EMERG.,null,42.36679362800004,-71.10600609899996
snow,SNOW EMERG.,null,42.36679362800004,-71.10600609899996
snow,SNOW EMERG.,null,42.36679362800004,-71.10600609899996
snow,SNOW EMERG.,null,42.36679362800004,-71.10600609899996
snow,SNOW EMERG.,null,42.36679362800004,-71.10600609899996
snow,SNOW EMERG.,null,42.36679362800004,-71.10600609899996
snow,SNOW EMERG.,null,42.36679362800004,-71.10600609899996
snow,SNOW EMERG.,null,42.36679362800004,-71.10600609899996
snow,SNOW EMERG.,null,42.36679362800004,-71.10600609899996
snow,SNOW EMERG.,null,42.36679362800004,-71.10600609899996
snow,SNOW EMERG.,null,42.36679362800004,-71.10600609899996
snow,SNOW EMERG.,null,42.36679362800004,-71.10600609899996
snow,SNOW EMERG.,null,42.36679362800004,-71.10600609899996
snow,SNOW EMERG.,null,42.36679362800004,-71.10600609899996
snow,SNOW EMERG.,null,42.36679362800004,-71.10600609899996
snow,SNOW EMERG.,null,42.36679362800004,-71.10600609899996
snow,SNOW EMERG.,null,42.36679362800004,-71.10600609899996
snow,SNOW EMERG.,null,42.36679362800004,-71.10600609899996
snow,SNOW EMERG.,null,42.36679362800004,-71.10600609899996
snow,SNOW EMERG.,null,42.36679362800004,-71.10600609899996
snow,SNOW EMERG.,null,42.36679362800004,-71.10600609899996
snow,SNOW EMERG.,null,42.36679362800004,-71.10600609899996
snow,SNOW EMERG.,null,42.36679362800004,-71.10600609899996
snow,SNOW EMERG.,null,42.36679362800004,-71.10600609899996
snow,SNOW EMERG.,null,42.36679362800004,-71.10600609899996
snow,SNOW EMERG.,null,42.36679362800004,-71.10600609899996
snow,SNOW EMERG.,null,42.36679362800004,-71.10600609899996
snow,SNOW EMERG.,null,42.36679362800004,-71.10600609899996
snow,SNOW EMERG.,null,42.36679362800004,-71.10600609899996
snow,SNOW EMERG.,null,42.36679362800004,-71.10600609899996
snow,SNOW EMERG.,null,42.36679362800004,-71.10600609899996
snow,SNOW EMERG.,null,42.36679362800004,-71.10600609899996
snow,SNOW EMERG.,null,42.36679362800004,-71.10600609899996
snow,SNOW EMERG.,null,42.36679362800004,-71.10600609899996
snow,SNOW EMERG.,null,42.36679362800004,-71.10600609899996
snow,SNOW EMERG.,null,42.36679362800004,-71.10600609899996
snow,SNOW EMERG.,null,42.36679362800004,-71.10600609899996
snow,SNOW EMERG.,null,42.36679362800004,-71.10600609899996
snow,SNOW EMERG.,null,42.36679362800004,-71.10600609899996
snow,SNOW EMERG.,null,42.36679362800004,-71.10600609899996
snow,SNOW EMERG.,null,42.36679362800004,-71.10600609899996
snow,SNOW EMERG.,null,42.36679362800004,-71.10600609899996
snow,SNOW EMERG.,null,42.36679362800004,-71.10600609899996
snow,SNOW EMERG.,null,42.36679362800004,-71.10600609899996
snow,SNOW EMERG.,null,42.36679362800004,-71.10600609899996
snow,SNOW EMERG.,null,42.36679362800004,-71.10600609899996
snow,SNOW EMERG.,null,42.36679362800004,-71.10600609899996
snow,SNOW EMERG.,null,42.36679362800004,-71.10600609899996
snow,SNOW EMERG.,null,42.36679362800004,-71.10600609899996
snow,SNOW EMERG.,null,42.36679362800004,-71.10600609899996
snow,SNOW EMERG.,null,42.36679362800004,-71.10600609899996
snow,SNOW EMERG.,null,42.36679362800004,-71.10600609899996
snow,SNOW EMERG.,null,42.36679362800004,-71.10600609899996
snow,SNOW EMERG.,null,42.36679362800004,-71.10600609899996
snow,SNOW EMERG.,null,42.36679362800004,-71.10600609899996
snow,SNOW EMERG.,null,42.36679362800004,-71.10600609899996
snow,SNOW EMERG.,null,42.36679362800004,-71.10600609899996
snow,SNOW EMERG.,null,42.36679362800004,-71.10600609899996
snow,SNOW EMERG.,null,42.36679362800004,-71.10600609899996
snow,SNOW EMERG.,null,42.36679362800004,-71.10600609899996
snow,SNOW EMERG.,null,42.36679362800004,-71.10600609899996
snow,SNOW EMERG.,null,42.36679362800004,-71.10600609899996
snow,SNOW EMERG.,null,42.36679362800004,-71.10600609899996
snow,SNOW EMERG.,null,42.36679362800004,-71.10600609899996
snow,SNOW EMERG.,null,42.36679362800004,-71.10600609899996
snow,SNOW EMERG.,null,42.36679362800004,-71.10600609899996
snow,SNOW EMERG.,null,42.36679362800004,-71.10600609899996
snow,SNOW EMERG.,null,42.36679362800004,-71.10600609899996
snow,SNOW EMERG.,null,42.36679362800004,-71.10600609899996
snow,SNOW EMERG.,null,42.36679362800004,-71.10600609899996
snow,SNOW EMERG.,null,42.36679362800004,-71.10600609899996
snow,SNOW EMERG.,null,42.36679362800004,-71.10600609899996
snow,SNOW EMERG.,null,42.36679362800004,-71.10600609899996
snow,SNOW EMERG.,null,42.36679362800004,-71.10600609899996
snow,SNOW EMERG.,null,42.36679362800004,-71.10600609899996
snow,SNOW EMERG.,null,42.36679362800004,-71.10600609899996
snow,SNOW EMERG.,null,42.36679362800004,-71.10600609899996
snow,SNOW EMERG.,null,42.36679362800004,-71.10600609899996
snow,SNOW EMERG.,null,42.36679362800004,-71.10600609899996
snow,SNOW EMERG.,null,42.36679362800004,-71.10600609899996
snow,SNOW EMERG.,null,42.36679362800004,-71.10600609899996
snow,SNOW EMERG.,null,42.36679362800004,-71.10600609899996
snow,SNOW EMERG.,null,42.36679362800004,-71.10600609899996
snow,SNOW EMERG.,null,42.36679362800004,-71.10600609899996
snow,SNOW EMERG.,null,42.36679362800004,-71.10600609899996
snow,SNOW EMERG.,null,42.36679362800004,-71.10600609899996
snow,SNOW EMERG.,null,42.36679362800004,-71.10600609899996
snow,SNOW EMERG.,null,42.36679362800004,-71.10600609899996
snow,SNOW EMERG.,null,42.36679362800004,-71.10600609899996
snow,SNOW EMERG.,null,42.36679362800004,-71.10600609899996
snow,SNOW EMERG.,null,42.36679362800004,-71.10600609899996
snow,SNOW EMERG.,null,42.36679362800004,-71.10600609899996
snow,SNOW EMERG.,null,42.36679362800004,-71.10600609899996
snow,SNOW EMERG.,null,42.36679362800004,-71.10600609899996
snow,SNOW EMERG.,null,42.36679362800004,-71.10600609899996
snow,SNOW EMERG.,null,42.36679362800004,-71.10600609899996
snow,SNOW EMERG.,null,42.36679362800004,-71.10600609899996
snow,SNOW EMERG.,null,42.36679362800004,-71.10600609899996
snow,SNOW EMERG.,null,42.36679362800004,-71.10600609899996
snow,SNOW EMERG.,null,42.36679362800004,-71.10600609899996
snow,SNOW EMERG.,null,42.36679362800004,-71.10600609899996
snow,SNOW EMERG.,null,42.36679362800004,-71.10600609899996
snow,SNOW EMERG.,null,42.36679362800004,-71.10600609899996
snow,SNOW EMERG.,null,42.36679362800004,-71.10600609899996
snow,SNOW EMERG.,null,42.36679362800004,-71.10600609899996
snow,SNOW EMERG.,null,42.36679362800004,-71.10600609899996
snow,SNOW EMERG.,null,42.36679362800004,-71.10600609899996
snow,SNOW EMERG.,null,42.36679362800004,-71.10600609899996
snow,SNOW EMERG.,null,42.36679362800004,-71.10600609899996
snow,SNOW EMERG.,null,42.36679362800004,-71.10600609899996
snow,SNOW EMERG.,null,42.36679362800004,-71.10600609899996
snow,SNOW EMERG.,null,42.36679362800004,-71.10600609899996
snow,SNOW EMERG.,null,42.36679362800004,-71.10600609899996
snow,SNOW EMERG.,null,42.36679362800004,-71.10600609899996
snow,SNOW EMERG.,null,42.36679362800004,-71.10600609899996
snow,SNOW EMERG.,null,42.36679362800004,-71.10600609899996
snow,SNOW EMERG.,null,42.36679362800004,-71.10600609899996
snow,SNOW EMERG.,null,42.36679362800004,-71.10600609899996
snow,SNOW EMERG.,null,42.36679362800004,-71.10600609899996
snow,SNOW EMERG.,null,42.36679362800004,-71.10600609899996
snow,SNOW EMERG.,null,42.36679362800004,-71.10600609899996
snow,SNOW EMERG.,null,42.36679362800004,-71.10600609899996
snow,SNOW EMERG.,null,42.36679362800004,-71.10600609899996
snow,SNOW EMERG.,null,42.36679362800004,-71.10600609899996
snow,SNOW EMERG.,null,42.36679362800004,-71.10600609899996
snow,SNOW EMERG.,null,42.36679362800004,-71.10600609899996
snow,SNOW EMERG.,null,42.36679362800004,-71.10600609899996
snow,SNOW EMERG.,null,42.36679362800004,-71.10600609899996
snow,SNOW EMERG.,null,42.36679362800004,-71.10600609899996
snow,SNOW EMERG.,null,42.36679362800004,-71.10600609899996
snow,SNOW EMERG.,null,42.36679362800004,-71.10600609899996
snow,SNOW EMERG.,null,42.36679362800004,-71.10600609899996
snow,SNOW EMERG.,null,42.36679362800004,-71.10600609899996
snow,SNOW EMERG.,null,42.36679362800004,-71.10600609899996
snow,SNOW EMERG.,null,42.36679362800004,-71.10600609899996
snow,SNOW EMERG.,null,42.36679362800004,-71.10600609899996
snow,SNOW EMERG.,null,42.36679362800004,-71.10600609899996
snow,SNOW EMERG.,null,42.36679362800004,-71.10600609899996
snow,SNOW EMERG.,null,42.36679362800004,-71.10600609899996
snow,SNOW EMERG.,null,42.36679362800004,-71.10600609899996
snow,SNOW EMERG.,null,42.36679362800004,-71.10600609899996
snow,SNOW EMERG.,null,42.36679362800004,-71.10600609899996
snow,SNOW EMERG.,null,42.36679362800004,-71.10600609899996
snow,SNOW EMERG.,null,42.36679362800004,-71.10600609899996
snow,SNOW EMERG.,null,42.36679362800004,-71.10600609899996
snow,SNOW EMERG.,null,42.36679362800004,-71.10600609899996
snow,SNOW EMERG.,null,42.36679362800004,-71.10600609899996
snow,SNOW EMERG.,null,42.36679362800004,-71.10600609899996
snow,SNOW EMERG.,null,42.36679362800004,-71.10600609899996
snow,SNOW EMERG.,null,42.36679362800004,-71.10600609899996
snow,SNOW EMERG.,null,42.36679362800004,-71.10600609899996
snow,SNOW EMERG.,null,42.36679362800004,-71.10600609899996
snow,SNOW EMERG.,null,42.36679362800004,-71.10600609899996
snow,SNOW EMERG.,null,42.36679362800004,-71.10600609899996
snow,SNOW EMERG.,null,42.36679362800004,-71.10600609899996
snow,SNOW EMERG.,null,42.36679362800004,-71.10600609899996
snow,SNOW EMERG.,null,42.36679362800004,-71.10600609899996
snow,SNOW EMERG.,null,42.36679362800004,-71.10600609899996
snow,SNOW EMERG.,null,42.36679362800004,-71.10600609899996
snow,SNOW EMERG.,null,42.36679362800004,-71.10600609899996
snow,SNOW EMERG.,null,42.36679362800004,-71.10600609899996
snow,SNOW EMERG.,null,42.36679362800004,-71.10600609899996
snow,SNOW EMERG.,null,42.36679362800004,-71.10600609899996
snow,SNOW EMERG.,null,42.36679362800004,-71.10600609899996
snow,SNOW EMERG.,null,42.36679362800004,-71.10600609899996
snow,SNOW EMERG.,null,42.36679362800004,-71.10600609899996
snow,SNOW EMERG.,null,42.36679362800004,-71.10600609899996
snow,SNOW EMERG.,null,42.36679362800004,-71.10600609899996
snow,SNOW EMERG.,null,42.36679362800004,-71.10600609899996
snow,SNOW EMERG.,null,42.36679362800004,-71.10600609899996
snow,SNOW EMERG.,null,42.36679362800004,-71.10600609899996
snow,SNOW EMERG.,null,42.36679362800004,-71.10600609899996
snow,SNOW EMERG.,null,42.36679362800004,-71.10600609899996
snow,SNOW EMERG.,null,42.36679362800004,-71.10600609899996
snow,SNOW EMERG.,null,42.36679362800004,-71.10600609899996
snow,SNOW EMERG.,null,42.36679362800004,-71.10600609899996
snow,SNOW EMERG.,null,42.36679362800004,-71.10600609899996
snow,SNOW EMERG.,null,42.36679362800004,-71.10600609899996
snow,SNOW EMERG.,null,42.36679362800004,-71.10600609899996
snow,SNOW EMERG.,null,42.36679362800004,-71.10600609899996
snow,SNOW EMERG.,null,42.36679362800004,-71.10600609899996
snow,SNOW EMERG.,null,42.36679362800004,-71.10600609899996
snow,SNOW EMERG.,null,42.36679362800004,-71.10600609899996
snow,SNOW EMERG.,null,42.36679362800004,-71.10600609899996
snow,SNOW EMERG.,null,42.36679362800004,-71.10600609899996
snow,SNOW EMERG.,null,42.36679362800004,-71.10600609899996
snow,SNOW EMERG.,null,42.36679362800004,-71.10600609899996
snow,SNOW EMERG.,null,42.36679362800004,-71.10600609899996
snow,SNOW EMERG.,null,42.36679362800004,-71.10600609899996
snow,SNOW EMERG.,null,42.36679362800004,-71.10600609899996
snow,SNOW EMERG.,null,42.36679362800004,-71.10600609899996
snow,SNOW EMERG.,null,42.36679362800004,-71.10600609899996
snow,SNOW EMERG.,null,42.36679362800004,-71.10600609899996
snow,SNOW EMERG.,null,42.36679362800004,-71.10600609899996
snow,SNOW EMERG.,null,42.36679362800004,-71.10600609899996
snow,SNOW EMERG.,null,42.36679362800004,-71.10600609899996
snow,SNOW EMERG.,null,42.36679362800004,-71.10600609899996
snow,SNOW EMERG.,null,42.36679362800004,-71.10600609899996
snow,SNOW EMERG.,null,42.36679362800004,-71.10600609899996
snow,SNOW EMERG.,null,42.36679362800004,-71.10600609899996
snow,SNOW EMERG.,null,42.36679362800004,-71.10600609899996
snow,SNOW EMERG.,null,42.36679362800004,-71.10600609899996
snow,SNOW EMERG.,null,42.36679362800004,-71.10600609899996
snow,SNOW EMERG.,null,42.36679362800004,-71.10600609899996
snow,SNOW EMERG.,null,42.36679362800004,-71.10600609899996
snow,SNOW EMERG.,null,42.36679362800004,-71.10600609899996
snow,SNOW EMERG.,null,42.36679362800004,-71.10600609899996
snow,SNOW EMERG.,null,42.36679362800004,-71.10600609899996
snow,SNOW EMERG.,null,42.36679362800004,-71.10600609899996
snow,SNOW EMERG.,null,42.36679362800004,-71.10600609899996
snow,SNOW EMERG.,null,42.36679362800004,-71.10600609899996
snow,SNOW EMERG.,null,42.36679362800004,-71.10600609899996
snow,SNOW EMERG.,null,42.36679362800004,-71.10600609899996
snow,SNOW EMERG.,null,42.36679362800004,-71.10600609899996
snow,SNOW EMERG.,null,42.36679362800004,-71.10600609899996
snow,SNOW EMERG.,null,42.36679362800004,-71.10600609899996
snow,SNOW EMERG.,null,42.36679362800004,-71.10600609899996
snow,SNOW EMERG.,null,42.36679362800004,-71.10600609899996
snow,SNOW EMERG.,null,42.36679362800004,-71.10600609899996
snow,SNOW EMERG.,null,42.36679362800004,-71.10600609899996
snow,SNOW EMERG.,null,42.36679362800004,-71.10600609899996
snow,SNOW EMERG.,null,42.36679362800004,-71.10600609899996
snow,SNOW EMERG.,null,42.36679362800004,-71.10600609899996
snow,SNOW EMERG.,null,42.36679362800004,-71.10600609899996
snow,SNOW EMERG.,null,42.36679362800004,-71.10600609899996
snow,SNOW EMERG.,null,42.36679362800004,-71.10600609899996
snow,SNOW EMERG.,null,42.36679362800004,-71.10600609899996
snow,SNOW EMERG.,null,42.36679362800004,-71.10600609899996
snow,SNOW EMERG.,null,42.36679362800004,-71.10600609899996
snow,SNOW EMERG.,null,42.36679362800004,-71.10600609899996
snow,SNOW EMERG.,null,42.36679362800004,-71.10600609899996
snow,SNOW EMERG.,null,42.36679362800004,-71.10600609899996
snow,SNOW EMERG.,null,42.36679362800004,-71.10600609899996
snow,SNOW EMERG.,null,42.36679362800004,-71.10600609899996
snow,SNOW EMERG.,null,42.36679362800004,-71.10600609899996
snow,SNOW EMERG.,null,42.36679362800004,-71.10600609899996
snow,SNOW EMERG.,null,42.36679362800004,-71.10600609899996
snow,SNOW EMERG.,null,42.36679362800004,-71.10600609899996
snow,SNOW EMERG.,null,42.36679362800004,-71.10600609899996
snow,SNOW EMERG.,null,42.36679362800004,-71.10600609899996
snow,SNOW EMERG.,null,42.36679362800004,-71.10600609899996
snow,SNOW EMERG.,null,42.36679362800004,-71.10600609899996
snow,SNOW EMERG.,null,42.36679362800004,-71.10600609899996
snow,SNOW EMERG.,null,42.36679362800004,-71.10600609899996
snow,SNOW EMERG.,null,42.36679362800004,-71.10600609899996
snow,SNOW EMERG.,null,42.36679362800004,-71.10600609899996
snow,SNOW EMERG.,null,42.36679362800004,-71.10600609899996
snow,SNOW EMERG.,null,42.36679362800004,-71.10600609899996
snow,SNOW EMERG.,null,42.36679362800004,-71.10600609899996
snow,SNOW EMERG.,null,42.36679362800004,-71.10600609899996
snow,SNOW EMERG.,null,42.36679362800004,-71.10600609899996
snow,SNOW EMERG.,null,42.36679362800004,-71.10600609899996
snow,SNOW EMERG.,null,42.36679362800004,-71.10600609899996
snow,SNOW EMERG.,null,42.36679362800004,-71.10600609899996
snow,SNOW EMERG.,null,42.36679362800004,-71.10600609899996
snow,SNOW EMERG.,null,42.36679362800004,-71.10600609899996
snow,SNOW EMERG.,null,42.36679362800004,-71.10600609899996
snow,SNOW EMERG.,null,42.36679362800004,-71.10600609899996
snow,SNOW EMERG.,null,42.36679362800004,-71.10600609899996
snow,SNOW EMERG.,null,42.36679362800004,-71.10600609899996
snow,SNOW EMERG.,null,42.36679362800004,-71.10600609899996
snow,SNOW EMERG.,null,42.36679362800004,-71.10600609899996
snow,SNOW EMERG.,null,42.36679362800004,-71.10600609899996
snow,SNOW EMERG.,null,42.36679362800004,-71.10600609899996
snow,SNOW EMERG.,null,42.36679362800004,-71.10600609899996
snow,SNOW EMERG.,null,42.36679362800004,-71.10600609899996
snow,SNOW EMERG.,null,42.36679362800004,-71.10600609899996
snow,SNOW EMERG.,null,42.36679362800004,-71.10600609899996
snow,SNOW EMERG.,null,42.36679362800004,-71.10600609899996
snow,SNOW EMERG.,null,42.36679362800004,-71.10600609899996
snow,SNOW EMERG.,null,42.36679362800004,-71.10600609899996
snow,SNOW EMERG.,null,42.36679362800004,-71.10600609899996
snow,SNOW EMERG.,null,42.36679362800004,-71.10600609899996
snow,SNOW EMERG.,null,42.36679362800004,-71.10600609899996
snow,SNOW EMERG.,null,42.36679362800004,-71.10600609899996
snow,SNOW EMERG.,null,42.36679362800004,-71.10600609899996
snow,SNOW EMERG.,null,42.36679362800004,-71.10600609899996
snow,SNOW EMERG.,null,42.36679362800004,-71.10600609899996
snow,SNOW EMERG.,null,42.36679362800004,-71.10600609899996
snow,SNOW EMERG.,null,42.36679362800004,-71.10600609899996
snow,SNOW EMERG.,null,42.36679362800004,-71.10600609899996
snow,SNOW EMERG.,null,42.36679362800004,-71.10600609899996
snow,SNOW EMERG.,null,42.36679362800004,-71.10600609899996
snow,SNOW EMERG.,null,42.36679362800004,-71.10600609899996
snow,SNOW EMERG.,null,42.36679362800004,-71.10600609899996
snow,SNOW EMERG.,null,42.36679362800004,-71.10600609899996
snow,SNOW EMERG.,null,42.36679362800004,-71.10600609899996
snow,SNOW EMERG.,null,42.36679362800004,-71.10600609899996
snow,SNOW EMERG.,null,42.36679362800004,-71.10600609899996
snow,SNOW EMERG.,null,42.36679362800004,-71.10600609899996
snow,SNOW EMERG.,null,42.36679362800004,-71.10600609899996
snow,SNOW EMERG.,null,42.36679362800004,-71.10600609899996
snow,SNOW EMERG.,null,42.36679362800004,-71.10600609899996
snow,SNOW EMERG.,null,42.36679362800004,-71.10600609899996
snow,SNOW EMERG.,null,42.36679362800004,-71.10600609899996
snow,SNOW EMERG.,null,42.36679362800004,-71.10600609899996
snow,SNOW EMERG.,null,42.36679362800004,-71.10600609899996
snow,SNOW EMERG.,null,42.36679362800004,-71.10600609899996
snow,SNOW EMERG.,null,42.36679362800004,-71.10600609899996
snow,SNOW EMERG.,null,42.36679362800004,-71.10600609899996
snow,SNOW EMERG.,null,42.36679362800004,-71.10600609899996
snow,SNOW EMERG.,null,42.36679362800004,-71.10600609899996
snow,SNOW EMERG.,null,42.36679362800004,-71.10600609899996
snow,SNOW EMERG.,null,42.36679362800004,-71.10600609899996
snow,SNOW EMERG.,null,42.36679362800004,-71.10600609899996
snow,SNOW EMERG.,null,42.36679362800004,-71.10600609899996
snow,SNOW EMERG.,null,42.36679362800004,-71.10600609899996
snow,SNOW EMERG.,null,42.36679362800004,-71.10600609899996
snow,SNOW EMERG.,null,42.36679362800004,-71.10600609899996
snow,SNOW EMERG.,null,42.36679362800004,-71.10600609899996
snow,SNOW EMERG.,null,42.36679362800004,-71.10600609899996
snow,SNOW EMERG.,null,42.36679362800004,-71.10600609899996
snow,SNOW EMERG.,null,42.36679362800004,-71.10600609899996
snow,SNOW EMERG.,null,42.36679362800004,-71.10600609899996
snow,SNOW EMERG.,null,42.36679362800004,-71.10600609899996
snow,SNOW EMERG.,null,42.36679362800004,-71.10600609899996
snow,SNOW EMERG.,null,42.36679362800004,-71.10600609899996
snow,SNOW EMERG.,null,42.36679362800004,-71.10600609899996
snow,SNOW EMERG.,null,42.36679362800004,-71.10600609899996
snow,SNOW EMERG.,null,42.36679362800004,-71.10600609899996
snow,SNOW EMERG.,null,42.36679362800004,-71.10600609899996
snow,SNOW EMERG.,null,42.36679362800004,-71.10600609899996
snow,SNOW EMERG.,null,42.36679362800004,-71.10600609899996
snow,SNOW EMERG.,null,42.36679362800004,-71.10600609899996
snow,SNOW EMERG.,null,42.36679362800004,-71.10600609899996
snow,SNOW EMERG.,null,42.36679362800004,-71.10600609899996
snow,SNOW EMERG.,null,42.36679362800004,-71.10600609899996
snow,SNOW EMERG.,null,42.36679362800004,-71.10600609899996
snow,SNOW EMERG.,null,42.36679362800004,-71.10600609899996
snow,SNOW EMERG.,null,42.36679362800004,-71.10600609899996
snow,SNOW EMERG.,null,42.36679362800004,-71.10600609899996
snow,SNOW EMERG.,null,42.36679362800004,-71.10600609899996
snow,SNOW EMERG.,null,42.36679362800004,-71.10600609899996
snow,SNOW EMERG.,null,42.36679362800004,-71.10600609899996
snow,SNOW EMERG.,null,42.36679362800004,-71.10600609899996
snow,SNOW EMERG.,null,42.36679362800004,-71.10600609899996
snow,SNOW EMERG.,null,42.36679362800004,-71.10600609899996
snow,SNOW EMERG.,null,42.36679362800004,-71.10600609899996
snow,SNOW EMERG.,null,42.36679362800004,-71.10600609899996
snow,SNOW EMERG.,null,42.36679362800004,-71.10600609899996
snow,SNOW EMERG.,null,42.36679362800004,-71.10600609899996
snow,SNOW EMERG.,null,42.36679362800004,-71.10600609899996
snow,SNOW EMERG.,null,42.36679362800004,-71.10600609899996
snow,SNOW EMERG.,null,42.36679362800004,-71.10600609899996
snow,SNOW EMERG.,null,42.36679362800004,-71.10600609899996
snow,SNOW EMERG.,null,42.36679362800004,-71.10600609899996
snow,SNOW EMERG.,null,42.36679362800004,-71.10600609899996
snow,SNOW EMERG.,null,42.36679362800004,-71.10600609899996
snow,SNOW EMERG.,null,42.36679362800004,-71.10600609899996
snow,SNOW EMERG.,null,42.36679362800004,-71.10600609899996
snow,SNOW EMERG.,null,42.36679362800004,-71.10600609899996
snow,SNOW EMERG.,null,42.36679362800004,-71.10600609899996
snow,SNOW EMERG.,null,42.36679362800004,-71.10600609899996
snow,SNOW EMERG.,null,42.36679362800004,-71.10600609899996
snow,SNOW EMERG.,null,42.36679362800004,-71.10600609899996
snow,SNOW EMERG.,null,42.36679362800004,-71.10600609899996
snow,SNOW EMERG.,null,42.36679362800004,-71.10600609899996
snow,SNOW EMERG.,null,42.36679362800004,-71.10600609899996
snow,SNOW EMERG.,null,42.36679362800004,-71.10600609899996
snow,SNOW EMERG.,null,42.36679362800004,-71.10600609899996
snow,SNOW EMERG.,null,42.36679362800004,-71.10600609899996
snow,SNOW EMERG.,null,42.36679362800004,-71.10600609899996
snow,SNOW EMERG.,null,42.36679362800004,-71.10600609899996
snow,SNOW EMERG.,null,42.36679362800004,-71.10600609899996
snow,SNOW EMERG.,null,42.36679362800004,-71.10600609899996
snow,SNOW EMERG.,null,42.36679362800004,-71.10600609899996
snow,SNOW EMERG.,null,42.36679362800004,-71.10600609899996
snow,SNOW EMERG.,null,42.36679362800004,-71.10600609899996
snow,SNOW EMERG.,null,42.36679362800004,-71.10600609899996
snow,SNOW EMERG.,null,42.36679362800004,-71.10600609899996
snow,SNOW EMERG.,null,42.36679362800004,-71.10600609899996
snow,SNOW EMERG.,null,42.36679362800004,-71.10600609899996
snow,SNOW EMERG.,null,42.36679362800004,-71.10600609899996
snow,SNOW EMERG.,null,42.36679362800004,-71.10600609899996
snow,SNOW EMERG.,null,42.36679362800004,-71.10600609899996
snow,SNOW EMERG.,null,42.36679362800004,-71.10600609899996
snow,SNOW EMERG.,null,42.36679362800004,-71.10600609899996
snow,SNOW EMERG.,null,42.36679362800004,-71.10600609899996
snow,SNOW EMERG.,null,42.36679362800004,-71.10600609899996
snow,SNOW EMERG.,null,42.36679362800004,-71.10600609899996
snow,SNOW EMERG.,null,42.36679362800004,-71.10600609899996
snow,SNOW EMERG.,null,42.36679362800004,-71.10600609899996
snow,SNOW EMERG.,null,42.36679362800004,-71.10600609899996
snow,SNOW EMERG.,null,42.36679362800004,-71.10600609899996
snow,SNOW EMERG.,null,42.36679362800004,-71.10600609899996
snow,SNOW EMERG.,null,42.36679362800004,-71.10600609899996
snow,SNOW EMERG.,null,42.36679362800004,-71.10600609899996
snow,SNOW EMERG.,null,42.36679362800004,-71.10600609899996
snow,SNOW EMERG.,null,42.36679362800004,-71.10600609899996
snow,SNOW EMERG.,null,42.36679362800004,-71.10600609899996
snow,SNOW EMERG.,null,42.36679362800004,-71.10600609899996
snow,SNOW EMERG.,null,42.36679362800004,-71.10600609899996
snow,SNOW EMERG.,null,42.36679362800004,-71.10600609899996
snow,SNOW EMERG.,null,42.36679362800004,-71.10600609899996
snow,SNOW EMERG.,null,42.36679362800004,-71.10600609899996
snow,SNOW EMERG.,null,42.36679362800004,-71.10600609899996
snow,SNOW EMERG.,null,42.36679362800004,-71.10600609899996
snow,SNOW EMERG.,null,42.36679362800004,-71.10600609899996
snow,SNOW EMERG.,null,42.36679362800004,-71.10600609899996
snow,SNOW EMERG.,null,42.36679362800004,-71.10600609899996
snow,SNOW EMERG.,null,42.36679362800004,-71.10600609899996
snow,SNOW EMERG.,null,42.36679362800004,-71.10600609899996
snow,SNOW EMERG.,null,42.36679362800004,-71.10600609899996
snow,SNOW EMERG.,null,42.36679362800004,-71.10600609899996
snow,SNOW EMERG.,null,42.36679362800004,-71.10600609899996
snow,SNOW EMERG.,null,42.36679362800004,-71.10600609899996
snow,SNOW EMERG.,null,42.36679362800004,-71.10600609899996
snow,SNOW EMERG.,null,42.36679362800004,-71.10600609899996
snow,SNOW EMERG.,null,42.36679362800004,-71.10600609899996
snow,SNOW EMERG.,null,42.36679362800004,-71.10600609899996
snow,SNOW EMERG.,null,42.36679362800004,-71.10600609899996
snow,SNOW EMERG.,null,42.368,-71.078222
snow,SNOW EMERG.,null,42.368,-71.078222
snow,SNOW EMERG.,null,42.368,-71.078222
snow,SNOW EMERG.,null,42.368,-71.078222
snow,SNOW EMERG.,null,42.368,-71.078222
snow,SNOW EMERG.,null,42.368,-71.078222
snow,SNOW EMERG.,null,42.368,-71.078222
snow,SNOW EMERG.,null,42.368,-71.078222
snow,SNOW EMERG.,null,42.368,-71.078222
snow,SNOW EMERG.,null,42.368,-71.078222
snow,SNOW EMERG.,null,42.368,-71.078222
snow,SNOW EMERG.,null,42.368,-71.078222
snow,SNOW EMERG.,null,42.368,-71.078222
snow,SNOW EMERG.,null,42.368,-71.078222
snow,SNOW EMERG.,null,42.368,-71.078222
snow,SNOW EMERG.,null,42.368,-71.078222
snow,SNOW EMERG.,null,42.368,-71.078222
snow,SNOW EMERG.,null,42.368,-71.078222
snow,SNOW EMERG.,null,42.368,-71.078222
snow,SNOW EMERG.,null,42.368,-71.078222
snow,SNOW EMERG.,null,42.368,-71.078222
snow,SNOW EMERG.,null,42.368,-71.078222
snow,SNOW EMERG.,null,42.368,-71.078222
snow,SNOW EMERG.,null,42.368,-71.078222
snow,SNOW EMERG.,null,42.368,-71.078222
snow,SNOW EMERG.,null,42.368,-71.078222
snow,SNOW EMERG.,null,42.368,-71.078222
snow,SNOW EMERG.,null,42.368,-71.078222
snow,SNOW EMERG.,null,42.368,-71.078222
snow,SNOW EMERG.,null,42.368,-71.078222
snow,SNOW EMERG.,null,42.368,-71.078222
snow,SNOW EMERG.,null,42.368,-71.078222
snow,SNOW EMERG.,null,42.368,-71.078222
snow,SNOW EMERG.,null,42.368,-71.078222
snow,SNOW EMERG.,null,42.368,-71.078222
snow,SNOW EMERG.,null,42.368,-71.078222
snow,SNOW EMERG.,null,42.368,-71.078222
snow,SNOW EMERG.,null,42.368,-71.078222
snow,SNOW EMERG.,null,42.368,-71.078222
snow,SNOW EMERG.,null,42.368,-71.078222
snow,SNOW EMERG.,null,42.368,-71.078222
snow,SNOW EMERG.,null,42.368,-71.078222
snow,SNOW EMERG.,null,42.368,-71.078222
snow,SNOW EMERG.,null,42.368,-71.078222
snow,SNOW EMERG.,null,42.368,-71.078222
snow,SNOW EMERG.,null,42.368,-71.078222
snow,SNOW EMERG.,null,42.368,-71.078222
snow,SNOW EMERG.,null,42.368,-71.078222
snow,SNOW EMERG.,null,42.368,-71.078222
snow,SNOW EMERG.,null,42.368,-71.078222
snow,SNOW EMERG.,null,42.368,-71.078222
snow,SNOW EMERG.,null,42.368,-71.078222
snow,SNOW EMERG.,null,42.368,-71.078222
snow,SNOW EMERG.,null,42.368,-71.078222
snow,SNOW EMERG.,null,42.368,-71.078222
snow,SNOW EMERG.,null,42.368,-71.078222
snow,SNOW EMERG.,null,42.368,-71.078222
snow,SNOW EMERG.,null,42.368,-71.078222
snow,SNOW EMERG.,null,42.368,-71.078222
snow,SNOW EMERG.,null,42.361627,-71.108309
snow,SNOW EMERG.,null,42.363211,-71.104221
snow,SNOW EMERG.,null,42.360905,-71.109085
snow,SNOW EMERG.,null,42.364078,-71.105603
snow,SNOW EMERG.,null,42.378666,-71.14057
snow,SNOW EMERG.,null,42.363844,-71.105859
snow,SNOW EMERG.,null,42.357231,-71.113147
snow,SNOW EMERG.,null,42.378368,-71.13912
snow,SNOW EMERG.,null,42.362822,-71.106965
snow,SNOW EMERG.,null,42.364685,-71.111376
snow,SNOW EMERG.,null,42.363549,-71.106186
snow,SNOW EMERG.,null,42.36226,-71.107642
snow,SNOW EMERG.,null,42.360304,-71.109762
snow,SNOW EMERG.,null,42.394054,-71.140236
snow,SNOW EMERG.,null,42.367086,-71.106487
snow,SNOW EMERG.,null,42.364078,-71.105603
snow,SNOW EMERG.,null,42.366187,-71.105044
snow,SNOW EMERG.,null,42.363211,-71.104221
snow,SNOW EMERG.,null,42.368073,-71.097864
snow,SNOW EMERG.,null,42.36351,-71.103882
snow,SNOW EMERG.,null,42.365167,-71.101169
snow,SNOW EMERG.,null,42.370578,-71.113572
snow,SNOW EMERG.,null,42.378731,-71.137041
snow,SNOW EMERG.,null,42.374389,-71.125862
snow,SNOW EMERG.,null,42.370578,-71.113572
snow,SNOW EMERG.,null,42.359088,-71.093617
snow,SNOW EMERG.,null,42.375027,-71.135898
snow,SNOW EMERG.,null,42.36366,-71.103713
snow,SNOW EMERG.,null,42.367499,-71.113517
snow,SNOW EMERG.,null,42.372009,-71.107828
snow,SNOW EMERG.,null,42.364923,-71.10075
snow,SNOW EMERG.,null,42.378339,-71.140446
snow,SNOW EMERG.,null,42.38083,-71.116402
snow,SNOW EMERG.,null,42.370565,-71.076502
snow,SNOW EMERG.,null,42.373998,-71.102953
snow,SNOW EMERG.,null,42.374787,-71.13186
snow,SNOW EMERG.,null,42.36694,-71.094986
snow,SNOW EMERG.,null,42.364078,-71.105603
snow,SNOW EMERG.,null,42.372731,-71.120565
snow,SNOW EMERG.,null,42.357231,-71.113147
snow,SNOW EMERG.,null,42.374919,-71.134138
snow,SNOW EMERG.,null,42.37291,-71.110099
snow,SNOW EMERG.,null,42.372603,-71.092166
snow,SNOW EMERG.,null,42.36911,-71.113454
snow,SNOW EMERG.,null,42.365167,-71.101169
snow,SNOW EMERG.,null,42.37291,-71.110099
snow,SNOW EMERG.,null,42.377812,-71.140257
snow,SNOW EMERG.,null,42.370083,-71.113324
snow,SNOW EMERG.,null,42.377683,-71.140213
snow,SNOW EMERG.,null,42.359694,-71.110442
snow,SNOW EMERG.,null,42.374919,-71.134138
snow,SNOW EMERG.,null,42.364923,-71.10075
snow,SNOW EMERG.,null,42.375027,-71.135898
snow,SNOW EMERG.,null,42.364861,-71.100643
snow,SNOW EMERG.,null,42.370917,-71.105053
snow,SNOW EMERG.,null,42.375027,-71.135898
snow,SNOW EMERG.,null,42.373954,-71.102609
snow,SNOW EMERG.,null,42.377543,-71.13216
snow,SNOW EMERG.,null,42.367673,-71.096862
snow,SNOW EMERG.,null,42.368559,-71.113511
snow,SNOW EMERG.,null,42.363108,-71.110963
snow,SNOW EMERG.,null,42.367499,-71.113517
snow,SNOW EMERG.,null,42.370578,-71.113572
snow,SNOW EMERG.,null,42.367673,-71.096862
snow,SNOW EMERG.,null,42.373758,-71.124037
snow,SNOW EMERG.,null,42.37028,-71.103442
snow,SNOW EMERG.,null,42.371951,-71.087164
snow,SNOW EMERG.,null,42.394054,-71.140236
snow,SNOW EMERG.,null,42.357521,-71.112825
snow,SNOW EMERG.,null,42.378882,-71.116609
snow,SNOW EMERG.,null,42.380853,-71.116397
snow,SNOW EMERG.,null,42.373304,-71.122814
snow,SNOW EMERG.,null,42.36466,-71.111668
snow,SNOW EMERG.,null,42.364423,-71.099899
snow,SNOW EMERG.,null,42.357231,-71.113147
snow,SNOW EMERG.,null,42.364853,-71.109447
snow,SNOW EMERG.,null,42.370857,-71.078609
snow,SNOW EMERG.,null,42.369825,-71.102284
snow,SNOW EMERG.,null,42.357269,-71.107853
snow,SNOW EMERG.,null,42.37074,-71.077792
snow,SNOW EMERG.,null,42.363621,-71.098546
snow,SNOW EMERG.,null,42.369825,-71.102284
snow,SNOW EMERG.,null,42.369825,-71.102284
snow,SNOW EMERG.,null,42.368564,-71.113511
snow,SNOW EMERG.,null,42.365167,-71.101169
snow,SNOW EMERG.,null,42.370578,-71.113572
snow,SNOW EMERG.,null,42.394052,-71.14021
snow,SNOW EMERG.,null,42.364923,-71.10075
snow,SNOW EMERG.,null,42.377947,-71.140302
snow,SNOW EMERG.,null,42.374787,-71.13186
snow,SNOW EMERG.,null,42.367566,-71.107233
snow,SNOW EMERG.,null,42.375005,-71.135532
snow,SNOW EMERG.,null,42.379811,-71.139621
snow,SNOW EMERG.,null,42.367499,-71.113517
snow,SNOW EMERG.,null,42.370133,-71.11347
snow,SNOW EMERG.,null,42.367673,-71.096862
snow,SNOW EMERG.,null,42.373048,-71.09561
snow,SNOW EMERG.,null,42.380359,-71.139811
snow,SNOW EMERG.,null,42.373998,-71.102953
snow,SNOW EMERG.,null,42.367054,-71.104308
snow,SNOW EMERG.,null,42.359627,-71.110514
snow,SNOW EMERG.,null,42.374786,-71.13185
snow,SNOW EMERG.,null,42.385532,-71.116186
snow,SNOW EMERG.,null,42.362486,-71.112818
snow,SNOW EMERG.,null,42.363108,-71.110963
snow,SNOW EMERG.,null,42.373304,-71.122814
snow,SNOW EMERG.,null,42.37754,-71.13249
snow,SNOW EMERG.,null,42.368559,-71.113511
snow,SNOW EMERG.,null,42.38083,-71.116402
snow,SNOW EMERG.,null,42.360304,-71.109762
snow,SNOW EMERG.,null,42.374454,-71.126762
snow,SNOW EMERG.,null,42.374958,-71.110426
snow,SNOW EMERG.,null,42.363442,-71.110017
snow,SNOW EMERG.,null,42.357269,-71.107853
snow,SNOW EMERG.,null,42.363653,-71.10939
snow,SNOW EMERG.,null,42.37309,-71.122225
snow,SNOW EMERG.,null,42.3623,-71.098503
snow,SNOW EMERG.,null,42.367086,-71.106487
snow,SNOW EMERG.,null,42.37291,-71.110099
snow,SNOW EMERG.,null,42.362111,-71.098171
snow,SNOW EMERG.,null,42.374179,-71.125191
snow,SNOW EMERG.,null,42.380407,-71.136023
snow,SNOW EMERG.,null,42.373758,-71.124037
snow,SNOW EMERG.,null,42.375027,-71.135898
snow,SNOW EMERG.,null,42.367086,-71.106487
snow,SNOW EMERG.,null,42.364419,-71.105231
snow,SNOW EMERG.,null,42.362537,-71.107308
snow,SNOW EMERG.,null,42.36366,-71.103713
snow,SNOW EMERG.,null,42.36694,-71.094986
snow,SNOW EMERG.,null,42.367499,-71.113517
snow,SNOW EMERG.,null,42.373994,-71.102925
snow,SNOW EMERG.,null,42.375143,-71.111848
snow,SNOW EMERG.,null,42.367499,-71.113517
snow,SNOW EMERG.,null,42.367499,-71.113517
snow,SNOW EMERG.,null,42.375143,-71.111848
snow,SNOW EMERG.,null,42.364078,-71.105603
snow,SNOW EMERG.,null,42.359084,-71.093613
snow,SNOW EMERG.,null,42.360988,-71.096306
snow,SNOW EMERG.,null,42.378368,-71.13912
snow,SNOW EMERG.,null,42.364035,-71.101427
snow,SNOW EMERG.,null,42.374389,-71.125862
snow,SNOW EMERG.,null,42.374796,-71.131987
snow,SNOW EMERG.,null,42.374765,-71.108865
snow,SNOW EMERG.,null,42.373994,-71.102925
snow,SNOW EMERG.,null,42.374799,-71.132035
snow,SNOW EMERG.,null,42.357521,-71.112825
snow,SNOW EMERG.,null,42.36694,-71.094986
snow,SNOW EMERG.,null,42.376179,-71.125448
snow,SNOW EMERG.,null,42.384786,-71.116119
snow,SNOW EMERG.,null,42.374918,-71.134125
snow,SNOW EMERG.,null,42.364078,-71.105603
snow,SNOW EMERG.,null,42.360988,-71.096306
snow,SNOW EMERG.,null,42.357521,-71.112825
snow,SNOW EMERG.,null,42.365167,-71.101169
snow,SNOW EMERG.,null,42.373452,-71.098666
snow,SNOW EMERG.,null,42.379202,-71.13629
snow,SNOW EMERG.,null,42.374958,-71.110426
snow,SNOW EMERG.,null,42.366187,-71.105044
snow,SNOW EMERG.,null,42.374059,-71.124885
snow,SNOW EMERG.,null,42.36309,-71.113651
snow,SNOW EMERG.,null,42.38227419800006,-71.13080624999998
snow,SNOW EMERG.,null,42.38950167200005,-71.12003904999995
snow,SNOW EMERG.,null,42.36957337700005,-71.09571202999996
snow,SNOW EMERG.,null,42.36476636100008,-71.11055786899993
snow,SNOW EMERG.,null,42.358267699000066,-71.10949912799998
snow,SNOW EMERG.,null,42.35798214400006,-71.11235118899998
snow,SNOW EMERG.,null,42.37750949600007,-71.13746610999993
snow,SNOW EMERG.,null,42.36478419900004,-71.10061542999995
snow,SNOW EMERG.,null,42.36324452800005,-71.11373700899998
snow,SNOW EMERG.,null,42.36036216400004,-71.10973223499997
snow,SNOW EMERG.,null,42.36496865100003,-71.10091597099995
snow,SNOW EMERG.,null,42.369322787000044,-71.09540083199994
snow,SNOW EMERG.,null,42.362472945000036,-71.10741981599995
snow,SNOW EMERG.,null,42.369424372000026,-71.09557241999994
snow,SNOW EMERG.,null,42.36679362800004,-71.10600609899996
snow,SNOW EMERG.,null,42.36744786100007,-71.10711464899998
snow,SNOW EMERG.,null,42.37297323800004,-71.11035113299994
snow,SNOW EMERG.,0,42.38096180700006,-71.13737519799997
snow,SNOW EMERG.,null,42.367483324000034,-71.09626184699994
snow,SNOW EMERG.,null,42.36714323900003,-71.09276089799994
snow,SNOW EMERG.,null,42.36679362800004,-71.10600609899996
snow,SNOW EMERG.,null,42.38072170700008,-71.13743463999998
snow,SNOW EMERG.,null,42.363222232000055,-71.11077567499996
snow,SNOW EMERG.,null,42.36701503000006,-71.10643610599993
snow,SNOW EMERG.,null,42.38950167200005,-71.12003904999995
snow,SNOW EMERG.,null,42.37007330700004,-71.10291872699997
snow,SNOW EMERG.,null,42.37305715700006,-71.09542647399996
snow,SNOW EMERG.,null,42.37589290000005,-71.12446924299996
snow,SNOW EMERG.,null,42.36579821300006,-71.11365542099998
snow,SNOW EMERG.,null,42.36738100800005,-71.11356800599998
snow,SNOW EMERG.,null,42.371025632000055,-71.10527057199994
snow,SNOW EMERG.,null,42.363222232000055,-71.11077567499996
snow,SNOW EMERG.,null,42.36679362800004,-71.10600609899996
snow,SNOW EMERG.,null,42.37589290000005,-71.12446924299996
snow,SNOW EMERG.,null,42.374236677000056,-71.10447684299999
snow,SNOW EMERG.,null,42.37076571800003,-71.09726918299998
snow,SNOW EMERG.,null,42.36793114000005,-71.10546288499995
snow,SNOW EMERG.,null,42.37875661700008,-71.13702670399994
snow,SNOW EMERG.,null,42.36739266300003,-71.09620038799994
snow,SNOW EMERG.,null,42.36476636100008,-71.11055786899993
snow,SNOW EMERG.,null,42.36807100400006,-71.10533234499997
snow,SNOW EMERG.,null,42.363222232000055,-71.11077567499996
snow,SNOW EMERG.,null,42.36092307700005,-71.10909799899997
snow,SNOW EMERG.,null,42.36793347100007,-71.09755124199995
snow,SNOW EMERG.,null,42.379374350000035,-71.12566391499996
snow,SNOW EMERG.,null,42.37313291700008,-71.11074158699995
snow,SNOW EMERG.,null,42.36476636100008,-71.11055786899993
snow,SNOW EMERG.,null,42.36973538600006,-71.09600924099993
snow,SNOW EMERG.,null,42.36301258700007,-71.10447101599993
snow,SNOW EMERG.,null,42.36679362800004,-71.10600609899996
snow,SNOW EMERG.,null,42.392293152000036,-71.12757748699994
snow,SNOW EMERG.,null,42.370296008000025,-71.10343019399994
snow,SNOW EMERG.,null,42.37589290000005,-71.12446924299996
snow,SNOW EMERG.,null,42.367483324000034,-71.09626184699994
snow,SNOW EMERG.,null,42.36157198800004,-71.10841285099997
snow,SNOW EMERG.,null,42.385340717000076,-71.11610304199996
snow,SNOW EMERG.,null,42.371682993000036,-71.09831116999999
snow,SNOW EMERG.,null,42.371855492000066,-71.09861770499998
snow,SNOW EMERG.,null,42.38950167200005,-71.12003904999995
snow,SNOW EMERG.,null,42.36711649000006,-71.11349714699998
snow,SNOW EMERG.,null,42.374236677000056,-71.10447684299999
snow,SNOW EMERG.,null,42.384900145000074,-71.11608322799998
snow,SNOW EMERG.,null,42.368226020000066,-71.09418984299998
snow,SNOW EMERG.,null,42.36476636100008,-71.11055786899993
snow,SNOW EMERG.,null,42.384900145000074,-71.11608322799998
snow,SNOW EMERG.,null,42.36757099000005,-71.10583235899998
snow,SNOW EMERG.,null,42.358561414000064,-71.10928233899995
snow,SNOW EMERG.,null,42.37763806900006,-71.13119402199999
snow,SNOW EMERG.,null,42.36679362800004,-71.10600609899996
snow,SNOW EMERG.,null,42.36679362800004,-71.10600609899996
snow,SNOW EMERG.,null,42.363222232000055,-71.11077567499996
snow,SNOW EMERG.,null,42.38415303800008,-71.11606341399994
snow,SNOW EMERG.,null,42.36679362800004,-71.10600609899996
snow,SNOW EMERG.,null,42.36679362800004,-71.10600609899996
snow,SNOW EMERG.,null,42.37014073300003,-71.09640003699997
snow,SNOW EMERG.,null,42.385411814000065,-71.13046824499997
snow,SNOW EMERG.,null,42.363222232000055,-71.11077567499996
snow,SNOW EMERG.,null,42.38019138900006,-71.13755468999994
snow,SNOW EMERG.,null,42.37161073000004,-71.10179378499998
snow,SNOW EMERG.,null,42.36352309100005,-71.11368339399996
snow,SNOW EMERG.,null,42.390369210000074,-71.13274907399995
snow,SNOW EMERG.,null,42.363222232000055,-71.11077567499996
snow,SNOW EMERG.,null,42.37925430000007,-71.12544479499996
snow,SNOW EMERG.,null,42.36679362800004,-71.10600609899996
snow,SNOW EMERG.,null,42.38228468700004,-71.13082606399996
snow,SNOW EMERG.,null,42.36738100800005,-71.11356800599998
snow,SNOW EMERG.,null,42.37012234300005,-71.09638104599998
snow,SNOW EMERG.,null,42.363222232000055,-71.11077567499996
snow,SNOW EMERG.,null,42.36449165000005,-71.11336869999997
snow,SNOW EMERG.,null,42.36490541400008,-71.11388619699994
snow,SNOW EMERG.,null,42.363222232000055,-71.11077567499996
snow,SNOW EMERG.,null,42.37993254300005,-71.15218757799994
snow,SNOW EMERG.,null,42.370805346000054,-71.11391883199997
snow,SNOW EMERG.,null,42.36758147900008,-71.10582303499996
