crosswalk,CROSSWALK,null,42.366791640000486,-71.10600946299962
crosswalk,CROSSWALK,null,42.36226228000049,-71.08477582799964
crosswalk,CROSSWALK,null,42.366791640000486,-71.10600946299962
crosswalk,CROSSWALK,null,42.366791640000486,-71.10600946299962
crosswalk,CROSSWALK,null,42.366791640000486,-71.10600946299962
crosswalk,CROSSWALK,null,42.3645380370005,-71.10505713999964
crosswalk,CROSSWALK,null,42.366791640000486,-71.10600946299962
crosswalk,CROSSWALK,null,42.366791640000486,-71.10600946299962
crosswalk,CROSSWALK,null,42.366791640000486,-71.10600946299962
crosswalk,CROSSWALK,null,42.37297619600048,-71.09476726299965
crosswalk,CROSSWALK,null,42.37014273500046,-71.09094053399963
crosswalk,CROSSWALK,null,42.37163609300046,-71.09595180899964
crosswalk,CROSSWALK,null,42.36790270000046,-71.10977112399962
crosswalk,CROSSWALK,null,42.366791640000486,-71.10600946299962
crosswalk,CROSSWALK,null,42.36769081800048,-71.09517785099962
crosswalk,CROSSWALK,null,42.3653112180005,-71.10119353899967
crosswalk,CROSSWALK,null,42.364917138000465,-71.09642539599963
crosswalk,CROSSWALK,null,42.362586071000464,-71.10486009899967
crosswalk,CROSSWALK,null,42.37370457300045,-71.11374200999967
crosswalk,CROSSWALK,null,42.381520768000485,-71.13408593499963
crosswalk,CROSSWALK,null,42.366791640000486,-71.10600946299962
crosswalk,CROSSWALK,null,42.366791640000486,-71.10600946299962
crosswalk,CROSSWALK,null,42.366791640000486,-71.10600946299962
crosswalk,CROSSWALK,null,42.356896548000464,-71.11068395799964
crosswalk,CROSSWALK,null,42.36735425800049,-71.08408909199966
crosswalk,CROSSWALK,null,42.37379360900047,-71.11903287199965
crosswalk,CROSSWALK,null,42.366791640000486,-71.10600946299962
crosswalk,CROSSWALK,null,42.3697411760005,-71.10583705399966
crosswalk,CROSSWALK,null,42.366791640000486,-71.10600946299962
crosswalk,CROSSWALK,null,42.375338454000484,-71.12602433899963
crosswalk,CROSSWALK,null,42.366791640000486,-71.10600946299962
crosswalk,CROSSWALK,null,42.36269113300045,-71.11234682899965
crosswalk,CROSSWALK,null,42.37292780200045,-71.10576745799966
crosswalk,CROSSWALK,null,42.366791640000486,-71.10600946299962
crosswalk,CROSSWALK,null,42.366791640000486,-71.10600946299962
crosswalk,CROSSWALK,null,42.366791640000486,-71.10600946299962
crosswalk,CROSSWALK,null,42.367810385000496,-71.10945950099966
crosswalk,CROSSWALK,null,42.36549432200047,-71.09413717299964
crosswalk,CROSSWALK,null,42.371140556000455,-71.11078802599963
crosswalk,CROSSWALK,null,42.364391697000485,-71.10529105199964
crosswalk,CROSSWALK,null,42.36973252300049,-71.09015928799965
crosswalk,CROSSWALK,null,42.38137020200048,-71.12192992699966
crosswalk,CROSSWALK,null,42.37240005500047,-71.12175485499966
crosswalk,CROSSWALK,null,42.366791640000486,-71.10600946299962
crosswalk,CROSSWALK,null,42.366791640000486,-71.10600946299962
crosswalk,CROSSWALK,null,42.366791640000486,-71.10600946299962
crosswalk,CROSSWALK,null,42.366791640000486,-71.10600946299962
crosswalk,CROSSWALK,null,42.361621829000455,-71.09689716399964
crosswalk,CROSSWALK,null,42.366791640000486,-71.10600946299962
crosswalk,CROSSWALK,null,42.362586071000464,-71.10486009899967
crosswalk,CROSSWALK,null,42.36906686800046,-71.09868260499962
crosswalk,CROSSWALK,null,42.366791640000486,-71.10600946299962
crosswalk,CROSSWALK,null,42.366791640000486,-71.10600946299962
crosswalk,CROSSWALK,null,42.365160319000495,-71.09340213899964
crosswalk,CROSSWALK,null,42.366791640000486,-71.10600946299962
crosswalk,CROSSWALK,null,42.366791640000486,-71.10600946299962
crosswalk,CROSSWALK,null,42.36364324300047,-71.10371584199964
crosswalk,CROSSWALK,null,42.366791640000486,-71.10600946299962
crosswalk,CROSSWALK,null,42.366791640000486,-71.10600946299962
crosswalk,CROSSWALK,null,42.366791640000486,-71.10600946299962
crosswalk,CROSSWALK,null,42.366791640000486,-71.10600946299962
crosswalk,CROSSWALK,null,42.366791640000486,-71.10600946299962
crosswalk,CROSSWALK,null,42.366791640000486,-71.10600946299962
crosswalk,CROSSWALK,null,42.366791640000486,-71.10600946299962
crosswalk,CROSSWALK,null,42.366791640000486,-71.10600946299962
crosswalk,CROSSWALK,null,42.366791640000486,-71.10600946299962
crosswalk,CROSSWALK,null,42.366791640000486,-71.10600946299962
crosswalk,CROSSWALK,null,42.366791640000486,-71.10600946299962
crosswalk,CROSSWALK,null,42.366791640000486,-71.10600946299962
crosswalk,CROSSWALK,null,42.363421822000475,-71.10195775999966
crosswalk,CROSSWALK,null,42.362586071000464,-71.10486009899967
crosswalk,CROSSWALK,null,42.366791640000486,-71.10600946299962
crosswalk,CROSSWALK,null,42.366791640000486,-71.10600946299962
crosswalk,CROSSWALK,null,42.37379360900047,-71.11903287199965
crosswalk,CROSSWALK,null,42.366791640000486,-71.10600946299962
crosswalk,CROSSWALK,null,42.366791640000486,-71.10600946299962
crosswalk,CROSSWALK,null,42.366791640000486,-71.10600946299962
crosswalk,CROSSWALK,null,42.366791640000486,-71.10600946299962
crosswalk,CROSSWALK,null,42.366791640000486,-71.10600946299962
crosswalk,CROSSWALK,null,42.38668430400048,-71.12960880399964
crosswalk,CROSSWALK,null,42.366791640000486,-71.10600946299962
crosswalk,CROSSWALK,null,42.366791640000486,-71.10600946299962
crosswalk,CROSSWALK,null,42.366791640000486,-71.10600946299962
crosswalk,CROSSWALK,null,42.366791640000486,-71.10600946299962
crosswalk,CROSSWALK,null,42.373230769000486,-71.11831633699967
crosswalk,CROSSWALK,null,42.366791640000486,-71.10600946299962
crosswalk,CROSSWALK,null,42.35737937100049,-71.10699251399967
crosswalk,CROSSWALK,null,42.366791640000486,-71.10600946299962
crosswalk,CROSSWALK,null,42.366791640000486,-71.10600946299962
crosswalk,CROSSWALK,null,42.366791640000486,-71.10600946299962
crosswalk,CROSSWALK,null,42.366791640000486,-71.10600946299962
crosswalk,CROSSWALK,null,42.366791640000486,-71.10600946299962
crosswalk,CROSSWALK,null,42.37284187600045,-71.11294105599967
crosswalk,CROSSWALK,null,42.366791640000486,-71.10600946299962
crosswalk,CROSSWALK,null,42.38207346200045,-71.13153887999965
crosswalk,CROSSWALK,null,42.366791640000486,-71.10600946299962
crosswalk,CROSSWALK,null,42.371493210000494,-71.11739001099966
crosswalk,CROSSWALK,null,42.37379121200047,-71.11232021999967
crosswalk,CROSSWALK,null,42.362586071000464,-71.10486009899967
crosswalk,CROSSWALK,null,42.36734499500045,-71.10694688099966
crosswalk,CROSSWALK,null,42.36973252300049,-71.11238910899965
crosswalk,CROSSWALK,null,42.366791640000486,-71.10600946299962
crosswalk,CROSSWALK,null,42.367730674000484,-71.11470717599963
crosswalk,CROSSWALK,null,42.366791640000486,-71.10600946299962
crosswalk,CROSSWALK,null,42.366791640000486,-71.10600946299962
crosswalk,CROSSWALK,null,42.369731371000455,-71.09324740299962
crosswalk,CROSSWALK,null,42.36386023500046,-71.09317620599967
crosswalk,CROSSWALK,null,42.371493210000494,-71.11739001099966
crosswalk,CROSSWALK,null,42.36390009200045,-71.10117835799963
crosswalk,CROSSWALK,null,42.366791640000486,-71.10600946299962
crosswalk,CROSSWALK,null,42.366791640000486,-71.10600946299962
crosswalk,CROSSWALK,null,42.39357049500046,-71.13415678999962
crosswalk,CROSSWALK,null,42.366791640000486,-71.10600946299962
crosswalk,CROSSWALK,null,42.366791640000486,-71.10600946299962
crosswalk,CROSSWALK,null,42.369731371000455,-71.09324740299962
crosswalk,CROSSWALK,null,42.38137020200048,-71.12192992699966
crosswalk,CROSSWALK,null,42.36104662300045,-71.10654012599963
crosswalk,CROSSWALK,null,42.37147707800045,-71.08323637899963
crosswalk,CROSSWALK,null,42.366791640000486,-71.10600946299962
crosswalk,CROSSWALK,null,42.366791640000486,-71.10600946299962
crosswalk,CROSSWALK,null,42.36735425800049,-71.08408909199966
crosswalk,CROSSWALK,null,42.366791640000486,-71.10600946299962
crosswalk,CROSSWALK,null,42.366791640000486,-71.10600946299962
crosswalk,CROSSWALK,null,42.366791640000486,-71.10600946299962
crosswalk,CROSSWALK,null,42.366791640000486,-71.10600946299962
crosswalk,CROSSWALK,null,42.366791640000486,-71.10600946299962
crosswalk,CROSSWALK,null,42.37194209900048,-71.08132575799965
crosswalk,CROSSWALK,null,42.366791640000486,-71.10600946299962
crosswalk,CROSSWALK,null,42.360153650000484,-71.11274981499963
crosswalk,CROSSWALK,null,42.366791640000486,-71.10600946299962
crosswalk,CROSSWALK,null,42.36963227500047,-71.08596382899964
crosswalk,CROSSWALK,null,42.37779043000046,-71.15208521699964
crosswalk,CROSSWALK,null,42.37194209900048,-71.08132575799965
crosswalk,CROSSWALK,null,42.366791640000486,-71.10600946299962
crosswalk,CROSSWALK,null,42.366791640000486,-71.10600946299962
crosswalk,CROSSWALK,null,42.366791640000486,-71.10600946299962
crosswalk,CROSSWALK,null,42.366791640000486,-71.10600946299962
crosswalk,CROSSWALK,null,42.366791640000486,-71.10600946299962
crosswalk,CROSSWALK,null,42.366791640000486,-71.10600946299962
crosswalk,CROSSWALK,null,42.366791640000486,-71.10600946299962
crosswalk,CROSSWALK,null,42.366791640000486,-71.10600946299962
crosswalk,CROSSWALK,null,42.36915407700047,-71.11349760299964
crosswalk,CROSSWALK,null,42.36599452100046,-71.10476561199965
crosswalk,CROSSWALK,null,42.366791640000486,-71.10600946299962
crosswalk,CROSSWALK,null,42.36097402900049,-71.10782491999964
crosswalk,CROSSWALK,null,42.36841264900045,-71.09435859399963
crosswalk,CROSSWALK,null,42.364391697000485,-71.10529105199964
crosswalk,CROSSWALK,null,42.366791640000486,-71.10600946299962
crosswalk,CROSSWALK,null,42.366791640000486,-71.10600946299962
crosswalk,CROSSWALK,null,42.366791640000486,-71.10600946299962
crosswalk,CROSSWALK,null,42.366791640000486,-71.10600946299962
crosswalk,CROSSWALK,null,42.366791640000486,-71.10600946299962
crosswalk,CROSSWALK,null,42.366791640000486,-71.10600946299962
crosswalk,CROSSWALK,null,42.385183070000494,-71.11612869899966
crosswalk,CROSSWALK,null,42.362973583000496,-71.09382865699962
crosswalk,CROSSWALK,null,42.36094637400049,-71.10664959299964
crosswalk,CROSSWALK,null,42.37394872200048,-71.12152439899967
crosswalk,CROSSWALK,null,42.366791640000486,-71.10600946299962
crosswalk,CROSSWALK,null,42.366791640000486,-71.10600946299962
crosswalk,CROSSWALK,null,42.366791640000486,-71.10600946299962
crosswalk,CROSSWALK,null,42.37144168800046,-71.08312812499963
crosswalk,CROSSWALK,null,42.37462626400048,-71.10748730199964
crosswalk,CROSSWALK,null,42.366791640000486,-71.10600946299962
crosswalk,CROSSWALK,null,42.366791640000486,-71.10600946299962
crosswalk,CROSSWALK,null,42.366791640000486,-71.10600946299962
crosswalk,CROSSWALK,null,42.37158497600046,-71.07832809199965
crosswalk,CROSSWALK,null,42.367810385000496,-71.10945950099966
crosswalk,CROSSWALK,null,42.366791640000486,-71.10600946299962
crosswalk,CROSSWALK,null,42.366791640000486,-71.10600946299962
crosswalk,CROSSWALK,null,42.366791640000486,-71.10600946299962
crosswalk,CROSSWALK,null,42.37215023500045,-71.08297755799964
crosswalk,CROSSWALK,null,42.38207346200045,-71.13153887999965
crosswalk,CROSSWALK,null,42.366791640000486,-71.10600946299962
crosswalk,CROSSWALK,null,42.3658567490005,-71.10598676799964
crosswalk,CROSSWALK,null,42.366791640000486,-71.10600946299962
crosswalk,CROSSWALK,null,42.36519319000047,-71.09791904199966
crosswalk,CROSSWALK,null,42.374477594000496,-71.12200136199965
crosswalk,CROSSWALK,null,42.363102977000494,-71.09526641899964
crosswalk,CROSSWALK,null,42.366791640000486,-71.10600946299962
crosswalk,CROSSWALK,null,42.366791640000486,-71.10600946299962
crosswalk,CROSSWALK,null,42.36226228000049,-71.08477582799964
crosswalk,CROSSWALK,null,42.366791640000486,-71.10600946299962
crosswalk,CROSSWALK,null,42.38207346200045,-71.13153887999965
crosswalk,CROSSWALK,null,42.39881037200047,-71.12987556099966
crosswalk,CROSSWALK,null,42.366791640000486,-71.10600946299962
crosswalk,CROSSWALK,null,42.366791640000486,-71.10600946299962
crosswalk,CROSSWALK,null,42.366791640000486,-71.10600946299962
crosswalk,CROSSWALK,null,42.366791640000486,-71.10600946299962
crosswalk,CROSSWALK,null,42.366791640000486,-71.10600946299962
crosswalk,CROSSWALK,null,42.366791640000486,-71.10600946299962
crosswalk,CROSSWALK,null,42.366791640000486,-71.10600946299962
crosswalk,CROSSWALK,null,42.366791640000486,-71.10600946299962
crosswalk,CROSSWALK,null,42.366791640000486,-71.10600946299962
crosswalk,CROSSWALK,null,42.366791640000486,-71.10600946299962
crosswalk,CROSSWALK,null,42.366791640000486,-71.10600946299962
crosswalk,CROSSWALK,null,42.38363480400045,-71.11953671299966
crosswalk,CROSSWALK,null,42.366791640000486,-71.10600946299962
crosswalk,CROSSWALK,null,42.366791640000486,-71.10600946299962
crosswalk,CROSSWALK,null,42.363616212000466,-71.10369975099962
crosswalk,CROSSWALK,null,42.37292780200045,-71.10576745799966
crosswalk,CROSSWALK,null,42.38137020200048,-71.12192992699966
crosswalk,CROSSWALK,null,42.366791640000486,-71.10600946299962
crosswalk,CROSSWALK,null,42.362586071000464,-71.10486009899967
crosswalk,CROSSWALK,null,42.366791640000486,-71.10600946299962
crosswalk,CROSSWALK,null,42.37215023500045,-71.08297755799964
crosswalk,CROSSWALK,null,42.36667228100049,-71.08425737099964
crosswalk,CROSSWALK,null,42.366791640000486,-71.10600946299962
crosswalk,CROSSWALK,null,42.36836937400045,-71.09284525599963
crosswalk,CROSSWALK,null,42.366791640000486,-71.10600946299962
crosswalk,CROSSWALK,null,42.36756239300047,-71.09966826799968
crosswalk,CROSSWALK,null,42.366791640000486,-71.10600946299962
crosswalk,CROSSWALK,null,42.366791640000486,-71.10600946299962
crosswalk,CROSSWALK,null,42.38137020200048,-71.12192992699966
crosswalk,CROSSWALK,null,42.36445392000047,-71.09280541299967
crosswalk,CROSSWALK,null,42.37490578800049,-71.11861349599963
crosswalk,CROSSWALK,null,42.366791640000486,-71.10600946299962
crosswalk,CROSSWALK,null,42.36667228100049,-71.08425737099964
crosswalk,CROSSWALK,null,42.366791640000486,-71.10600946299962
crosswalk,CROSSWALK,null,42.366791640000486,-71.10600946299962
crosswalk,CROSSWALK,null,42.36756239300047,-71.09966826799968
crosswalk,CROSSWALK,null,42.368108287000496,-71.10828760999965
crosswalk,CROSSWALK,null,42.366791640000486,-71.10600946299962
crosswalk,CROSSWALK,null,42.366791640000486,-71.10600946299962
crosswalk,CROSSWALK,null,42.366791640000486,-71.10600946299962
crosswalk,CROSSWALK,null,42.37314220000047,-71.09623624399967
crosswalk,CROSSWALK,null,42.366791640000486,-71.10600946299962
crosswalk,CROSSWALK,null,42.364852201000474,-71.09624952799965
crosswalk,CROSSWALK,null,42.37101213200049,-71.09752934099964
crosswalk,CROSSWALK,null,42.366791640000486,-71.10600946299962
crosswalk,CROSSWALK,null,42.368108287000496,-71.10828760999965
crosswalk,CROSSWALK,null,42.366791640000486,-71.10600946299962
crosswalk,CROSSWALK,null,42.37048712800049,-71.08165995799965
crosswalk,CROSSWALK,null,42.366791640000486,-71.10600946299962
crosswalk,CROSSWALK,null,42.362586071000464,-71.10486009899967
crosswalk,CROSSWALK,null,42.366791640000486,-71.10600946299962
crosswalk,CROSSWALK,null,42.369731371000455,-71.09324740299962
crosswalk,CROSSWALK,null,42.36104662300045,-71.10654012599963
crosswalk,CROSSWALK,null,42.37314220000047,-71.09623624399967
crosswalk,CROSSWALK,null,42.366791640000486,-71.10600946299962
crosswalk,CROSSWALK,null,42.366791640000486,-71.10600946299962
crosswalk,CROSSWALK,null,42.37121666200045,-71.11096373599963
crosswalk,CROSSWALK,null,42.37146325100048,-71.10894954699967
crosswalk,CROSSWALK,null,42.366791640000486,-71.10600946299962
crosswalk,CROSSWALK,null,42.3710668650005,-71.07423820999963
crosswalk,CROSSWALK,null,42.36700441300047,-71.10634632199964
crosswalk,CROSSWALK,null,42.370792622000465,-71.07823432399965
crosswalk,CROSSWALK,null,42.377854038000464,-71.12095567499966
crosswalk,CROSSWALK,null,42.372587146000456,-71.11619558799964
crosswalk,CROSSWALK,null,42.3680318050005,-71.08392966899964
crosswalk,CROSSWALK,null,42.366791640000486,-71.10600946299962
crosswalk,CROSSWALK,null,42.3641525110005,-71.09947784499963
crosswalk,CROSSWALK,null,42.366791640000486,-71.10600946299962
crosswalk,CROSSWALK,null,42.36850121800046,-71.08212730299965
crosswalk,CROSSWALK,null,42.37477654300045,-71.13163442099966
crosswalk,CROSSWALK,null,42.366791640000486,-71.10600946299962
crosswalk,CROSSWALK,null,42.38207346200045,-71.13153887999965
crosswalk,CROSSWALK,null,42.37888509800047,-71.12462634099967
crosswalk,CROSSWALK,null,42.366791640000486,-71.10600946299962
crosswalk,CROSSWALK,null,42.366791640000486,-71.10600946299962
crosswalk,CROSSWALK,null,42.366791640000486,-71.10600946299962
crosswalk,CROSSWALK,null,42.387452634000454,-71.13069376699963
crosswalk,CROSSWALK,null,42.366791640000486,-71.10600946299962
crosswalk,CROSSWALK,null,42.36837744000047,-71.08219586799964
crosswalk,CROSSWALK,null,42.366791640000486,-71.10600946299962
crosswalk,CROSSWALK,null,42.373001547000456,-71.09717207499966
crosswalk,CROSSWALK,null,42.366791640000486,-71.10600946299962
crosswalk,CROSSWALK,null,42.366791640000486,-71.10600946299962
crosswalk,CROSSWALK,null,42.366791640000486,-71.10600946299962
crosswalk,CROSSWALK,null,42.364917138000465,-71.09642539599963
crosswalk,CROSSWALK,null,42.366791640000486,-71.10600946299962
crosswalk,CROSSWALK,null,42.366791640000486,-71.10600946299962
crosswalk,CROSSWALK,null,42.364917138000465,-71.09642539599963
crosswalk,CROSSWALK,null,42.366791640000486,-71.10600946299962
crosswalk,CROSSWALK,null,42.36915407700047,-71.11349760299964
crosswalk,CROSSWALK,null,42.3664532250005,-71.09637329299966
crosswalk,CROSSWALK,null,42.37014273500046,-71.09094053399963
crosswalk,CROSSWALK,null,42.366791640000486,-71.10600946299962
crosswalk,CROSSWALK,null,42.366791640000486,-71.10600946299962
crosswalk,CROSSWALK,null,42.366791640000486,-71.10600946299962
crosswalk,CROSSWALK,null,42.36425342300049,-71.10803002699964
crosswalk,CROSSWALK,null,42.393936203000465,-71.12638011499962
crosswalk,CROSSWALK,null,42.366791640000486,-71.10600946299962
crosswalk,CROSSWALK,null,42.37155239900045,-71.07844728699962
crosswalk,CROSSWALK,null,42.36802829800047,-71.07927598599963
crosswalk,CROSSWALK,null,42.361730167000474,-71.11089873599963
crosswalk,CROSSWALK,null,42.36322328300048,-71.10918000299966
crosswalk,CROSSWALK,null,42.366791640000486,-71.10600946299962
crosswalk,CROSSWALK,null,42.37140056700048,-71.08301387299963
crosswalk,CROSSWALK,null,42.366791640000486,-71.10600946299962
crosswalk,CROSSWALK,null,42.37163609300046,-71.09595180899964
crosswalk,CROSSWALK,null,42.366791640000486,-71.10600946299962
crosswalk,CROSSWALK,null,42.366791640000486,-71.10600946299962
crosswalk,CROSSWALK,null,42.366791640000486,-71.10600946299962
crosswalk,CROSSWALK,null,42.366791640000486,-71.10600946299962
crosswalk,CROSSWALK,null,42.39654612100048,-71.12932073799965
crosswalk,CROSSWALK,null,42.366791640000486,-71.10600946299962
crosswalk,CROSSWALK,null,42.37170296500045,-71.11788678099964
crosswalk,CROSSWALK,null,42.363421822000475,-71.10195775999966
crosswalk,CROSSWALK,null,42.366791640000486,-71.10600946299962
crosswalk,CROSSWALK,null,42.37314220000047,-71.09623624399967
crosswalk,CROSSWALK,null,42.36995059500049,-71.10665402299963
crosswalk,CROSSWALK,null,42.371442509000474,-71.07843481999964
crosswalk,CROSSWALK,null,42.3641525110005,-71.10316671799967
crosswalk,CROSSWALK,null,42.366791640000486,-71.10600946299962
crosswalk,CROSSWALK,null,42.366791640000486,-71.10600946299962
crosswalk,CROSSWALK,null,42.37140183200046,-71.11705866599965
crosswalk,CROSSWALK,null,42.36836015600045,-71.07978529399963
crosswalk,CROSSWALK,null,42.366791640000486,-71.10600946299962
crosswalk,CROSSWALK,null,42.37310179600047,-71.09614423899967
crosswalk,CROSSWALK,null,42.366791640000486,-71.10600946299962
crosswalk,CROSSWALK,null,42.37240005500047,-71.12175485499966
crosswalk,CROSSWALK,null,42.366791640000486,-71.10600946299962
crosswalk,CROSSWALK,null,42.366791640000486,-71.10600946299962
crosswalk,CROSSWALK,null,42.38385011700046,-71.13407707799962
crosswalk,CROSSWALK,null,42.366791640000486,-71.10600946299962
crosswalk,CROSSWALK,null,42.360153650000484,-71.11274981499963
crosswalk,CROSSWALK,null,42.366402148000475,-71.10539864099962
crosswalk,CROSSWALK,null,42.366791640000486,-71.10600946299962
crosswalk,CROSSWALK,null,42.366791640000486,-71.10600946299962
crosswalk,CROSSWALK,null,42.36587073700048,-71.10600976299963
crosswalk,CROSSWALK,null,42.366791640000486,-71.10600946299962
crosswalk,CROSSWALK,null,42.362586071000464,-71.10486009899967
crosswalk,CROSSWALK,null,42.366791640000486,-71.10600946299962
crosswalk,CROSSWALK,null,42.366791640000486,-71.10600946299962
crosswalk,CROSSWALK,null,42.39654612100048,-71.12932073799965
crosswalk,CROSSWALK,null,42.366791640000486,-71.10600946299962
crosswalk,CROSSWALK,null,42.3687692150005,-71.07975533499967
crosswalk,CROSSWALK,null,42.366791640000486,-71.10600946299962
crosswalk,CROSSWALK,null,42.36249185200046,-71.10315680799965
crosswalk,CROSSWALK,null,42.37569592400047,-71.12126869699966
crosswalk,CROSSWALK,null,42.36078248500047,-71.11203683999963
crosswalk,CROSSWALK,null,42.37037664900049,-71.08963154199967
crosswalk,CROSSWALK,null,42.366791640000486,-71.10600946299962
crosswalk,CROSSWALK,null,42.3664532250005,-71.09637329299966
crosswalk,CROSSWALK,null,42.37234528300047,-71.10339380399967
crosswalk,CROSSWALK,null,42.37147707800045,-71.08323637899963
crosswalk,CROSSWALK,null,42.366791640000486,-71.10600946299962
crosswalk,CROSSWALK,null,42.366791640000486,-71.10600946299962
crosswalk,CROSSWALK,null,42.366791640000486,-71.10600946299962
crosswalk,CROSSWALK,null,42.37014619200045,-71.10715313999964
crosswalk,CROSSWALK,null,42.366791640000486,-71.10600946299962
crosswalk,CROSSWALK,null,42.366791640000486,-71.10600946299962
crosswalk,CROSSWALK,null,42.366791640000486,-71.10600946299962
crosswalk,CROSSWALK,null,42.36587468300047,-71.10455589699967
crosswalk,CROSSWALK,null,42.36636440400048,-71.10539475799965
crosswalk,CROSSWALK,null,42.366791640000486,-71.10600946299962
crosswalk,CROSSWALK,null,42.37213418800047,-71.12175771499966
crosswalk,CROSSWALK,null,42.37530049600048,-71.12173763399966
crosswalk,CROSSWALK,null,42.375626387000466,-71.12144901399967
crosswalk,CROSSWALK,null,42.37169477900045,-71.11942928999963
crosswalk,CROSSWALK,null,42.37166259500049,-71.08500397899962
crosswalk,CROSSWALK,null,42.3753464400005,-71.12168110899967
crosswalk,CROSSWALK,null,42.366791640000486,-71.10600946299962
crosswalk,CROSSWALK,null,42.3664532250005,-71.09637329299966
crosswalk,CROSSWALK,null,42.366791640000486,-71.10600946299962
crosswalk,CROSSWALK,null,42.3664532250005,-71.09637329299966
crosswalk,CROSSWALK,null,42.366791640000486,-71.10600946299962
crosswalk,CROSSWALK,null,42.362586071000464,-71.10486009899967
crosswalk,CROSSWALK,null,42.366791640000486,-71.10600946299962
crosswalk,CROSSWALK,null,42.366791640000486,-71.10600946299962
crosswalk,CROSSWALK,null,42.36249185200046,-71.10315680799965
crosswalk,CROSSWALK,null,42.3664532250005,-71.09637329299966
crosswalk,CROSSWALK,null,42.366791640000486,-71.10600946299962
crosswalk,CROSSWALK,null,42.361083617000475,-71.10654560099965
crosswalk,CROSSWALK,null,42.366791640000486,-71.10600946299962
crosswalk,CROSSWALK,null,42.37147707800045,-71.08323637899963
crosswalk,CROSSWALK,null,42.366791640000486,-71.10600946299962
crosswalk,CROSSWALK,null,42.366791640000486,-71.10600946299962
crosswalk,CROSSWALK,null,42.3862016060005,-71.13649942299963
crosswalk,CROSSWALK,null,42.366791640000486,-71.10600946299962
crosswalk,CROSSWALK,null,42.366791640000486,-71.10600946299962
crosswalk,CROSSWALK,null,42.366791640000486,-71.10600946299962
crosswalk,CROSSWALK,null,42.38207346200045,-71.13153887999965
crosswalk,CROSSWALK,null,42.39654612100048,-71.12932073799965
crosswalk,CROSSWALK,null,42.37147707800045,-71.08323637899963
crosswalk,CROSSWALK,null,42.366791640000486,-71.10600946299962
crosswalk,CROSSWALK,null,42.36930570700048,-71.07890978499967
crosswalk,CROSSWALK,null,42.3664532250005,-71.09637329299966
crosswalk,CROSSWALK,null,42.366791640000486,-71.10600946299962
crosswalk,CROSSWALK,null,42.366791640000486,-71.10600946299962
crosswalk,CROSSWALK,null,42.39159476600048,-71.12356739399962
crosswalk,CROSSWALK,null,42.39159476600048,-71.12356739399962
crosswalk,CROSSWALK,null,42.39159476600048,-71.12356739399962
crosswalk,CROSSWALK,null,42.39159476600048,-71.12356739399962
crosswalk,CROSSWALK,null,42.39159476600048,-71.12356739399962
crosswalk,CROSSWALK,null,42.39159476600048,-71.12356739399962
crosswalk,CROSSWALK,null,42.39159476600048,-71.12356739399962
crosswalk,CROSSWALK,null,42.39159476600048,-71.12356739399962
crosswalk,CROSSWALK,null,42.39159476600048,-71.12356739399962
crosswalk,CROSSWALK,null,42.39159476600048,-71.12356739399962
crosswalk,CROSSWALK,null,42.39159476600048,-71.12356739399962
crosswalk,CROSSWALK,null,42.39159476600048,-71.12356739399962
crosswalk,CROSSWALK,null,42.39159476600048,-71.12356739399962
crosswalk,CROSSWALK,null,42.39159476600048,-71.12356739399962
crosswalk,CROSSWALK,null,42.39159476600048,-71.12356739399962
crosswalk,CROSSWALK,null,42.39159476600048,-71.12356739399962
crosswalk,CROSSWALK,null,42.39159476600048,-71.12356739399962
crosswalk,CROSSWALK,null,42.39159476600048,-71.12356739399962
crosswalk,CROSSWALK,null,42.39159476600048,-71.12356739399962
crosswalk,CROSSWALK,null,42.39159476600048,-71.12356739399962
crosswalk,CROSSWALK,null,42.39159476600048,-71.12356739399962
crosswalk,CROSSWALK,null,42.39159476600048,-71.12356739399962
crosswalk,CROSSWALK,null,42.39159476600048,-71.12356739399962
crosswalk,CROSSWALK,null,42.39159476600048,-71.12356739399962
crosswalk,CROSSWALK,null,42.39159476600048,-71.12356739399962
crosswalk,CROSSWALK,null,42.39159476600048,-71.12356739399962
crosswalk,CROSSWALK,null,42.39159476600048,-71.12356739399962
crosswalk,CROSSWALK,null,42.39159476600048,-71.12356739399962
crosswalk,CROSSWALK,null,42.39159476600048,-71.12356739399962
crosswalk,CROSSWALK,null,42.39159476600048,-71.12356739399962
crosswalk,CROSSWALK,null,42.39159476600048,-71.12356739399962
crosswalk,CROSSWALK,null,42.39159476600048,-71.12356739399962
crosswalk,CROSSWALK,null,42.39159476600048,-71.12356739399962
crosswalk,CROSSWALK,null,42.39159476600048,-71.12356739399962
crosswalk,CROSSWALK,null,42.39159476600048,-71.12356739399962
crosswalk,CROSSWALK,AMES31,42.39159476600048,-71.12356739399962
crosswalk,CROSSWALK,null,42.39159476600048,-71.12356739399962
crosswalk,CROSSWALK,null,42.39159476600048,-71.12356739399962
crosswalk,CROSSWALK,null,42.39159476600048,-71.12356739399962
crosswalk,CROSSWALK,null,42.39159476600048,-71.12356739399962
crosswalk,CROSSWALK,null,42.39159476600048,-71.12356739399962
crosswalk,CROSSWALK,null,42.36679362800004,-71.10600609899996
crosswalk,CROSSWALK,null,42.37275265400007,-71.11674819099994
crosswalk,CROSSWALK,null,42.36679362800004,-71.10600609899996
crosswalk,CROSSWALK,null,42.36679362800004,-71.10600609899996
crosswalk,CROSSWALK,null,42.36679362800004,-71.10600609899996
crosswalk,CROSSWALK,null,42.36679362800004,-71.10600609899996
crosswalk,CROSSWALK,null,42.36415251100004,-71.10316671799995
crosswalk,CROSSWALK,null,42.36104662300005,-71.10654012599997
crosswalk,CROSSWALK,0,42.369424372000026,-71.09557241999994
crosswalk,CROSSWALK,null,42.36679362800004,-71.10600609899996
crosswalk,CROSSWALK,null,42.36679362800004,-71.10600609899996
crosswalk,CROSSWALK,null,42.36287269800005,-71.10245817099997
crosswalk,CROSSWALK,null,42.36679362800004,-71.10600609899996
crosswalk,CROSSWALK,null,42.36679362800004,-71.10600609899996
crosswalk,CROSSWALK,null,42.36679362800004,-71.10600609899996
crosswalk,CROSSWALK,null,42.37084217100005,-71.09403325899996
crosswalk,CROSSWALK,null,42.36679362800004,-71.10600609899996
crosswalk,CROSSWALK,null,42.36679362800004,-71.10600609899996
crosswalk,CROSSWALK,null,42.36645322500004,-71.09637329299994
crosswalk,CROSSWALK,null,42.36973252300004,-71.11238910899993
crosswalk,CROSSWALK,null,42.36679362800004,-71.10600609899996
crosswalk,CROSSWALK,null,42.36679362800004,-71.10600609899996
crosswalk,CROSSWALK,null,42.36679362800004,-71.10600609899996
crosswalk,CROSSWALK,null,42.36679362800004,-71.10600609899996
crosswalk,CROSSWALK,null,42.37215459500004,-71.11010950599996
crosswalk,CROSSWALK,null,42.36679362800004,-71.10600609899996
crosswalk,CROSSWALK,null,42.36679362800004,-71.10600609899996
crosswalk,CROSSWALK,null,42.36679362800004,-71.10600609899996
crosswalk,CROSSWALK,null,42.360614492000025,-71.08804170999997
crosswalk,CROSSWALK,null,42.37477654300005,-71.13163442099994
crosswalk,CROSSWALK,null,42.36679362800004,-71.10600609899996
crosswalk,CROSSWALK,null,42.36679362800004,-71.10600609899996
crosswalk,CROSSWALK,null,42.36679362800004,-71.10600609899996
crosswalk,CROSSWALK,null,42.368762495000055,-71.09477929399998
crosswalk,CROSSWALK,null,42.36708559500005,-71.07667021399993
crosswalk,CROSSWALK,null,42.36679362800004,-71.10600609899996
crosswalk,CROSSWALK,null,42.36679362800004,-71.10600609899996
crosswalk,CROSSWALK,null,42.36679362800004,-71.10600609899996
crosswalk,CROSSWALK,null,42.36679362800004,-71.10600609899996
crosswalk,CROSSWALK,null,42.36679362800004,-71.10600609899996
crosswalk,CROSSWALK,null,42.36679362800004,-71.10600609899996
crosswalk,CROSSWALK,null,42.36679362800004,-71.10600609899996
crosswalk,CROSSWALK,null,42.36679362800004,-71.10600609899996
crosswalk,CROSSWALK,null,42.36679362800004,-71.10600609899996
crosswalk,CROSSWALK,null,42.36104662300005,-71.10654012599997
crosswalk,CROSSWALK,null,42.36679362800004,-71.10600609899996
crosswalk,CROSSWALK,null,42.375346440000044,-71.12168110899995
crosswalk,CROSSWALK,null,42.36679362800004,-71.10600609899996
crosswalk,CROSSWALK,null,42.36342182200008,-71.10195775999995
crosswalk,CROSSWALK,null,42.36679362800004,-71.10600609899996
crosswalk,CROSSWALK,null,42.36679362800004,-71.10600609899996
crosswalk,CROSSWALK,null,42.36679362800004,-71.10600609899996
crosswalk,CROSSWALK,null,42.36679362800004,-71.10600609899996
crosswalk,CROSSWALK,null,42.36908609300008,-71.09326583999996
crosswalk,CROSSWALK,null,42.36679362800004,-71.10600609899996
crosswalk,CROSSWALK,null,42.36913333700005,-71.11074019299997
crosswalk,CROSSWALK,null,42.38207346200005,-71.13153887999994
crosswalk,CROSSWALK,null,42.38207346200005,-71.13153887999994
crosswalk,CROSSWALK,null,42.37155239800006,-71.07844728699996
crosswalk,CROSSWALK,null,42.375155161000066,-71.12191271799998
crosswalk,CROSSWALK,null,42.38207346200005,-71.13153887999994
crosswalk,CROSSWALK,null,42.383061858000076,-71.12093796099998
crosswalk,CROSSWALK,null,42.36679362800004,-71.10600609899996
crosswalk,CROSSWALK,null,42.367721817000074,-71.11352921699995
crosswalk,CROSSWALK,null,42.361003168000025,-71.10780608299996
crosswalk,CROSSWALK,null,42.36679362800004,-71.10600609899996
crosswalk,CROSSWALK,null,42.381613765000054,-71.12089810499998
crosswalk,CROSSWALK,null,42.39881037200007,-71.12987556099995
crosswalk,CROSSWALK,null,42.39881037200007,-71.12987556099995
crosswalk,CROSSWALK,null,42.37022224300006,-71.10672218699995
crosswalk,CROSSWALK,null,42.37155239800006,-71.07844728699996
crosswalk,CROSSWALK,null,42.36679362800004,-71.10600609899996
crosswalk,CROSSWALK,null,42.36679362800004,-71.10600609899996
crosswalk,CROSSWALK,null,42.36679362800004,-71.10600609899996
crosswalk,CROSSWALK,null,42.36679362800004,-71.10600609899996
crosswalk,CROSSWALK,null,42.36679362800004,-71.10600609899996
crosswalk,CROSSWALK,null,42.36679362800004,-71.10600609899996
crosswalk,CROSSWALK,null,42.36679362800004,-71.10600609899996
crosswalk,CROSSWALK,null,42.36645322500004,-71.09637329299994
crosswalk,CROSSWALK,null,42.36679362800004,-71.10600609899996
crosswalk,CROSSWALK,null,42.36679362800004,-71.10600609899996
crosswalk,CROSSWALK,null,42.36679362800004,-71.10600609899996
crosswalk,CROSSWALK,null,42.37155239800006,-71.07844728699996
crosswalk,CROSSWALK,null,42.36679362800004,-71.10600609899996
crosswalk,CROSSWALK,null,42.36679362800004,-71.10600609899996
crosswalk,CROSSWALK,null,42.36679362800004,-71.10600609899996
crosswalk,CROSSWALK,null,42.37285435300004,-71.09976569299994
crosswalk,CROSSWALK,null,42.37234528300007,-71.10339380399995
crosswalk,CROSSWALK,null,42.36679362800004,-71.10600609899996
crosswalk,CROSSWALK,null,42.39643665400007,-71.12919052999996
crosswalk,CROSSWALK,null,42.36679362800004,-71.10600609899996
crosswalk,CROSSWALK,null,42.36679362800004,-71.10600609899996
crosswalk,CROSSWALK,null,42.36745168300007,-71.07937725399995
crosswalk,CROSSWALK,0,42.36679362800004,-71.10600609899996
crosswalk,CROSSWALK,null,42.36679362800004,-71.10600609899996
crosswalk,CROSSWALK,null,42.370020166000074,-71.09326920299998
crosswalk,CROSSWALK,null,42.36679362800004,-71.10600609899996
crosswalk,CROSSWALK,null,42.36688609400005,-71.08589062299995
crosswalk,CROSSWALK,null,42.36679362800004,-71.10600609899996
crosswalk,CROSSWALK,null,42.36679362800004,-71.10600609899996
crosswalk,CROSSWALK,null,42.37161439600004,-71.10681573499994
crosswalk,CROSSWALK,null,42.36679362800004,-71.10600609899996
crosswalk,CROSSWALK,null,42.36679362800004,-71.10600609899996
crosswalk,CROSSWALK,null,42.36679362800004,-71.10600609899996
crosswalk,CROSSWALK,null,42.36679362800004,-71.10600609899996
crosswalk,CROSSWALK,null,42.36679362800004,-71.10600609899996
crosswalk,CROSSWALK,null,42.36679362800004,-71.10600609899996
crosswalk,CROSSWALK,null,42.36679362800004,-71.10600609899996
crosswalk,CROSSWALK,null,42.38031181000008,-71.12991879299994
crosswalk,CROSSWALK,null,42.36679362800004,-71.10600609899996
crosswalk,CROSSWALK,null,42.36679362800004,-71.10600609899996
crosswalk,CROSSWALK,null,42.36679362800004,-71.10600609899996
crosswalk,CROSSWALK,null,42.36679362800004,-71.10600609899996
crosswalk,CROSSWALK,null,42.40171435600007,-71.13259798599995
crosswalk,CROSSWALK,null,42.36679362800004,-71.10600609899996
crosswalk,CROSSWALK,null,42.397369284000035,-71.13363319999996
crosswalk,CROSSWALK,null,42.37743898400004,-71.10942659199998
crosswalk,CROSSWALK,null,42.36679362800004,-71.10600609899996
crosswalk,CROSSWALK,null,42.36608330200005,-71.07969610099997
crosswalk,CROSSWALK,null,42.36679362800004,-71.10600609899996
crosswalk,CROSSWALK,null,42.36585394300005,-71.10440494799997
crosswalk,CROSSWALK,null,42.36679362800004,-71.10600609899996
crosswalk,CROSSWALK,null,42.36867734500004,-71.09472574599994
crosswalk,CROSSWALK,null,42.36679362800004,-71.10600609899996
crosswalk,CROSSWALK,null,42.38207346200005,-71.13153887999994
crosswalk,CROSSWALK,null,42.36679362800004,-71.10600609899996
crosswalk,CROSSWALK,null,42.36679362800004,-71.10600609899996
crosswalk,CROSSWALK,null,42.36679362800004,-71.10600609899996
crosswalk,CROSSWALK,null,42.381272626000055,-71.12210053999996
crosswalk,CROSSWALK,null,42.36679362800004,-71.10600609899996
crosswalk,CROSSWALK,null,42.36932047600004,-71.09754705499995
crosswalk,CROSSWALK,null,42.36679362800004,-71.10600609899996
crosswalk,CROSSWALK,null,42.36679362800004,-71.10600609899996
crosswalk,CROSSWALK,null,42.36104662300005,-71.10654012599997
crosswalk,CROSSWALK,null,42.36679362800004,-71.10600609899996
crosswalk,CROSSWALK,null,42.36679362800004,-71.10600609899996
crosswalk,CROSSWALK,null,42.36679362800004,-71.10600609899996
crosswalk,CROSSWALK,null,42.36679362800004,-71.10600609899996
crosswalk,CROSSWALK,null,42.36679362800004,-71.10600609899996
crosswalk,CROSSWALK,null,42.36173016600003,-71.11089873599997
crosswalk,CROSSWALK,null,42.36679362800004,-71.10600609899996
crosswalk,CROSSWALK,null,42.357518165000045,-71.09270858599996
crosswalk,CROSSWALK,null,42.36847653600006,-71.09412544199995
crosswalk,CROSSWALK,null,42.36679362800004,-71.10600609899996
crosswalk,CROSSWALK,null,42.36015365000003,-71.11274981499997
crosswalk,CROSSWALK,null,42.36679362800004,-71.10600609899996
crosswalk,CROSSWALK,null,42.36683886700007,-71.13865580699996
crosswalk,CROSSWALK,null,42.36679362800004,-71.10600609899996
crosswalk,CROSSWALK,null,42.36104662300005,-71.10654012599997
crosswalk,CROSSWALK,null,42.36679362800004,-71.10600609899996
crosswalk,CROSSWALK,null,42.36679362800004,-71.10600609899996
crosswalk,CROSSWALK,null,42.36679362800004,-71.10600609899996
crosswalk,CROSSWALK,null,42.36679362800004,-71.10600609899996
crosswalk,CROSSWALK,null,42.370480721000035,-71.09686950699995
crosswalk,CROSSWALK,null,42.36965647300008,-71.11199157099998
crosswalk,CROSSWALK,null,42.36679362800004,-71.10600609899996
crosswalk,CROSSWALK,null,42.36679362800004,-71.10600609899996
crosswalk,CROSSWALK,null,42.36679362800004,-71.10600609899996
crosswalk,CROSSWALK,null,42.36679362800004,-71.10600609899996
crosswalk,CROSSWALK,null,42.36679362800004,-71.10600609899996
crosswalk,CROSSWALK,null,42.36679362800004,-71.10600609899996
crosswalk,CROSSWALK,null,42.36679362800004,-71.10600609899996
crosswalk,CROSSWALK,null,42.37240927400006,-71.12023614799995
crosswalk,CROSSWALK,null,42.36679362800004,-71.10600609899996
crosswalk,CROSSWALK,null,42.36679362800004,-71.10600609899996
crosswalk,CROSSWALK,null,42.36665013900006,-71.09423902699996
crosswalk,CROSSWALK,null,42.37199214800006,-71.08759430799995
crosswalk,CROSSWALK,null,42.36679362800004,-71.10600609899996
crosswalk,CROSSWALK,null,42.39285075300006,-71.12913752499998
crosswalk,CROSSWALK,null,42.36679362800004,-71.10600609899996
crosswalk,CROSSWALK,null,42.36679362800004,-71.10600609899996
crosswalk,CROSSWALK,null,42.35678362300007,-71.11115558499995
crosswalk,CROSSWALK,null,42.36522418900006,-71.10128906899996
crosswalk,CROSSWALK,null,42.36679362800004,-71.10600609899996
crosswalk,CROSSWALK,null,42.36679362800004,-71.10600609899996
crosswalk,CROSSWALK,null,42.37234528300007,-71.10339380399995
crosswalk,CROSSWALK,null,42.36679362800004,-71.10600609899996
crosswalk,CROSSWALK,null,42.367110695000065,-71.09539927199995
crosswalk,CROSSWALK,null,42.36895291700006,-71.08030722199999
crosswalk,CROSSWALK,null,42.39285075300006,-71.12913752499998
crosswalk,CROSSWALK,null,42.36679362800004,-71.10600609899996
crosswalk,CROSSWALK,0,42.37223833100006,-71.09202024399997
crosswalk,CROSSWALK,null,42.370376649000036,-71.08964191299998
crosswalk,CROSSWALK,null,42.36679362800004,-71.10600609899996
crosswalk,CROSSWALK,null,42.36572603900004,-71.10613106599999
crosswalk,CROSSWALK,null,42.36679362800004,-71.10600609899996
crosswalk,CROSSWALK,null,42.36679362800004,-71.10600609899996
crosswalk,CROSSWALK,null,42.36645322500004,-71.09637329299994
crosswalk,CROSSWALK,null,42.363686501000075,-71.10362946199996
crosswalk,CROSSWALK,null,42.36679362800004,-71.10600609899996
crosswalk,CROSSWALK,null,42.37297158700005,-71.09514405899995
crosswalk,CROSSWALK,null,42.365125834000025,-71.09614721399998
crosswalk,CROSSWALK,null,42.36679362800004,-71.10600609899996
crosswalk,CROSSWALK,null,42.37550254800004,-71.14408973199994
crosswalk,CROSSWALK,null,42.36679362800004,-71.10600609899996
crosswalk,CROSSWALK,null,42.36679362800004,-71.10600609899996
crosswalk,CROSSWALK,null,42.39881037200007,-71.12987556099995
crosswalk,CROSSWALK,null,42.36679362800004,-71.10600609899996
crosswalk,CROSSWALK,null,42.36679362800004,-71.10600609899996
crosswalk,CROSSWALK,null,42.368247232000044,-71.07922643799998
crosswalk,CROSSWALK,null,42.36342182200008,-71.10195775999995
crosswalk,CROSSWALK,null,42.36258607100007,-71.10486009899995
crosswalk,CROSSWALK,null,42.36679362800004,-71.10600609899996
crosswalk,CROSSWALK,null,42.36435367200005,-71.10205429299998
crosswalk,CROSSWALK,null,42.36587468400006,-71.10455589699995
crosswalk,CROSSWALK,null,42.38132148900007,-71.13732753699998
crosswalk,CROSSWALK,null,42.36679362800004,-71.10600609899996
crosswalk,CROSSWALK,null,42.38207346200005,-71.13153887999994
crosswalk,CROSSWALK,null,42.36679362800004,-71.10600609899996
crosswalk,CROSSWALK,null,42.36679362800004,-71.10600609899996
crosswalk,CROSSWALK,null,42.36679362800004,-71.10600609899996
crosswalk,CROSSWALK,null,42.36679362800004,-71.10600609899996
crosswalk,CROSSWALK,null,42.36679362800004,-71.10600609899996
crosswalk,CROSSWALK,null,42.36679362800004,-71.10600609899996
crosswalk,CROSSWALK,null,42.36679362800004,-71.10600609899996
crosswalk,CROSSWALK,null,42.36679362800004,-71.10600609899996
crosswalk,CROSSWALK,null,42.36679362800004,-71.10600609899996
crosswalk,CROSSWALK,null,42.36679362800004,-71.10600609899996
crosswalk,CROSSWALK,null,42.36679362800004,-71.10600609899996
crosswalk,CROSSWALK,null,42.36679362800004,-71.10600609899996
crosswalk,CROSSWALK,null,42.36679362800004,-71.10600609899996
crosswalk,CROSSWALK,null,42.36679362800004,-71.10600609899996
crosswalk,CROSSWALK,null,42.36679362800004,-71.10600609899996
crosswalk,CROSSWALK,null,42.36679362800004,-71.10600609899996
crosswalk,CROSSWALK,null,42.36679362800004,-71.10600609899996
crosswalk,CROSSWALK,null,42.36679362800004,-71.10600609899996
crosswalk,CROSSWALK,null,42.36679362800004,-71.10600609899996
crosswalk,CROSSWALK,null,42.36679362800004,-71.10600609899996
crosswalk,CROSSWALK,null,42.36679362800004,-71.10600609899996
crosswalk,CROSSWALK,null,42.36679362800004,-71.10600609899996
crosswalk,CROSSWALK,null,42.36679362800004,-71.10600609899996
crosswalk,CROSSWALK,null,42.36679362800004,-71.10600609899996
crosswalk,CROSSWALK,null,42.36679362800004,-71.10600609899996
crosswalk,CROSSWALK,null,42.36679362800004,-71.10600609899996
crosswalk,CROSSWALK,null,42.36679362800004,-71.10600609899996
crosswalk,CROSSWALK,null,42.36679362800004,-71.10600609899996
crosswalk,CROSSWALK,null,42.36679362800004,-71.10600609899996
crosswalk,CROSSWALK,null,42.36679362800004,-71.10600609899996
crosswalk,CROSSWALK,null,42.36679362800004,-71.10600609899996
crosswalk,CROSSWALK,null,42.36679362800004,-71.10600609899996
crosswalk,CROSSWALK,null,42.36679362800004,-71.10600609899996
crosswalk,CROSSWALK,null,42.36679362800004,-71.10600609899996
crosswalk,CROSSWALK,null,42.36679362800004,-71.10600609899996
crosswalk,CROSSWALK,null,42.36679362800004,-71.10600609899996
crosswalk,CROSSWALK,null,42.36679362800004,-71.10600609899996
crosswalk,CROSSWALK,null,42.36679362800004,-71.10600609899996
crosswalk,CROSSWALK,null,42.36679362800004,-71.10600609899996
crosswalk,CROSSWALK,null,42.36679362800004,-71.10600609899996
crosswalk,CROSSWALK,null,42.36679362800004,-71.10600609899996
crosswalk,CROSSWALK,null,42.36679362800004,-71.10600609899996
crosswalk,CROSSWALK,null,42.36679362800004,-71.10600609899996
crosswalk,CROSSWALK,null,42.36679362800004,-71.10600609899996
crosswalk,CROSSWALK,null,42.36679362800004,-71.10600609899996
crosswalk,CROSSWALK,null,42.36679362800004,-71.10600609899996
crosswalk,CROSSWALK,null,42.36679362800004,-71.10600609899996
crosswalk,CROSSWALK,null,42.36679362800004,-71.10600609899996
crosswalk,CROSSWALK,null,42.36679362800004,-71.10600609899996
crosswalk,CROSSWALK,null,42.36679362800004,-71.10600609899996
crosswalk,CROSSWALK,null,42.36679362800004,-71.10600609899996
crosswalk,CROSSWALK,null,42.36679362800004,-71.10600609899996
crosswalk,CROSSWALK,null,42.36679362800004,-71.10600609899996
crosswalk,CROSSWALK,null,42.36679362800004,-71.10600609899996
crosswalk,CROSSWALK,null,42.36679362800004,-71.10600609899996
crosswalk,CROSSWALK,null,42.36679362800004,-71.10600609899996
crosswalk,CROSSWALK,null,42.36679362800004,-71.10600609899996
crosswalk,CROSSWALK,null,42.36679362800004,-71.10600609899996
crosswalk,CROSSWALK,null,42.36679362800004,-71.10600609899996
crosswalk,CROSSWALK,null,42.36679362800004,-71.10600609899996
crosswalk,CROSSWALK,null,42.36679362800004,-71.10600609899996
crosswalk,CROSSWALK,null,42.36679362800004,-71.10600609899996
crosswalk,CROSSWALK,null,42.36679362800004,-71.10600609899996
crosswalk,CROSSWALK,null,42.36679362800004,-71.10600609899996
crosswalk,CROSSWALK,null,42.36679362800004,-71.10600609899996
crosswalk,CROSSWALK,null,42.36679362800004,-71.10600609899996
crosswalk,CROSSWALK,null,42.36679362800004,-71.10600609899996
crosswalk,CROSSWALK,null,42.36679362800004,-71.10600609899996
crosswalk,CROSSWALK,null,42.36679362800004,-71.10600609899996
crosswalk,CROSSWALK,null,42.36679362800004,-71.10600609899996
crosswalk,CROSSWALK,null,42.36679362800004,-71.10600609899996
crosswalk,CROSSWALK,null,42.36679362800004,-71.10600609899996
crosswalk,CROSSWALK,null,42.36679362800004,-71.10600609899996
crosswalk,CROSSWALK,null,42.36679362800004,-71.10600609899996
crosswalk,CROSSWALK,null,42.36679362800004,-71.10600609899996
crosswalk,CROSSWALK,null,42.36679362800004,-71.10600609899996
crosswalk,CROSSWALK,null,42.36679362800004,-71.10600609899996
crosswalk,CROSSWALK,null,42.36679362800004,-71.10600609899996
crosswalk,CROSSWALK,null,42.36679362800004,-71.10600609899996
crosswalk,CROSSWALK,null,42.36679362800004,-71.10600609899996
crosswalk,CROSSWALK,null,42.36679362800004,-71.10600609899996
crosswalk,CROSSWALK,null,42.36679362800004,-71.10600609899996
crosswalk,CROSSWALK,null,42.36679362800004,-71.10600609899996
crosswalk,CROSSWALK,null,42.36679362800004,-71.10600609899996
crosswalk,CROSSWALK,null,42.36679362800004,-71.10600609899996
crosswalk,CROSSWALK,null,42.36679362800004,-71.10600609899996
crosswalk,CROSSWALK,null,42.36679362800004,-71.10600609899996
crosswalk,CROSSWALK,null,42.36679362800004,-71.10600609899996
crosswalk,CROSSWALK,null,42.36679362800004,-71.10600609899996
crosswalk,CROSSWALK,null,42.36361621100008,-71.10369975099997
crosswalk,CROSSWALK,null,42.375346440000044,-71.12168110899995
crosswalk,CROSSWALK,null,42.36364324300007,-71.10371584199999
crosswalk,CROSSWALK,null,42.373101795000025,-71.09614423899995
crosswalk,CROSSWALK,null,42.368826830000046,-71.08548563299996
crosswalk,CROSSWALK,null,42.36679362800004,-71.10600609899996
crosswalk,CROSSWALK,null,42.36679362800004,-71.10600609899996
crosswalk,CROSSWALK,null,42.36679362800004,-71.10600609899996
crosswalk,CROSSWALK,null,42.36679362800004,-71.10600609899996
crosswalk,CROSSWALK,null,42.37313175500003,-71.09636432499997
crosswalk,CROSSWALK,null,42.36679362800004,-71.10600609899996
crosswalk,CROSSWALK,null,42.36679362800004,-71.10600609899996
crosswalk,CROSSWALK,null,42.36679362800004,-71.10600609899996
crosswalk,CROSSWALK,null,42.36258607100007,-71.10486009899995
crosswalk,CROSSWALK,null,42.36679362800004,-71.10600609899996
crosswalk,CROSSWALK,null,42.36679362800004,-71.10600609899996
crosswalk,CROSSWALK,null,42.36679362800004,-71.10600609899996
crosswalk,CROSSWALK,null,42.37004230800005,-71.09102842299995
crosswalk,CROSSWALK,null,42.36679362800004,-71.10600609899996
crosswalk,CROSSWALK,null,42.37924332800003,-71.11659402399994
crosswalk,CROSSWALK,null,42.36258607100007,-71.10486009899995
crosswalk,CROSSWALK,null,42.36679362800004,-71.10600609899996
crosswalk,CROSSWALK,null,42.383061858000076,-71.12093796099998
crosswalk,CROSSWALK,null,42.37275956800005,-71.11994577299998
crosswalk,CROSSWALK,null,42.36679362800004,-71.10600609899996
crosswalk,CROSSWALK,null,42.36679362800004,-71.10600609899996
crosswalk,CROSSWALK,null,42.36679362800004,-71.10600609899996
crosswalk,CROSSWALK,null,42.36679362800004,-71.10600609899996
crosswalk,CROSSWALK,null,42.37232294300003,-71.10860924399998
crosswalk,CROSSWALK,null,42.36679362800004,-71.10600609899996
crosswalk,CROSSWALK,null,42.36679362800004,-71.10600609899996
crosswalk,CROSSWALK,null,42.36679362800004,-71.10600609899996
crosswalk,CROSSWALK,null,42.36679362800004,-71.10600609899996
crosswalk,CROSSWALK,null,42.36679362800004,-71.10600609899996
crosswalk,CROSSWALK,null,42.36679362800004,-71.10600609899996
crosswalk,CROSSWALK,null,42.36679362800004,-71.10600609899996
crosswalk,CROSSWALK,null,42.36679362800004,-71.10600609899996
crosswalk,CROSSWALK,null,42.36679362800004,-71.10600609899996
crosswalk,CROSSWALK,null,42.37297158700005,-71.09514405899995
crosswalk,CROSSWALK,null,42.36679362800004,-71.10600609899996
crosswalk,CROSSWALK,null,42.36679362800004,-71.10600609899996
crosswalk,CROSSWALK,null,42.36679362800004,-71.10600609899996
crosswalk,CROSSWALK,null,42.36679362800004,-71.10600609899996
crosswalk,CROSSWALK,null,42.36679362800004,-71.10600609899996
crosswalk,CROSSWALK,null,42.36679362800004,-71.10600609899996
crosswalk,CROSSWALK,null,42.364852201000076,-71.09624952799999
crosswalk,CROSSWALK,null,42.36679362800004,-71.10600609899996
crosswalk,CROSSWALK,null,42.36258607100007,-71.10486009899995
crosswalk,CROSSWALK,null,42.370831800000076,-71.09662128399998
crosswalk,CROSSWALK,null,42.36679362800004,-71.10600609899996
crosswalk,CROSSWALK,null,42.36679362800004,-71.10600609899996
crosswalk,CROSSWALK,null,42.36679362800004,-71.10600609899996
crosswalk,CROSSWALK,null,42.36679362800004,-71.10600609899996
crosswalk,CROSSWALK,null,42.36679362800004,-71.10600609899996
crosswalk,CROSSWALK,null,42.36679362800004,-71.10600609899996
crosswalk,CROSSWALK,null,42.36679362800004,-71.10600609899996
crosswalk,CROSSWALK,null,42.36973713200007,-71.07717652899998
crosswalk,CROSSWALK,null,42.36679362800004,-71.10600609899996
crosswalk,CROSSWALK,null,42.371152134000056,-71.08106432699998
crosswalk,CROSSWALK,null,42.36679362800004,-71.10600609899996
crosswalk,CROSSWALK,null,42.371490401000074,-71.09811832099996
crosswalk,CROSSWALK,null,42.37440430000004,-71.12017627299997
crosswalk,CROSSWALK,null,42.36679362800004,-71.10600609899996
crosswalk,CROSSWALK,null,42.36679362800004,-71.10600609899996
crosswalk,CROSSWALK,null,42.36679362800004,-71.10600609899996
crosswalk,CROSSWALK,null,42.37069328500007,-71.09067857799994
crosswalk,CROSSWALK,null,42.36679362800004,-71.10600609899996
crosswalk,CROSSWALK,null,42.36679362800004,-71.10600609899996
crosswalk,CROSSWALK,null,42.36679362800004,-71.10600609899996
crosswalk,CROSSWALK,null,42.36679362800004,-71.10600609899996
crosswalk,CROSSWALK,null,42.36679362800004,-71.10600609899996
crosswalk,CROSSWALK,null,42.36679362800004,-71.10600609899996
crosswalk,CROSSWALK,null,42.36679362800004,-71.10600609899996
crosswalk,CROSSWALK,null,42.36679362800004,-71.10600609899996
crosswalk,CROSSWALK,null,42.36679362800004,-71.10600609899996
crosswalk,CROSSWALK,null,42.36679362800004,-71.10600609899996
crosswalk,CROSSWALK,null,42.37114055600006,-71.11078802599997
crosswalk,CROSSWALK,null,42.36679362800004,-71.10600609899996
crosswalk,CROSSWALK,null,42.362722132000044,-71.10974734799998
crosswalk,CROSSWALK,null,42.36679362800004,-71.10600609899996
crosswalk,CROSSWALK,null,42.36679362800004,-71.10600609899996
crosswalk,CROSSWALK,null,42.37004230800005,-71.09102842299995
crosswalk,CROSSWALK,null,42.37183138900008,-71.08610844999998
crosswalk,CROSSWALK,null,42.38014338900007,-71.11993770699996
crosswalk,CROSSWALK,null,42.36679362800004,-71.10600609899996
crosswalk,CROSSWALK,null,42.37102192700007,-71.08585436299995
crosswalk,CROSSWALK,null,42.36386023600005,-71.10883952199998
crosswalk,CROSSWALK,null,42.371862286000066,-71.10891370099995
crosswalk,CROSSWALK,null,42.36679362800004,-71.10600609899996
crosswalk,CROSSWALK,null,42.39575450400008,-71.12644579399995
crosswalk,CROSSWALK,null,42.37550798600006,-71.12319777099998
crosswalk,CROSSWALK,null,42.383687517000055,-71.12319211099998
crosswalk,CROSSWALK,null,42.365724887000056,-71.10207503399994
crosswalk,CROSSWALK,null,42.36679362800004,-71.10600609899996
crosswalk,CROSSWALK,null,42.36679362800004,-71.10600609899996
crosswalk,CROSSWALK,null,42.36679362800004,-71.10600609899996
crosswalk,CROSSWALK,null,42.36679362800004,-71.10600609899996
crosswalk,CROSSWALK,null,42.36679362800004,-71.10600609899996
crosswalk,CROSSWALK,null,42.382704912000065,-71.11616398399997
crosswalk,CROSSWALK,null,42.37117094100006,-71.08646650199995
crosswalk,CROSSWALK,null,42.36679362800004,-71.10600609899996
crosswalk,CROSSWALK,null,42.36975003200007,-71.09254737099997
crosswalk,CROSSWALK,null,42.36679362800004,-71.10600609899996
crosswalk,CROSSWALK,null,42.36539246800004,-71.09877815499993
crosswalk,CROSSWALK,null,42.36679362800004,-71.10600609899996
crosswalk,CROSSWALK,null,42.36679362800004,-71.10600609899996
crosswalk,CROSSWALK,null,42.36679362800004,-71.10600609899996
crosswalk,CROSSWALK,null,42.36679362800004,-71.10600609899996
crosswalk,CROSSWALK,null,42.36679362800004,-71.10600609899996
crosswalk,CROSSWALK,null,42.36679362800004,-71.10600609899996
crosswalk,CROSSWALK,null,42.38675507500005,-71.14068255199999
crosswalk,CROSSWALK,null,42.36679362800004,-71.10600609899996
crosswalk,CROSSWALK,null,42.37140183200006,-71.09531956099994
crosswalk,CROSSWALK,null,42.36679362800004,-71.10600609899996
crosswalk,CROSSWALK,null,42.36679362800004,-71.10600609899996
crosswalk,CROSSWALK,null,42.36679362800004,-71.10600609899996
crosswalk,CROSSWALK,null,42.36679362800004,-71.10600609899996
crosswalk,CROSSWALK,null,42.36679362800004,-71.10600609899996
crosswalk,CROSSWALK,null,42.36679362800004,-71.10600609899996
crosswalk,CROSSWALK,null,42.38144316300003,-71.11635756699997
crosswalk,CROSSWALK,null,42.38144316300003,-71.11635756699997
crosswalk,CROSSWALK,null,42.38144316300003,-71.11635756699997
crosswalk,CROSSWALK,null,42.38144316300003,-71.11635756699997
crosswalk,CROSSWALK,null,42.38144316300003,-71.11635756699997
crosswalk,CROSSWALK,null,42.38144316300003,-71.11635756699997
crosswalk,CROSSWALK,null,42.38144316300003,-71.11635756699997
crosswalk,CROSSWALK,null,42.38144316300003,-71.11635756699997
crosswalk,CROSSWALK,null,42.38144316300003,-71.11635756699997
crosswalk,CROSSWALK,null,42.38144316300003,-71.11635756699997
crosswalk,CROSSWALK,null,42.38144316300003,-71.11635756699997
crosswalk,CROSSWALK,null,42.38144316300003,-71.11635756699997
crosswalk,CROSSWALK,null,42.38144316300003,-71.11635756699997
crosswalk,CROSSWALK,null,42.38144316300003,-71.11635756699997
crosswalk,CROSSWALK,null,42.38144316300003,-71.11635756699997
crosswalk,CROSSWALK,null,42.38144316300003,-71.11635756699997
crosswalk,CROSSWALK,null,42.38144316300003,-71.11635756699997
crosswalk,CROSSWALK,null,42.38144316300003,-71.11635756699997
crosswalk,CROSSWALK,null,42.38144316300003,-71.11635756699997
crosswalk,CROSSWALK,null,42.38144316300003,-71.11635756699997
crosswalk,CROSSWALK,null,42.38144316300003,-71.11635756699997
crosswalk,CROSSWALK,null,42.38144316300003,-71.11635756699997
crosswalk,CROSSWALK,null,42.38144316300003,-71.11635756699997
crosswalk,CROSSWALK,null,42.38144316300003,-71.11635756699997
crosswalk,CROSSWALK,null,42.371691,-71.092335
crosswalk,CROSSWALK,null,42.361809,-71.097667
crosswalk,CROSSWALK,null,42.366195,-71.095768
crosswalk,CROSSWALK,null,42.366195,-71.095768
crosswalk,CROSSWALK,null,42.367779,-71.109438
crosswalk,CROSSWALK,null,42.361085,-71.106541
crosswalk,CROSSWALK,null,42.368501,-71.082122
crosswalk,CROSSWALK,null,42.369678,-71.11218
crosswalk,CROSSWALK,null,42.367843,-71.097282
crosswalk,CROSSWALK,null,42.372584,-71.120168
crosswalk,CROSSWALK,null,42.397907,-71.13075
crosswalk,CROSSWALK,null,42.397907,-71.13075
crosswalk,CROSSWALK,null,42.397907,-71.13075
crosswalk,CROSSWALK,null,42.397907,-71.13075
crosswalk,CROSSWALK,null,42.397907,-71.13075
crosswalk,CROSSWALK,null,42.397907,-71.13075
crosswalk,CROSSWALK,null,42.397907,-71.13075
crosswalk,CROSSWALK,null,42.397907,-71.13075
crosswalk,CROSSWALK,null,42.397907,-71.13075
crosswalk,CROSSWALK,null,42.397907,-71.13075
crosswalk,CROSSWALK,null,42.397907,-71.13075
crosswalk,CROSSWALK,null,42.397907,-71.13075
crosswalk,CROSSWALK,null,42.397907,-71.13075
crosswalk,CROSSWALK,null,42.397907,-71.13075
crosswalk,CROSSWALK,null,42.397907,-71.13075
crosswalk,CROSSWALK,null,42.397907,-71.13075
crosswalk,CROSSWALK,null,42.397907,-71.13075
crosswalk,CROSSWALK,null,42.397907,-71.13075
crosswalk,CROSSWALK,null,42.397907,-71.13075
crosswalk,CROSSWALK,null,42.397907,-71.13075
crosswalk,CROSSWALK,null,42.397907,-71.13075
crosswalk,CROSSWALK,null,42.397907,-71.13075
crosswalk,CROSSWALK,null,42.397907,-71.13075
crosswalk,CROSSWALK,null,42.397907,-71.13075
crosswalk,CROSSWALK,null,42.397907,-71.13075
crosswalk,CROSSWALK,null,42.397907,-71.13075
crosswalk,CROSSWALK,null,42.397907,-71.13075
crosswalk,CROSSWALK,null,42.397907,-71.13075
crosswalk,CROSSWALK,null,42.370038,-71.106892
crosswalk,CROSSWALK,null,42.366195,-71.095768
crosswalk,CROSSWALK,null,42.361085,-71.106541
crosswalk,CROSSWALK,null,42.36366,-71.103713
crosswalk,CROSSWALK,null,42.370038,-71.106892
crosswalk,CROSSWALK,null,42.365381,-71.093823
crosswalk,CROSSWALK,null,42.374382,-71.120091
crosswalk,CROSSWALK,null,42.361085,-71.106541
crosswalk,CROSSWALK,null,42.382003,-71.131546
crosswalk,CROSSWALK,null,42.369827,-71.086992
crosswalk,CROSSWALK,null,42.369827,-71.086992
crosswalk,CROSSWALK,null,42.369827,-71.086992
crosswalk,CROSSWALK,null,42.369827,-71.086992
crosswalk,CROSSWALK,null,42.369827,-71.086992
crosswalk,CROSSWALK,null,42.369827,-71.086992
crosswalk,CROSSWALK,null,42.369827,-71.086992
crosswalk,CROSSWALK,null,42.369827,-71.086992
crosswalk,CROSSWALK,null,42.369827,-71.086992
crosswalk,CROSSWALK,null,42.369827,-71.086992
crosswalk,CROSSWALK,null,42.369827,-71.086992
crosswalk,CROSSWALK,null,42.369827,-71.086992
crosswalk,CROSSWALK,null,42.369827,-71.086992
crosswalk,CROSSWALK,null,42.369827,-71.086992
crosswalk,CROSSWALK,null,42.369827,-71.086992
crosswalk,CROSSWALK,null,42.369827,-71.086992
crosswalk,CROSSWALK,null,42.369827,-71.086992
crosswalk,CROSSWALK,null,42.369827,-71.086992
crosswalk,CROSSWALK,null,42.369827,-71.086992
crosswalk,CROSSWALK,null,42.369827,-71.086992
crosswalk,CROSSWALK,null,42.369827,-71.086992
crosswalk,CROSSWALK,null,42.369827,-71.086992
crosswalk,CROSSWALK,null,42.381169,-71.138775
crosswalk,CROSSWALK,null,42.369166,-71.110718
crosswalk,CROSSWALK,null,42.368199,-71.079773
crosswalk,CROSSWALK,null,42.365076,-71.103177
crosswalk,CROSSWALK,null,42.372072,-71.120599
crosswalk,CROSSWALK,null,42.37565,-71.121371
crosswalk,CROSSWALK,null,42.363562,-71.103824
crosswalk,CROSSWALK,null,42.373341,-71.119492
crosswalk,CROSSWALK,null,42.369678,-71.11218
crosswalk,CROSSWALK,null,42.375577,-71.13442
crosswalk,CROSSWALK,null,42.393764,-71.126222
crosswalk,CROSSWALK,null,42.368,-71.078222
crosswalk,CROSSWALK,null,42.368,-71.078222
crosswalk,CROSSWALK,null,42.368,-71.078222
crosswalk,CROSSWALK,null,42.368,-71.078222
crosswalk,CROSSWALK,null,42.368,-71.078222
crosswalk,CROSSWALK,null,42.368,-71.078222
crosswalk,CROSSWALK,null,42.368,-71.078222
crosswalk,CROSSWALK,null,42.368,-71.078222
crosswalk,CROSSWALK,null,42.368,-71.078222
crosswalk,CROSSWALK,null,42.368,-71.078222
crosswalk,CROSSWALK,null,42.368,-71.078222
crosswalk,CROSSWALK,null,42.368,-71.078222
crosswalk,CROSSWALK,null,42.368,-71.078222
crosswalk,CROSSWALK,null,42.368,-71.078222
crosswalk,CROSSWALK,null,42.368,-71.078222
crosswalk,CROSSWALK,null,42.368,-71.078222
crosswalk,CROSSWALK,null,42.368,-71.078222
crosswalk,CROSSWALK,null,42.368,-71.078222
crosswalk,CROSSWALK,null,42.368,-71.078222
crosswalk,CROSSWALK,null,42.368,-71.078222
crosswalk,CROSSWALK,null,42.368,-71.078222
crosswalk,CROSSWALK,null,42.368,-71.078222
crosswalk,CROSSWALK,null,42.368,-71.078222
crosswalk,CROSSWALK,null,42.368,-71.078222
crosswalk,CROSSWALK,null,42.368,-71.078222
crosswalk,CROSSWALK,null,42.368,-71.078222
crosswalk,CROSSWALK,null,42.368,-71.078222
crosswalk,CROSSWALK,null,42.368,-71.078222
crosswalk,CROSSWALK,null,42.368,-71.078222
crosswalk,CROSSWALK,null,42.368,-71.078222
crosswalk,CROSSWALK,null,42.368,-71.078222
crosswalk,CROSSWALK,null,42.368,-71.078222
crosswalk,CROSSWALK,null,42.368,-71.078222
crosswalk,CROSSWALK,null,42.368,-71.078222
crosswalk,CROSSWALK,null,42.368,-71.078222
crosswalk,CROSSWALK,null,42.368,-71.078222
crosswalk,CROSSWALK,null,42.368,-71.078222
crosswalk,CROSSWALK,null,42.368,-71.078222
crosswalk,CROSSWALK,null,42.368,-71.078222
crosswalk,CROSSWALK,null,42.368,-71.078222
crosswalk,CROSSWALK,null,42.368,-71.078222
crosswalk,CROSSWALK,null,42.368,-71.078222
crosswalk,CROSSWALK,null,42.368,-71.078222
crosswalk,CROSSWALK,null,42.368,-71.078222
crosswalk,CROSSWALK,null,42.368,-71.078222
crosswalk,CROSSWALK,null,42.368,-71.078222
crosswalk,CROSSWALK,null,42.368,-71.078222
crosswalk,CROSSWALK,null,42.368,-71.078222
crosswalk,CROSSWALK,null,42.368,-71.078222
crosswalk,CROSSWALK,null,42.368,-71.078222
crosswalk,CROSSWALK,null,42.368,-71.078222
crosswalk,CROSSWALK,null,42.368,-71.078222
crosswalk,CROSSWALK,null,42.368,-71.078222
crosswalk,CROSSWALK,null,42.368,-71.078222
crosswalk,CROSSWALK,null,42.368,-71.078222
crosswalk,CROSSWALK,null,42.368,-71.078222
crosswalk,CROSSWALK,null,42.368,-71.078222
crosswalk,CROSSWALK,null,42.368,-71.078222
crosswalk,CROSSWALK,null,42.368,-71.078222
crosswalk,CROSSWALK,null,42.368,-71.078222
crosswalk,CROSSWALK,null,42.368,-71.078222
crosswalk,CROSSWALK,null,42.368,-71.078222
crosswalk,CROSSWALK,null,42.368,-71.078222
crosswalk,CROSSWALK,null,42.368,-71.078222
crosswalk,CROSSWALK,null,42.368,-71.078222
crosswalk,CROSSWALK,null,42.368,-71.078222
crosswalk,CROSSWALK,null,42.368,-71.078222
crosswalk,CROSSWALK,null,42.368,-71.078222
crosswalk,CROSSWALK,null,42.368,-71.078222
crosswalk,CROSSWALK,null,42.368,-71.078222
crosswalk,CROSSWALK,null,42.368,-71.078222
crosswalk,CROSSWALK,null,42.368,-71.078222
crosswalk,CROSSWALK,null,42.368,-71.078222
crosswalk,CROSSWALK,null,42.368,-71.078222
crosswalk,CROSSWALK,null,42.368,-71.078222
crosswalk,CROSSWALK,null,42.368,-71.078222
crosswalk,CROSSWALK,null,42.368,-71.078222
crosswalk,CROSSWALK,null,42.368,-71.078222
crosswalk,CROSSWALK,null,42.368,-71.078222
crosswalk,CROSSWALK,null,42.368,-71.078222
crosswalk,CROSSWALK,null,42.368,-71.078222
crosswalk,CROSSWALK,null,42.368,-71.078222
crosswalk,CROSSWALK,null,42.368,-71.078222
crosswalk,CROSSWALK,null,42.368,-71.078222
crosswalk,CROSSWALK,null,42.368,-71.078222
crosswalk,CROSSWALK,null,42.368,-71.078222
crosswalk,CROSSWALK,null,42.368,-71.078222
crosswalk,CROSSWALK,null,42.368,-71.078222
crosswalk,CROSSWALK,null,42.368,-71.078222
crosswalk,CROSSWALK,null,42.368,-71.078222
crosswalk,CROSSWALK,null,42.368,-71.078222
crosswalk,CROSSWALK,null,42.368,-71.078222
crosswalk,CROSSWALK,null,42.368,-71.078222
crosswalk,CROSSWALK,null,42.368,-71.078222
crosswalk,CROSSWALK,null,42.368,-71.078222
crosswalk,CROSSWALK,null,42.368,-71.078222
crosswalk,CROSSWALK,null,42.368,-71.078222
crosswalk,CROSSWALK,null,42.368,-71.078222
crosswalk,CROSSWALK,null,42.368,-71.078222
crosswalk,CROSSWALK,null,42.368,-71.078222
crosswalk,CROSSWALK,null,42.368,-71.078222
crosswalk,CROSSWALK,null,42.368,-71.078222
crosswalk,CROSSWALK,null,42.368,-71.078222
crosswalk,CROSSWALK,null,42.368,-71.078222
crosswalk,CROSSWALK,null,42.368,-71.078222
crosswalk,CROSSWALK,null,42.368,-71.078222
crosswalk,CROSSWALK,null,42.368,-71.078222
crosswalk,CROSSWALK,null,42.368,-71.078222
crosswalk,CROSSWALK,null,42.368,-71.078222
crosswalk,CROSSWALK,null,42.368,-71.078222
crosswalk,CROSSWALK,null,42.368,-71.078222
crosswalk,CROSSWALK,null,42.368,-71.078222
crosswalk,CROSSWALK,null,42.368,-71.078222
crosswalk,CROSSWALK,null,42.368,-71.078222
crosswalk,CROSSWALK,null,42.368,-71.078222
crosswalk,CROSSWALK,null,42.368,-71.078222
crosswalk,CROSSWALK,null,42.368,-71.078222
crosswalk,CROSSWALK,null,42.368,-71.078222
crosswalk,CROSSWALK,null,42.368,-71.078222
crosswalk,CROSSWALK,0,42.368,-71.078222
crosswalk,CROSSWALK,null,42.368,-71.078222
crosswalk,CROSSWALK,null,42.368,-71.078222
crosswalk,CROSSWALK,null,42.368,-71.078222
crosswalk,CROSSWALK,null,42.368,-71.078222
crosswalk,CROSSWALK,null,42.368,-71.078222
crosswalk,CROSSWALK,null,42.368,-71.078222
crosswalk,CROSSWALK,null,42.368,-71.078222
crosswalk,CROSSWALK,null,42.368,-71.078222
crosswalk,CROSSWALK,null,42.368,-71.078222
crosswalk,CROSSWALK,null,42.368,-71.078222
crosswalk,CROSSWALK,null,42.368,-71.078222
crosswalk,CROSSWALK,null,42.368,-71.078222
crosswalk,CROSSWALK,null,42.368,-71.078222
crosswalk,CROSSWALK,null,42.368,-71.078222
crosswalk,CROSSWALK,null,42.368,-71.078222
crosswalk,CROSSWALK,null,42.368,-71.078222
crosswalk,CROSSWALK,null,42.368,-71.078222
crosswalk,CROSSWALK,null,42.368,-71.078222
crosswalk,CROSSWALK,null,42.368,-71.078222
crosswalk,CROSSWALK,null,42.368,-71.078222
crosswalk,CROSSWALK,null,42.368,-71.078222
crosswalk,CROSSWALK,null,42.368,-71.078222
crosswalk,CROSSWALK,null,42.368,-71.078222
crosswalk,CROSSWALK,null,42.368,-71.078222
crosswalk,CROSSWALK,null,42.368,-71.078222
crosswalk,CROSSWALK,null,42.368,-71.078222
crosswalk,CROSSWALK,null,42.368,-71.078222
crosswalk,CROSSWALK,null,42.368,-71.078222
crosswalk,CROSSWALK,null,42.368,-71.078222
crosswalk,CROSSWALK,null,42.368,-71.078222
crosswalk,CROSSWALK,null,42.368,-71.078222
crosswalk,CROSSWALK,null,42.368,-71.078222
crosswalk,CROSSWALK,null,42.368,-71.078222
crosswalk,CROSSWALK,null,42.368,-71.078222
crosswalk,CROSSWALK,null,42.368,-71.078222
crosswalk,CROSSWALK,null,42.368,-71.078222
crosswalk,CROSSWALK,null,42.368,-71.078222
crosswalk,CROSSWALK,0,42.368,-71.078222
crosswalk,CROSSWALK,null,42.368,-71.078222
crosswalk,CROSSWALK,null,42.368,-71.078222
crosswalk,CROSSWALK,null,42.368,-71.078222
crosswalk,CROSSWALK,null,42.368,-71.078222
crosswalk,CROSSWALK,null,42.368,-71.078222
crosswalk,CROSSWALK,null,42.368,-71.078222
crosswalk,CROSSWALK,null,42.368,-71.078222
crosswalk,CROSSWALK,null,42.368,-71.078222
crosswalk,CROSSWALK,null,42.368,-71.078222
crosswalk,CROSSWALK,null,42.368,-71.078222
crosswalk,CROSSWALK,null,42.368,-71.078222
crosswalk,CROSSWALK,null,42.368,-71.078222
crosswalk,CROSSWALK,null,42.374007,-71.121521
crosswalk,CROSSWALK,null,42.382003,-71.131546
crosswalk,CROSSWALK,null,42.366409,-71.096272
crosswalk,CROSSWALK,null,42.366409,-71.096272
crosswalk,CROSSWALK,null,42.372818,-71.093846
crosswalk,CROSSWALK,null,42.373508,-71.100571
crosswalk,CROSSWALK,null,42.366409,-71.096272
crosswalk,CROSSWALK,null,42.366992,-71.106344
crosswalk,CROSSWALK,null,42.364109,-71.103219
crosswalk,CROSSWALK,null,42.373132,-71.096229
crosswalk,CROSSWALK,null,42.395757,-71.126484
crosswalk,CROSSWALK,null,42.371927,-71.081339
crosswalk,CROSSWALK,null,42.38852,-71.123142
crosswalk,CROSSWALK,null,42.37597,-71.120995
crosswalk,CROSSWALK,null,42.371437,-71.083125
crosswalk,CROSSWALK,null,42.36291,-71.111561
crosswalk,CROSSWALK,null,42.367721,-71.095193
crosswalk,CROSSWALK,null,42.366409,-71.096272
crosswalk,CROSSWALK,null,42.361087,-71.106539
crosswalk,CROSSWALK,null,42.37344,-71.119439
crosswalk,CROSSWALK,null,42.366409,-71.096272
crosswalk,CROSSWALK,null,42.364238,-71.10797
crosswalk,CROSSWALK,null,42.364238,-71.10797
crosswalk,CROSSWALK,null,42.364238,-71.10797
crosswalk,CROSSWALK,null,42.36986,-71.081809
crosswalk,CROSSWALK,null,42.370578,-71.113572
crosswalk,CROSSWALK,null,42.371622,-71.117669
crosswalk,CROSSWALK,null,42.367083,-71.09247
crosswalk,CROSSWALK,null,42.396573,-71.129382
crosswalk,CROSSWALK,null,42.381387,-71.121852
crosswalk,CROSSWALK,null,42.381387,-71.121852
crosswalk,CROSSWALK,null,42.388105,-71.119969
crosswalk,CROSSWALK,null,42.36521,-71.097917
crosswalk,CROSSWALK,null,42.367869,-71.097346
crosswalk,CROSSWALK,null,42.366409,-71.096272
crosswalk,CROSSWALK,null,42.372558,-71.091827
crosswalk,CROSSWALK,null,42.362626,-71.104864
crosswalk,CROSSWALK,null,42.383059,-71.120958
crosswalk,CROSSWALK,null,42.366409,-71.096272
crosswalk,CROSSWALK,null,42.366409,-71.096272
crosswalk,CROSSWALK,null,42.374387,-71.120177
crosswalk,CROSSWALK,null,42.374181,-71.104413
crosswalk,CROSSWALK,null,42.366409,-71.096272
crosswalk,CROSSWALK,null,42.375604,-71.134429
crosswalk,CROSSWALK,null,42.365405,-71.098781
crosswalk,CROSSWALK,null,42.371867,-71.086509
crosswalk,CROSSWALK,null,42.373142,-71.096307
crosswalk,CROSSWALK,null,42.361009,-71.088239
crosswalk,CROSSWALK,null,42.365873,-71.078035
crosswalk,CROSSWALK,null,42.362626,-71.104864
crosswalk,CROSSWALK,null,42.362626,-71.104864
crosswalk,CROSSWALK,null,42.367317,-71.106836
crosswalk,CROSSWALK,null,42.362626,-71.104864
crosswalk,CROSSWALK,null,42.361087,-71.106539
crosswalk,CROSSWALK,null,42.362289,-71.107613
crosswalk,CROSSWALK,null,42.368379,-71.108765
crosswalk,CROSSWALK,null,42.368311,-71.092866
crosswalk,CROSSWALK,null,42.367575,-71.099657
crosswalk,CROSSWALK,null,42.378496,-71.124008
crosswalk,CROSSWALK,null,42.370737,-71.083309
crosswalk,CROSSWALK,null,42.366409,-71.096272
crosswalk,CROSSWALK,null,42.366102,-71.079699
crosswalk,CROSSWALK,null,42.382003,-71.131546
crosswalk,CROSSWALK,null,42.367137,-71.088046
crosswalk,CROSSWALK,null,42.361087,-71.106539
crosswalk,CROSSWALK,null,42.367772,-71.111094
crosswalk,CROSSWALK,null,42.372744,-71.120025
crosswalk,CROSSWALK,null,42.366081,-71.104861
crosswalk,CROSSWALK,null,42.379613,-71.109507
crosswalk,CROSSWALK,null,42.365825,-71.09487
crosswalk,CROSSWALK,null,42.379451,-71.125757
crosswalk,CROSSWALK,null,42.368122,-71.079235
crosswalk,CROSSWALK,null,42.368199,-71.079773
crosswalk,CROSSWALK,null,42.370942,-71.084963
crosswalk,CROSSWALK,null,42.366409,-71.096272
crosswalk,CROSSWALK,null,42.382003,-71.131546
crosswalk,CROSSWALK,null,42.37236,-71.08462
crosswalk,CROSSWALK,null,42.369778,-71.092557
crosswalk,CROSSWALK,null,42.364157,-71.103166
crosswalk,CROSSWALK,null,42.373252,-71.097167
crosswalk,CROSSWALK,null,42.368835,-71.079718
crosswalk,CROSSWALK,null,42.372584,-71.120168
crosswalk,CROSSWALK,null,42.373372,-71.098064
crosswalk,CROSSWALK,null,42.373406,-71.119666
crosswalk,CROSSWALK,null,42.369321,-71.097538
crosswalk,CROSSWALK,null,42.364815,-71.102744
crosswalk,CROSSWALK,null,42.372293,-71.121804
crosswalk,CROSSWALK,null,42.366409,-71.096272
crosswalk,CROSSWALK,null,42.366409,-71.096272
crosswalk,CROSSWALK,null,42.367731,-71.090938
crosswalk,CROSSWALK,null,42.366409,-71.096272
crosswalk,CROSSWALK,null,42.36659,-71.085967
crosswalk,CROSSWALK,null,42.369183,-71.110768
crosswalk,CROSSWALK,null,42.388209,-71.121452
crosswalk,CROSSWALK,null,42.361735,-71.110928
crosswalk,CROSSWALK,null,42.388501,-71.123033
crosswalk,CROSSWALK,null,42.388501,-71.123033
crosswalk,CROSSWALK,null,42.388501,-71.123033
crosswalk,CROSSWALK,null,42.368379,-71.108765
crosswalk,CROSSWALK,null,42.372584,-71.120168
crosswalk,CROSSWALK,null,42.382003,-71.131546
crosswalk,CROSSWALK,null,42.371867,-71.086509
crosswalk,CROSSWALK,null,42.3714,-71.095341
crosswalk,CROSSWALK,null,42.362626,-71.104864
crosswalk,CROSSWALK,null,42.363425,-71.101924
crosswalk,CROSSWALK,null,42.366832,-71.097279
crosswalk,CROSSWALK,null,42.362439,-71.102584
crosswalk,CROSSWALK,null,42.369654,-71.11211
crosswalk,CROSSWALK,null,42.369654,-71.11211
crosswalk,CROSSWALK,null,42.369654,-71.11211
crosswalk,CROSSWALK,null,42.369654,-71.11211
crosswalk,CROSSWALK,null,42.369654,-71.11211
crosswalk,CROSSWALK,null,42.369654,-71.11211
crosswalk,CROSSWALK,null,42.369654,-71.11211
crosswalk,CROSSWALK,null,42.369654,-71.11211
crosswalk,CROSSWALK,null,42.369654,-71.11211
crosswalk,CROSSWALK,null,42.369654,-71.11211
crosswalk,CROSSWALK,null,42.369654,-71.11211
crosswalk,CROSSWALK,null,42.369654,-71.11211
crosswalk,CROSSWALK,null,42.369654,-71.11211
crosswalk,CROSSWALK,null,42.369654,-71.11211
crosswalk,CROSSWALK,null,42.369654,-71.11211
crosswalk,CROSSWALK,null,42.369654,-71.11211
crosswalk,CROSSWALK,null,42.369654,-71.11211
crosswalk,CROSSWALK,null,42.369654,-71.11211
crosswalk,CROSSWALK,null,42.369654,-71.11211
crosswalk,CROSSWALK,null,42.369654,-71.11211
crosswalk,CROSSWALK,null,42.369654,-71.11211
crosswalk,CROSSWALK,null,42.369654,-71.11211
crosswalk,CROSSWALK,null,42.369654,-71.11211
crosswalk,CROSSWALK,null,42.369654,-71.11211
crosswalk,CROSSWALK,null,42.369654,-71.11211
crosswalk,CROSSWALK,null,42.369654,-71.11211
crosswalk,CROSSWALK,null,42.369654,-71.11211
crosswalk,CROSSWALK,null,42.369654,-71.11211
crosswalk,CROSSWALK,null,42.369654,-71.11211
crosswalk,CROSSWALK,null,42.369654,-71.11211
crosswalk,CROSSWALK,null,42.369654,-71.11211
crosswalk,CROSSWALK,null,42.369654,-71.11211
crosswalk,CROSSWALK,null,42.369654,-71.11211
crosswalk,CROSSWALK,null,42.369654,-71.11211
crosswalk,CROSSWALK,null,42.369654,-71.11211
crosswalk,CROSSWALK,null,42.369654,-71.11211
crosswalk,CROSSWALK,null,42.369654,-71.11211
crosswalk,CROSSWALK,null,42.369654,-71.11211
crosswalk,CROSSWALK,null,42.369654,-71.11211
crosswalk,CROSSWALK,null,42.369654,-71.11211
crosswalk,CROSSWALK,null,42.369654,-71.11211
crosswalk,CROSSWALK,null,42.369654,-71.11211
crosswalk,CROSSWALK,null,42.369654,-71.11211
crosswalk,CROSSWALK,null,42.369654,-71.11211
crosswalk,CROSSWALK,null,42.369654,-71.11211
crosswalk,CROSSWALK,null,42.369654,-71.11211
crosswalk,CROSSWALK,null,42.369654,-71.11211
crosswalk,CROSSWALK,null,42.369654,-71.11211
crosswalk,CROSSWALK,null,42.369654,-71.11211
crosswalk,CROSSWALK,null,42.369654,-71.11211
crosswalk,CROSSWALK,null,42.369654,-71.11211
crosswalk,CROSSWALK,null,42.369654,-71.11211
crosswalk,CROSSWALK,null,42.369654,-71.11211
crosswalk,CROSSWALK,null,42.369654,-71.11211
crosswalk,CROSSWALK,null,42.369654,-71.11211
crosswalk,CROSSWALK,null,42.369654,-71.11211
crosswalk,CROSSWALK,null,42.369654,-71.11211
crosswalk,CROSSWALK,null,42.369654,-71.11211
crosswalk,CROSSWALK,null,42.369654,-71.11211
crosswalk,CROSSWALK,null,42.369654,-71.11211
crosswalk,CROSSWALK,null,42.369654,-71.11211
crosswalk,CROSSWALK,null,42.369654,-71.11211
crosswalk,CROSSWALK,null,42.369654,-71.11211
crosswalk,CROSSWALK,null,42.369654,-71.11211
crosswalk,CROSSWALK,null,42.369654,-71.11211
crosswalk,CROSSWALK,null,42.369654,-71.11211
crosswalk,CROSSWALK,null,42.369654,-71.11211
crosswalk,CROSSWALK,null,42.369654,-71.11211
crosswalk,CROSSWALK,null,42.369654,-71.11211
crosswalk,CROSSWALK,null,42.369654,-71.11211
crosswalk,CROSSWALK,null,42.369654,-71.11211
crosswalk,CROSSWALK,null,42.369654,-71.11211
crosswalk,CROSSWALK,null,42.369654,-71.11211
crosswalk,CROSSWALK,null,42.369654,-71.11211
crosswalk,CROSSWALK,null,42.369654,-71.11211
crosswalk,CROSSWALK,null,42.369654,-71.11211
crosswalk,CROSSWALK,null,42.369654,-71.11211
crosswalk,CROSSWALK,null,42.369654,-71.11211
crosswalk,CROSSWALK,null,42.369654,-71.11211
crosswalk,CROSSWALK,null,42.369654,-71.11211
crosswalk,CROSSWALK,null,42.369654,-71.11211
crosswalk,CROSSWALK,null,42.369654,-71.11211
crosswalk,CROSSWALK,null,42.369654,-71.11211
crosswalk,CROSSWALK,null,42.369654,-71.11211
crosswalk,CROSSWALK,null,42.369654,-71.11211
crosswalk,CROSSWALK,null,42.369654,-71.11211
crosswalk,CROSSWALK,null,42.369654,-71.11211
crosswalk,CROSSWALK,null,42.369654,-71.11211
crosswalk,CROSSWALK,null,42.369654,-71.11211
crosswalk,CROSSWALK,null,42.369654,-71.11211
crosswalk,CROSSWALK,null,42.369654,-71.11211
crosswalk,CROSSWALK,null,42.369654,-71.11211
crosswalk,CROSSWALK,null,42.369654,-71.11211
crosswalk,CROSSWALK,null,42.369654,-71.11211
crosswalk,CROSSWALK,null,42.369654,-71.11211
crosswalk,CROSSWALK,null,42.369654,-71.11211
crosswalk,CROSSWALK,null,42.369654,-71.11211
crosswalk,CROSSWALK,null,42.369654,-71.11211
crosswalk,CROSSWALK,null,42.369654,-71.11211
crosswalk,CROSSWALK,null,42.369654,-71.11211
crosswalk,CROSSWALK,null,42.369654,-71.11211
crosswalk,CROSSWALK,null,42.369654,-71.11211
crosswalk,CROSSWALK,null,42.369654,-71.11211
crosswalk,CROSSWALK,null,42.369654,-71.11211
crosswalk,CROSSWALK,null,42.369654,-71.11211
crosswalk,CROSSWALK,null,42.369654,-71.11211
crosswalk,CROSSWALK,null,42.369654,-71.11211
crosswalk,CROSSWALK,null,42.369654,-71.11211
crosswalk,CROSSWALK,null,42.369654,-71.11211
crosswalk,CROSSWALK,null,42.369654,-71.11211
crosswalk,CROSSWALK,null,42.369654,-71.11211
crosswalk,CROSSWALK,null,42.369654,-71.11211
crosswalk,CROSSWALK,null,42.369654,-71.11211
crosswalk,CROSSWALK,null,42.369654,-71.11211
crosswalk,CROSSWALK,null,42.369654,-71.11211
crosswalk,CROSSWALK,null,42.369654,-71.11211
crosswalk,CROSSWALK,null,42.369654,-71.11211
crosswalk,CROSSWALK,null,42.369654,-71.11211
crosswalk,CROSSWALK,null,42.369654,-71.11211
crosswalk,CROSSWALK,null,42.369654,-71.11211
crosswalk,CROSSWALK,null,42.369654,-71.11211
crosswalk,CROSSWALK,null,42.369654,-71.11211
crosswalk,CROSSWALK,null,42.366409,-71.096272
crosswalk,CROSSWALK,null,42.386567,-71.117406
crosswalk,CROSSWALK,null,42.378307,-71.123709
crosswalk,CROSSWALK,null,42.390995,-71.119952
crosswalk,CROSSWALK,null,42.370031,-71.091049
crosswalk,CROSSWALK,null,42.367318,-71.110073
crosswalk,CROSSWALK,null,42.374605,-71.113575
crosswalk,CROSSWALK,null,42.396604,-71.129417
crosswalk,CROSSWALK,null,42.371371,-71.111737
crosswalk,CROSSWALK,null,42.381519,-71.134097
crosswalk,CROSSWALK,null,42.372851,-71.116936
crosswalk,CROSSWALK,null,42.370508,-71.073373
crosswalk,CROSSWALK,null,42.394773,-71.130822
crosswalk,CROSSWALK,null,42.361087,-71.106539
crosswalk,CROSSWALK,null,42.366409,-71.096272
crosswalk,CROSSWALK,null,42.377396,-71.122945
crosswalk,CROSSWALK,null,42.365082,-71.10317
crosswalk,CROSSWALK,null,42.382003,-71.131546
crosswalk,CROSSWALK,null,42.366409,-71.096272
crosswalk,CROSSWALK,null,42.363425,-71.101924
crosswalk,CROSSWALK,null,42.370578,-71.113572
crosswalk,CROSSWALK,null,42.377503,-71.122137
crosswalk,CROSSWALK,null,42.372393,-71.084707
crosswalk,CROSSWALK,null,42.358608,-71.106703
crosswalk,CROSSWALK,null,42.363392,-71.099163
crosswalk,CROSSWALK,null,42.371924,-71.086951
crosswalk,CROSSWALK,null,42.36291,-71.111561
crosswalk,CROSSWALK,null,42.369183,-71.110768
crosswalk,CROSSWALK,null,42.360383,-71.109656
crosswalk,CROSSWALK,null,42.373132,-71.096229
crosswalk,CROSSWALK,null,42.362626,-71.104864
crosswalk,CROSSWALK,null,42.373221,-71.105582
crosswalk,CROSSWALK,null,42.368252,-71.085595
crosswalk,CROSSWALK,null,42.362626,-71.104864
crosswalk,CROSSWALK,null,42.362626,-71.104864
crosswalk,CROSSWALK,null,42.362626,-71.104864
crosswalk,CROSSWALK,null,42.366409,-71.096272
crosswalk,CROSSWALK,null,42.362626,-71.104864
crosswalk,CROSSWALK,null,42.369678,-71.11218
crosswalk,CROSSWALK,null,42.373598,-71.106393
crosswalk,CROSSWALK,null,42.362626,-71.104864
crosswalk,CROSSWALK,null,42.362626,-71.104864
crosswalk,CROSSWALK,null,42.36781038500004,-71.10945949999996
