bike_lane,BICYCLE LANE,null,42.3614654320005,-71.08829511699963
bike_lane,BICYCLE LANE,null,42.36337653700048,-71.09866888899967
bike_lane,BICYCLE LANE,null,42.366791640000486,-71.10600946299962
bike_lane,BICYCLE LANE,null,42.3614654320005,-71.08829511699963
bike_lane,BICYCLE LANE,null,42.35896465200045,-71.09347506099965
bike_lane,BICYCLE LANE,null,42.366791640000486,-71.10600946299962
bike_lane,BICYCLE LANE,null,42.36224373100049,-71.09074397899963
bike_lane,BICYCLE LANE,null,42.3799267600005,-71.11808944599966
bike_lane,BICYCLE LANE,null,42.366791640000486,-71.10600946299962
bike_lane,BICYCLE LANE,null,42.366791640000486,-71.10600946299962
bike_lane,BICYCLE LANE,null,42.369042306000495,-71.09507146499965
bike_lane,BICYCLE LANE,null,42.366791640000486,-71.10600946299962
bike_lane,BICYCLE LANE,null,42.366791640000486,-71.10600946299962
bike_lane,BICYCLE LANE,null,42.37180663100048,-71.08573682999963
bike_lane,BICYCLE LANE,null,42.37382332800047,-71.11232409799965
bike_lane,BICYCLE LANE,null,42.366791640000486,-71.10600946299962
bike_lane,BICYCLE LANE,null,42.366791640000486,-71.10600946299962
bike_lane,BICYCLE LANE,null,42.363873028000455,-71.08338836299964
bike_lane,BICYCLE LANE,null,42.366791640000486,-71.10600946299962
bike_lane,BICYCLE LANE,null,42.366791640000486,-71.10600946299962
bike_lane,BICYCLE LANE,null,42.366791640000486,-71.10600946299962
bike_lane,BICYCLE LANE,null,42.37319628300048,-71.09651757899962
bike_lane,BICYCLE LANE,null,42.37110258600046,-71.08068407399963
bike_lane,BICYCLE LANE,null,42.37319628300048,-71.09651757899962
bike_lane,BICYCLE LANE,null,42.38477325800045,-71.11764696999967
bike_lane,BICYCLE LANE,null,42.36221618900049,-71.08311654099964
bike_lane,BICYCLE LANE,null,42.3608968260005,-71.10184918699963
bike_lane,BICYCLE LANE,null,42.366791640000486,-71.10600946299962
bike_lane,BICYCLE LANE,0,42.3799370160005,-71.11820524799964
bike_lane,BICYCLE LANE,null,42.374807424000494,-71.10922628999964
bike_lane,BICYCLE LANE,null,42.366791640000486,-71.10600946299962
bike_lane,BICYCLE LANE,null,42.3614654320005,-71.08829511699963
bike_lane,BICYCLE LANE,null,42.35924906300045,-71.09378551799966
bike_lane,BICYCLE LANE,null,42.3587736230005,-71.09334706799967
bike_lane,BICYCLE LANE,null,42.36416354500045,-71.10170515099963
bike_lane,BICYCLE LANE,null,42.3614654320005,-71.08829511699963
bike_lane,BICYCLE LANE,null,42.366791640000486,-71.10600946299962
bike_lane,BICYCLE LANE,null,42.362686888000496,-71.08984401299966
bike_lane,BICYCLE LANE,null,42.38477325800045,-71.11764696999967
bike_lane,BICYCLE LANE,null,42.36141796700048,-71.08833785199965
bike_lane,BICYCLE LANE,null,42.366791640000486,-71.10600946299962
bike_lane,BICYCLE LANE,null,42.371465945000466,-71.11715151399966
bike_lane,BICYCLE LANE,null,42.3799370160005,-71.11820524799964
bike_lane,BICYCLE LANE,null,42.37183313300045,-71.11830031399967
bike_lane,BICYCLE LANE,null,42.36549416100047,-71.08255853999964
bike_lane,BICYCLE LANE,null,42.37324314400047,-71.11824969799966
bike_lane,BICYCLE LANE,null,42.366791640000486,-71.10600946299962
bike_lane,BICYCLE LANE,null,42.36860674400049,-71.08276739899964
bike_lane,BICYCLE LANE,null,42.366791640000486,-71.10600946299962
bike_lane,BICYCLE LANE,null,42.365124548000495,-71.10328492999963
bike_lane,BICYCLE LANE,null,42.366791640000486,-71.10600946299962
bike_lane,BICYCLE LANE,null,42.36209219700049,-71.08153520799965
bike_lane,BICYCLE LANE,null,42.36827719200045,-71.07752566999966
bike_lane,BICYCLE LANE,null,42.366791640000486,-71.10600946299962
bike_lane,BICYCLE LANE,null,42.366791640000486,-71.10600946299962
bike_lane,BICYCLE LANE,null,42.36603369900047,-71.10483474899962
bike_lane,BICYCLE LANE,null,42.360391768000454,-71.09529607799965
bike_lane,BICYCLE LANE,null,42.366791640000486,-71.10600946299962
bike_lane,BICYCLE LANE,null,42.35924906300045,-71.09378551799966
bike_lane,BICYCLE LANE,null,42.365984151000475,-71.10475524199967
bike_lane,BICYCLE LANE,null,42.373456698000496,-71.09847760999963
bike_lane,BICYCLE LANE,null,42.389691196000456,-71.12022808199964
bike_lane,BICYCLE LANE,null,42.36599452100046,-71.10476561199965
bike_lane,BICYCLE LANE,null,42.366791640000486,-71.10600946299962
bike_lane,BICYCLE LANE,null,42.37253717700048,-71.09137724999965
bike_lane,BICYCLE LANE,null,42.37066397500047,-71.09714662199963
bike_lane,BICYCLE LANE,null,42.366791640000486,-71.10600946299962
bike_lane,BICYCLE LANE,null,42.36568455700046,-71.10413531399962
bike_lane,BICYCLE LANE,null,42.36285224800048,-71.09224261299966
bike_lane,BICYCLE LANE,null,42.3652714800005,-71.08267706299966
bike_lane,BICYCLE LANE,null,42.37314212600046,-71.09649453299966
bike_lane,BICYCLE LANE,null,42.377735121000455,-71.12249692499967
bike_lane,BICYCLE LANE,null,42.36781021900049,-71.07756351299963
bike_lane,BICYCLE LANE,null,42.366791640000486,-71.10600946299962
bike_lane,BICYCLE LANE,null,42.37347628700047,-71.09863777699962
bike_lane,BICYCLE LANE,null,42.373131755000486,-71.09636432499963
bike_lane,BICYCLE LANE,null,42.366791640000486,-71.10600946299962
bike_lane,BICYCLE LANE,null,42.366791640000486,-71.10600946299962
bike_lane,BICYCLE LANE,null,42.37319167300046,-71.09691396399967
bike_lane,BICYCLE LANE,null,42.35924906300045,-71.09378551799966
bike_lane,BICYCLE LANE,null,42.36012713800045,-71.08775103799962
bike_lane,BICYCLE LANE,null,42.37073616000049,-71.09723890799967
bike_lane,BICYCLE LANE,null,42.37319628300048,-71.09651757899962
bike_lane,BICYCLE LANE,null,42.3614654320005,-71.08829511699963
bike_lane,BICYCLE LANE,null,42.37347628700047,-71.09863777699962
bike_lane,BICYCLE LANE,null,42.3652714800005,-71.08267706299966
bike_lane,BICYCLE LANE,null,42.366791640000486,-71.10600946299962
bike_lane,BICYCLE LANE,null,42.366791640000486,-71.10600946299962
bike_lane,BICYCLE LANE,null,42.38163674700047,-71.11719873299967
bike_lane,BICYCLE LANE,null,42.373131755000486,-71.09636432499963
bike_lane,BICYCLE LANE,null,42.37137222000047,-71.08284345099963
bike_lane,BICYCLE LANE,null,42.35896465200045,-71.09347506099965
bike_lane,BICYCLE LANE,null,42.366791640000486,-71.10600946299962
bike_lane,BICYCLE LANE,null,42.3614654320005,-71.08829511699963
bike_lane,BICYCLE LANE,null,42.37309257700048,-71.09605436099963
bike_lane,BICYCLE LANE,null,42.37140056700048,-71.08301387299963
bike_lane,BICYCLE LANE,null,42.36008535800045,-71.08772482399962
bike_lane,BICYCLE LANE,null,42.3614654320005,-71.08829511699963
bike_lane,BICYCLE LANE,null,42.373078749000456,-71.11969572699962
bike_lane,BICYCLE LANE,null,42.36974422700047,-71.08011870399963
bike_lane,BICYCLE LANE,null,42.361916875000475,-71.08827416199966
bike_lane,BICYCLE LANE,null,42.3614654320005,-71.08829511699963
bike_lane,BICYCLE LANE,null,42.372263001000476,-71.08926905699963
bike_lane,BICYCLE LANE,null,42.370586364000474,-71.09704993299965
bike_lane,BICYCLE LANE,null,42.3730268970005,-71.09514751499967
bike_lane,BICYCLE LANE,null,42.3614654320005,-71.08829511699963
bike_lane,BICYCLE LANE,null,42.37170638200047,-71.08492677599963
bike_lane,BICYCLE LANE,null,42.36326646600048,-71.09705911099962
bike_lane,BICYCLE LANE,null,42.37323200300045,-71.09718474999966
bike_lane,BICYCLE LANE,null,42.3652714800005,-71.08267706299966
bike_lane,BICYCLE LANE,null,42.37236318200047,-71.11971070699963
bike_lane,BICYCLE LANE,null,42.37201288900047,-71.11880962299966
bike_lane,BICYCLE LANE,null,42.3614654320005,-71.08829511699963
bike_lane,BICYCLE LANE,null,42.36993159700046,-71.07709661899963
bike_lane,BICYCLE LANE,null,42.37312118800048,-71.11974129199967
bike_lane,BICYCLE LANE,null,42.36993159700046,-71.07709661899963
bike_lane,BICYCLE LANE,null,42.366791640000486,-71.10600946299962
bike_lane,BICYCLE LANE,null,42.36974422700047,-71.08011870399963
bike_lane,BICYCLE LANE,null,42.366791640000486,-71.10600946299962
bike_lane,BICYCLE LANE,null,42.37180663100048,-71.08573682999963
bike_lane,BICYCLE LANE,4,42.3614654320005,-71.08829511699963
bike_lane,BICYCLE LANE,null,42.371536997000476,-71.08361663199963
bike_lane,BICYCLE LANE,null,42.38950107000045,-71.12003795499965
bike_lane,BICYCLE LANE,null,42.366791640000486,-71.10600946299962
bike_lane,BICYCLE LANE,null,42.39673624800048,-71.12954082299967
bike_lane,BICYCLE LANE,null,42.371979473000465,-71.12058528899962
bike_lane,BICYCLE LANE,null,42.38284549000048,-71.11955399699963
bike_lane,BICYCLE LANE,null,42.37180980500045,-71.08570784099965
bike_lane,BICYCLE LANE,null,42.366791640000486,-71.10600946299962
bike_lane,BICYCLE LANE,null,42.37201288900047,-71.11880962299966
bike_lane,BICYCLE LANE,null,42.37119707400046,-71.08097675399966
bike_lane,BICYCLE LANE,null,42.3587499300005,-71.09333020999964
bike_lane,BICYCLE LANE,null,42.36224373100049,-71.09074397899963
bike_lane,BICYCLE LANE,14,42.3614654320005,-71.08829511699963
bike_lane,BICYCLE LANE,null,42.37970206600045,-71.12182629699964
bike_lane,BICYCLE LANE,null,42.36629411500047,-71.10516545399963
bike_lane,BICYCLE LANE,null,42.37314212600046,-71.09645420299967
bike_lane,BICYCLE LANE,AMES0001,42.361916875000475,-71.08827416199966
bike_lane,BICYCLE LANE,null,42.361916875000475,-71.08827416199966
bike_lane,BICYCLE LANE,null,42.36629411500047,-71.10516545399963
bike_lane,BICYCLE LANE,null,42.36363119100048,-71.08353251499966
bike_lane,BICYCLE LANE,null,42.37570480000045,-71.13049721699963
bike_lane,BICYCLE LANE,null,42.366791640000486,-71.10600946299962
bike_lane,BICYCLE LANE,null,42.373230769000486,-71.11831633699967
bike_lane,BICYCLE LANE,null,42.366791640000486,-71.10600946299962
bike_lane,BICYCLE LANE,null,42.36603369900047,-71.10483474899962
bike_lane,BICYCLE LANE,null,42.366791640000486,-71.10600946299962
bike_lane,BICYCLE LANE,null,42.37185502700049,-71.09861818899964
bike_lane,BICYCLE LANE,null,42.354385281000475,-71.10661156699967
bike_lane,BICYCLE LANE,null,42.371611895000456,-71.08466405599967
bike_lane,BICYCLE LANE,null,42.366791640000486,-71.10600946299962
bike_lane,BICYCLE LANE,null,42.37484984200046,-71.10913081699965
bike_lane,BICYCLE LANE,null,42.366791640000486,-71.10600946299962
bike_lane,BICYCLE LANE,null,42.371402179000484,-71.08301398799966
bike_lane,BICYCLE LANE,null,42.38955177100047,-71.12008865599967
bike_lane,BICYCLE LANE,null,42.37160267700045,-71.08455458899965
bike_lane,BICYCLE LANE,null,42.37487686700047,-71.10933950799966
bike_lane,BICYCLE LANE,null,42.372839075000456,-71.11988585399962
bike_lane,BICYCLE LANE,null,42.371979473000465,-71.12058528899962
bike_lane,BICYCLE LANE,null,42.36555545300047,-71.09434223399967
bike_lane,BICYCLE LANE,null,42.37273357900045,-71.09279884299963
bike_lane,BICYCLE LANE,0,42.371442509000474,-71.08334469299967
bike_lane,BICYCLE LANE,null,42.36344211500045,-71.10044882199963
bike_lane,BICYCLE LANE,null,42.36405407900048,-71.10139633999967
bike_lane,BICYCLE LANE,null,42.37182852400048,-71.12071549699965
bike_lane,BICYCLE LANE,null,42.371979473000465,-71.12058528899962
bike_lane,BICYCLE LANE,null,42.369737132000466,-71.07717652799965
bike_lane,BICYCLE LANE,null,42.365853942000456,-71.10440494799963
bike_lane,BICYCLE LANE,null,42.36461408800045,-71.10235503799964
bike_lane,BICYCLE LANE,null,42.366791640000486,-71.10600946299962
bike_lane,BICYCLE LANE,null,42.366791640000486,-71.10600946299962
bike_lane,BICYCLE LANE,null,42.371817001000466,-71.08574720099966
bike_lane,BICYCLE LANE,null,42.36499526300048,-71.10306571399963
bike_lane,BICYCLE LANE,null,42.367824344000496,-71.10774426099965
bike_lane,BICYCLE LANE,null,42.369737132000466,-71.07717652799965
bike_lane,BICYCLE LANE,null,42.3614654320005,-71.08829511699963
bike_lane,BICYCLE LANE,null,42.366791640000486,-71.10600946299962
bike_lane,BICYCLE LANE,10,42.3614654320005,-71.08829511699963
bike_lane,BICYCLE LANE,null,42.36691634700048,-71.09753273899963
bike_lane,BICYCLE LANE,null,42.37182852400048,-71.12071549699965
bike_lane,BICYCLE LANE,null,42.3614654320005,-71.08829511699963
bike_lane,BICYCLE LANE,null,42.369737132000466,-71.07717652799965
bike_lane,BICYCLE LANE,null,42.366791640000486,-71.10600946299962
bike_lane,BICYCLE LANE,null,42.37293241000049,-71.09482372399964
bike_lane,BICYCLE LANE,null,42.3614654320005,-71.08829511699963
bike_lane,BICYCLE LANE,null,42.37178704200045,-71.08552711499965
bike_lane,BICYCLE LANE,null,42.366791640000486,-71.10600946299962
bike_lane,BICYCLE LANE,null,42.372526862000484,-71.12174000799962
bike_lane,BICYCLE LANE,null,42.38229585200048,-71.11961391499966
bike_lane,BICYCLE LANE,null,42.373075292000465,-71.10010924099964
bike_lane,BICYCLE LANE,null,42.37179626000045,-71.08562736299967
bike_lane,BICYCLE LANE,null,42.39159476600048,-71.12356739399962
bike_lane,BICYCLE LANE,null,42.39159476600048,-71.12356739399962
bike_lane,BICYCLE LANE,null,42.39159476600048,-71.12356739399962
bike_lane,BICYCLE LANE,null,42.39159476600048,-71.12356739399962
bike_lane,BICYCLE LANE,null,42.39159476600048,-71.12356739399962
bike_lane,BICYCLE LANE,null,42.39159476600048,-71.12356739399962
bike_lane,BICYCLE LANE,null,42.39159476600048,-71.12356739399962
bike_lane,BICYCLE LANE,null,42.39159476600048,-71.12356739399962
bike_lane,BICYCLE LANE,null,42.39159476600048,-71.12356739399962
bike_lane,BICYCLE LANE,null,42.39159476600048,-71.12356739399962
bike_lane,BICYCLE LANE,null,42.39159476600048,-71.12356739399962
bike_lane,BICYCLE LANE,null,42.39159476600048,-71.12356739399962
bike_lane,BICYCLE LANE,null,42.39159476600048,-71.12356739399962
bike_lane,BICYCLE LANE,null,42.39159476600048,-71.12356739399962
bike_lane,BICYCLE LANE,null,42.39159476600048,-71.12356739399962
bike_lane,BICYCLE LANE,null,42.39159476600048,-71.12356739399962
bike_lane,BICYCLE LANE,null,42.39159476600048,-71.12356739399962
bike_lane,BICYCLE LANE,null,42.39159476600048,-71.12356739399962
bike_lane,BICYCLE LANE,null,42.39159476600048,-71.12356739399962
bike_lane,BICYCLE LANE,null,42.39159476600048,-71.12356739399962
bike_lane,BICYCLE LANE,null,42.39159476600048,-71.12356739399962
bike_lane,BICYCLE LANE,10,42.39159476600048,-71.12356739399962
bike_lane,BICYCLE LANE,null,42.39159476600048,-71.12356739399962
bike_lane,BICYCLE LANE,null,42.39159476600048,-71.12356739399962
bike_lane,BICYCLE LANE,null,42.39159476600048,-71.12356739399962
bike_lane,BICYCLE LANE,null,42.39159476600048,-71.12356739399962
bike_lane,BICYCLE LANE,null,42.39159476600048,-71.12356739399962
bike_lane,BICYCLE LANE,null,42.39159476600048,-71.12356739399962
bike_lane,BICYCLE LANE,null,42.39159476600048,-71.12356739399962
bike_lane,BICYCLE LANE,null,42.39159476600048,-71.12356739399962
bike_lane,BICYCLE LANE,null,42.39159476600048,-71.12356739399962
bike_lane,BICYCLE LANE,null,42.39159476600048,-71.12356739399962
bike_lane,BICYCLE LANE,null,42.39159476600048,-71.12356739399962
bike_lane,BICYCLE LANE,null,42.39159476600048,-71.12356739399962
bike_lane,BICYCLE LANE,null,42.39159476600048,-71.12356739399962
bike_lane,BICYCLE LANE,null,42.39159476600048,-71.12356739399962
bike_lane,BICYCLE LANE,null,42.39159476600048,-71.12356739399962
bike_lane,BICYCLE LANE,null,42.39159476600048,-71.12356739399962
bike_lane,BICYCLE LANE,null,42.39159476600048,-71.12356739399962
bike_lane,BICYCLE LANE,null,42.39159476600048,-71.12356739399962
bike_lane,BICYCLE LANE,null,42.39159476600048,-71.12356739399962
bike_lane,BICYCLE LANE,null,42.39159476600048,-71.12356739399962
bike_lane,BICYCLE LANE,null,42.39159476600048,-71.12356739399962
bike_lane,BICYCLE LANE,null,42.39159476600048,-71.12356739399962
bike_lane,BICYCLE LANE,null,42.39159476600048,-71.12356739399962
bike_lane,BICYCLE LANE,null,42.39159476600048,-71.12356739399962
bike_lane,BICYCLE LANE,null,42.39159476600048,-71.12356739399962
bike_lane,BICYCLE LANE,null,42.39159476600048,-71.12356739399962
bike_lane,BICYCLE LANE,null,42.39159476600048,-71.12356739399962
bike_lane,BICYCLE LANE,null,42.39159476600048,-71.12356739399962
bike_lane,BICYCLE LANE,null,42.39159476600048,-71.12356739399962
bike_lane,BICYCLE LANE,null,42.39159476600048,-71.12356739399962
bike_lane,BICYCLE LANE,null,42.39159476600048,-71.12356739399962
bike_lane,BICYCLE LANE,null,42.39159476600048,-71.12356739399962
bike_lane,BICYCLE LANE,null,42.39159476600048,-71.12356739399962
bike_lane,BICYCLE LANE,null,42.39159476600048,-71.12356739399962
bike_lane,BICYCLE LANE,null,42.39159476600048,-71.12356739399962
bike_lane,BICYCLE LANE,null,42.39159476600048,-71.12356739399962
bike_lane,BICYCLE LANE,null,42.39159476600048,-71.12356739399962
bike_lane,BICYCLE LANE,null,42.39159476600048,-71.12356739399962
bike_lane,BICYCLE LANE,null,42.39159476600048,-71.12356739399962
bike_lane,BICYCLE LANE,null,42.39159476600048,-71.12356739399962
bike_lane,BICYCLE LANE,null,42.39159476600048,-71.12356739399962
bike_lane,BICYCLE LANE,null,42.39159476600048,-71.12356739399962
bike_lane,BICYCLE LANE,null,42.39159476600048,-71.12356739399962
bike_lane,BICYCLE LANE,null,42.39159476600048,-71.12356739399962
bike_lane,BICYCLE LANE,null,42.39159476600048,-71.12356739399962
bike_lane,BICYCLE LANE,null,42.39159476600048,-71.12356739399962
bike_lane,BICYCLE LANE,null,42.39159476600048,-71.12356739399962
bike_lane,BICYCLE LANE,null,42.39159476600048,-71.12356739399962
bike_lane,BICYCLE LANE,null,42.39159476600048,-71.12356739399962
bike_lane,BICYCLE LANE,null,42.39159476600048,-71.12356739399962
bike_lane,BICYCLE LANE,null,42.39159476600048,-71.12356739399962
bike_lane,BICYCLE LANE,null,42.39159476600048,-71.12356739399962
bike_lane,BICYCLE LANE,null,42.39159476600048,-71.12356739399962
bike_lane,BICYCLE LANE,null,42.39159476600048,-71.12356739399962
bike_lane,BICYCLE LANE,null,42.39159476600048,-71.12356739399962
bike_lane,BICYCLE LANE,null,42.39159476600048,-71.12356739399962
bike_lane,BICYCLE LANE,null,42.39159476600048,-71.12356739399962
bike_lane,BICYCLE LANE,null,42.39159476600048,-71.12356739399962
bike_lane,BICYCLE LANE,null,42.39159476600048,-71.12356739399962
bike_lane,BICYCLE LANE,null,42.39159476600048,-71.12356739399962
bike_lane,BICYCLE LANE,null,42.39159476600048,-71.12356739399962
bike_lane,BICYCLE LANE,null,42.39159476600048,-71.12356739399962
bike_lane,BICYCLE LANE,null,42.39159476600048,-71.12356739399962
bike_lane,BICYCLE LANE,null,42.39159476600048,-71.12356739399962
bike_lane,BICYCLE LANE,null,42.39159476600048,-71.12356739399962
bike_lane,BICYCLE LANE,null,42.39159476600048,-71.12356739399962
bike_lane,BICYCLE LANE,null,42.39159476600048,-71.12356739399962
bike_lane,BICYCLE LANE,null,42.39159476600048,-71.12356739399962
bike_lane,BICYCLE LANE,null,42.39159476600048,-71.12356739399962
bike_lane,BICYCLE LANE,null,42.39159476600048,-71.12356739399962
bike_lane,BICYCLE LANE,null,42.39159476600048,-71.12356739399962
bike_lane,BICYCLE LANE,null,42.39159476600048,-71.12356739399962
bike_lane,BICYCLE LANE,null,42.39159476600048,-71.12356739399962
bike_lane,BICYCLE LANE,null,42.39159476600048,-71.12356739399962
bike_lane,BICYCLE LANE,null,42.39159476600048,-71.12356739399962
bike_lane,BICYCLE LANE,null,42.39159476600048,-71.12356739399962
bike_lane,BICYCLE LANE,null,42.39159476600048,-71.12356739399962
bike_lane,BICYCLE LANE,null,42.36426996800003,-71.10188832099993
bike_lane,BICYCLE LANE,null,42.36679362800004,-71.10600609899996
bike_lane,BICYCLE LANE,null,42.36606819100007,-71.10488276899997
bike_lane,BICYCLE LANE,null,42.36919556000004,-71.09535031699994
bike_lane,BICYCLE LANE,null,42.36392223400003,-71.08745911799997
bike_lane,BICYCLE LANE,null,42.36679362800004,-71.10600609899996
bike_lane,BICYCLE LANE,null,42.38910238100004,-71.11980980299995
bike_lane,BICYCLE LANE,null,42.36414338700007,-71.10166079499999
bike_lane,BICYCLE LANE,null,42.36679362800004,-71.10600609899996
bike_lane,BICYCLE LANE,null,42.36298340900004,-71.09358804899995
bike_lane,BICYCLE LANE,null,42.372012889000075,-71.11880962299995
bike_lane,BICYCLE LANE,null,42.37481178200005,-71.10929407999998
bike_lane,BICYCLE LANE,null,42.372167742000045,-71.11904855599994
bike_lane,BICYCLE LANE,null,42.373092676000056,-71.11967926099999
bike_lane,BICYCLE LANE,null,42.36679362800004,-71.10600609899996
bike_lane,BICYCLE LANE,null,42.36679362800004,-71.10600609899996
bike_lane,BICYCLE LANE,null,42.36260256500003,-71.08814995099993
bike_lane,BICYCLE LANE,null,42.36260256500003,-71.08814995099993
bike_lane,BICYCLE LANE,null,42.36611435800006,-71.10496495699994
bike_lane,BICYCLE LANE,null,42.37319973900003,-71.11959547899994
bike_lane,BICYCLE LANE,null,42.36263794900003,-71.08829832199996
bike_lane,BICYCLE LANE,null,42.36679362800004,-71.10600609899996
bike_lane,BICYCLE LANE,null,42.36679362800004,-71.10600609899996
bike_lane,BICYCLE LANE,null,42.365430538000055,-71.08259240399997
bike_lane,BICYCLE LANE,null,42.373471678000044,-71.09910329899998
bike_lane,BICYCLE LANE,null,42.361465433000035,-71.08829511699997
bike_lane,BICYCLE LANE,null,42.37276072000003,-71.11110316199995
bike_lane,BICYCLE LANE,null,42.36342507200004,-71.10041913399994
bike_lane,BICYCLE LANE,null,42.36392223400003,-71.08745911799997
bike_lane,BICYCLE LANE,null,42.36405407800004,-71.10139633999995
bike_lane,BICYCLE LANE,null,42.38229585200003,-71.11961391599993
bike_lane,BICYCLE LANE,null,42.365176046000045,-71.08272785999998
bike_lane,BICYCLE LANE,null,42.361465433000035,-71.08829511699997
bike_lane,BICYCLE LANE,null,42.365308439000046,-71.09376133099994
bike_lane,BICYCLE LANE,null,42.365684557000066,-71.10413531399996
bike_lane,BICYCLE LANE,null,42.361465433000035,-71.08829511699997
bike_lane,BICYCLE LANE,null,42.36679362800004,-71.10600609899996
bike_lane,BICYCLE LANE,null,42.39881037200007,-71.12987556099995
bike_lane,BICYCLE LANE,null,42.375601095000036,-71.14152340199996
bike_lane,BICYCLE LANE,null,42.36679362800004,-71.10600609899996
bike_lane,BICYCLE LANE,null,42.36611435800006,-71.10496495699994
bike_lane,BICYCLE LANE,null,42.36679362800004,-71.10600609899996
bike_lane,BICYCLE LANE,null,42.37276072000003,-71.11110316199995
bike_lane,BICYCLE LANE,null,42.370533359000035,-71.11349184199997
bike_lane,BICYCLE LANE,null,42.366374774000064,-71.10529566199995
bike_lane,BICYCLE LANE,null,42.38893299500006,-71.11971070699997
bike_lane,BICYCLE LANE,null,42.36679362800004,-71.10600609899996
bike_lane,BICYCLE LANE,null,42.361465433000035,-71.08829511699997
bike_lane,BICYCLE LANE,null,42.36405407800004,-71.10139633999995
bike_lane,BICYCLE LANE,null,42.36390009100006,-71.10117835799997
bike_lane,BICYCLE LANE,null,42.36599452100006,-71.10476561199994
bike_lane,BICYCLE LANE,null,42.36392223400003,-71.08745911799997
bike_lane,BICYCLE LANE,null,42.36679362800004,-71.10600609899996
bike_lane,BICYCLE LANE,null,42.36439164600006,-71.10204632799997
bike_lane,BICYCLE LANE,null,42.36387302800006,-71.08338836299998
bike_lane,BICYCLE LANE,null,42.37283907500006,-71.11988585399996
bike_lane,BICYCLE LANE,null,42.36603369900007,-71.10483474899996
bike_lane,BICYCLE LANE,null,42.36973713200007,-71.07717652899998
bike_lane,BICYCLE LANE,null,42.38910238100004,-71.11980980299995
bike_lane,BICYCLE LANE,null,42.36629411400003,-71.10516545399997
bike_lane,BICYCLE LANE,null,42.372012889000075,-71.11880962299995
bike_lane,BICYCLE LANE,null,42.361465433000035,-71.08829511699997
bike_lane,BICYCLE LANE,null,42.367637675000026,-71.07767661899999
bike_lane,BICYCLE LANE,null,42.36679362800004,-71.10600609899996
bike_lane,BICYCLE LANE,null,42.37183198100007,-71.08633371199994
bike_lane,BICYCLE LANE,null,42.372012889000075,-71.11880962299995
bike_lane,BICYCLE LANE,null,42.36362965700005,-71.10064414799996
bike_lane,BICYCLE LANE,null,42.37313175500003,-71.09636432499997
bike_lane,BICYCLE LANE,null,42.37117172300003,-71.08117379399994
bike_lane,BICYCLE LANE,null,42.37481178200005,-71.10929407999998
bike_lane,BICYCLE LANE,null,42.36603369900007,-71.10483474899996
bike_lane,BICYCLE LANE,null,42.35924906300005,-71.09378551899994
bike_lane,BICYCLE LANE,null,42.36590694800003,-71.08355671299995
bike_lane,BICYCLE LANE,null,42.37254639500003,-71.09149708699994
bike_lane,BICYCLE LANE,null,42.36679362800004,-71.10600609899996
bike_lane,BICYCLE LANE,null,42.36679362800004,-71.10600609899996
bike_lane,BICYCLE LANE,null,42.36094335000007,-71.09622109399999
bike_lane,BICYCLE LANE,null,42.36263794900003,-71.08829832199996
bike_lane,BICYCLE LANE,null,42.36260256500003,-71.08814995099993
bike_lane,BICYCLE LANE,null,42.37114061200003,-71.09970363799994
bike_lane,BICYCLE LANE,null,42.36679362800004,-71.10600609899996
bike_lane,BICYCLE LANE,null,42.36679362800004,-71.10600609899996
bike_lane,BICYCLE LANE,null,42.36439164600006,-71.10204632799997
bike_lane,BICYCLE LANE,null,42.363442116000044,-71.10044882199998
bike_lane,BICYCLE LANE,null,42.361465433000035,-71.08829511699997
bike_lane,BICYCLE LANE,null,42.39881037200007,-71.12987556099995
bike_lane,BICYCLE LANE,null,42.36679362800004,-71.10600609899996
bike_lane,BICYCLE LANE,null,42.36679362800004,-71.10600609899996
bike_lane,BICYCLE LANE,null,42.365684557000066,-71.10413531399996
bike_lane,BICYCLE LANE,null,42.367810219000035,-71.07756351299997
bike_lane,BICYCLE LANE,null,42.36431599800005,-71.10197105799995
bike_lane,BICYCLE LANE,null,42.36396448800008,-71.10134538799997
bike_lane,BICYCLE LANE,null,42.36260256500003,-71.08814995099993
bike_lane,BICYCLE LANE,null,42.36597259100006,-71.10465909499999
bike_lane,BICYCLE LANE,null,42.36260256500003,-71.08814995099993
bike_lane,BICYCLE LANE,null,42.36585394300005,-71.10440494799997
bike_lane,BICYCLE LANE,null,42.36679362800004,-71.10600609899996
bike_lane,BICYCLE LANE,null,42.36191687500008,-71.08827416099996
bike_lane,BICYCLE LANE,null,42.37487686700007,-71.10933950799995
bike_lane,BICYCLE LANE,null,42.37279874500007,-71.11992618399995
bike_lane,BICYCLE LANE,null,42.36679362800004,-71.10600609899996
bike_lane,BICYCLE LANE,null,42.36679362800004,-71.10600609899996
bike_lane,BICYCLE LANE,null,42.36679362800004,-71.10600609899996
bike_lane,BICYCLE LANE,null,42.36679362800004,-71.10600609899996
bike_lane,BICYCLE LANE,null,42.361465433000035,-71.08829511699997
bike_lane,BICYCLE LANE,null,42.36679362800004,-71.10600609899996
bike_lane,BICYCLE LANE,null,42.36679362800004,-71.10600609899996
bike_lane,BICYCLE LANE,null,42.37302263300006,-71.09533727399997
bike_lane,BICYCLE LANE,null,42.366622515000074,-71.09690128899996
bike_lane,BICYCLE LANE,null,42.36679362800004,-71.10600609899996
bike_lane,BICYCLE LANE,null,42.362243731000035,-71.09074397899997
bike_lane,BICYCLE LANE,null,42.36679362800004,-71.10600609899996
bike_lane,BICYCLE LANE,null,42.36636440400008,-71.10540512799997
bike_lane,BICYCLE LANE,null,42.36260256500003,-71.08814995099993
bike_lane,BICYCLE LANE,null,42.36430412400006,-71.10196441499994
bike_lane,BICYCLE LANE,null,42.36405407800004,-71.10151502499997
bike_lane,BICYCLE LANE,null,42.36601411000004,-71.10479557099995
bike_lane,BICYCLE LANE,null,42.364244205000034,-71.10184457799994
bike_lane,BICYCLE LANE,null,42.364244205000034,-71.10184457799994
bike_lane,BICYCLE LANE,null,42.36396448800008,-71.10134538799997
bike_lane,BICYCLE LANE,null,42.36679362800004,-71.10600609899996
bike_lane,BICYCLE LANE,null,42.36679362800004,-71.10600609899996
bike_lane,BICYCLE LANE,null,42.364244205000034,-71.10184457799994
bike_lane,BICYCLE LANE,null,42.36679362800004,-71.10600609899996
bike_lane,BICYCLE LANE,null,42.36679362800004,-71.10600609899996
bike_lane,BICYCLE LANE,null,42.36430412400006,-71.10196441499994
bike_lane,BICYCLE LANE,null,42.360896826000044,-71.10184918699997
bike_lane,BICYCLE LANE,null,42.36536691500004,-71.08262626799996
bike_lane,BICYCLE LANE,null,42.37307875000005,-71.11969572799995
bike_lane,BICYCLE LANE,null,42.36611435800006,-71.10496495699994
bike_lane,BICYCLE LANE,null,42.37355044900005,-71.11482779899995
bike_lane,BICYCLE LANE,null,42.39881037200007,-71.12987556099995
bike_lane,BICYCLE LANE,null,42.364614087000064,-71.10235503799998
bike_lane,BICYCLE LANE,null,42.367810219000035,-71.07756351299997
bike_lane,BICYCLE LANE,null,42.36431599800005,-71.10197105799995
bike_lane,BICYCLE LANE,null,42.36611435800006,-71.10496495699994
bike_lane,BICYCLE LANE,null,42.36298340900004,-71.09961955499995
bike_lane,BICYCLE LANE,null,42.36260256500003,-71.08814995099993
bike_lane,BICYCLE LANE,null,42.39343467100008,-71.12577885699994
bike_lane,BICYCLE LANE,null,42.36601411000004,-71.10479557099995
bike_lane,BICYCLE LANE,null,42.36382362200004,-71.10111518299993
bike_lane,BICYCLE LANE,null,42.367810219000035,-71.07756351299997
bike_lane,BICYCLE LANE,null,42.37283907500006,-71.11988585399996
bike_lane,BICYCLE LANE,null,42.36539872700007,-71.08260933599996
bike_lane,BICYCLE LANE,null,42.36679362800004,-71.10600609899996
bike_lane,BICYCLE LANE,null,42.36285224900007,-71.09224261299994
bike_lane,BICYCLE LANE,null,42.36611435800006,-71.10496495699994
bike_lane,BICYCLE LANE,null,42.37773512000007,-71.12249692499995
bike_lane,BICYCLE LANE,null,42.362212732000046,-71.08446471099995
bike_lane,BICYCLE LANE,null,42.36233243100003,-71.10294972499997
bike_lane,BICYCLE LANE,null,42.373026897000045,-71.09514751599994
bike_lane,BICYCLE LANE,null,42.36679362800004,-71.10600609899996
bike_lane,BICYCLE LANE,null,42.36679362800004,-71.10600609899996
bike_lane,BICYCLE LANE,null,42.367477508000036,-71.07771579599995
bike_lane,BICYCLE LANE,null,42.364943252000046,-71.08281771899993
bike_lane,BICYCLE LANE,null,42.367810219000035,-71.07756351299997
bike_lane,BICYCLE LANE,null,42.365684557000066,-71.10413531399996
bike_lane,BICYCLE LANE,null,42.36699112800005,-71.09786590099998
bike_lane,BICYCLE LANE,null,42.367637675000026,-71.07767661899999
bike_lane,BICYCLE LANE,null,42.371562347000065,-71.08425384299994
bike_lane,BICYCLE LANE,null,42.364943252000046,-71.08281771899993
bike_lane,BICYCLE LANE,null,42.361465433000035,-71.08829511699997
bike_lane,BICYCLE LANE,null,42.36430412400006,-71.10196441499994
bike_lane,BICYCLE LANE,null,42.36679362800004,-71.10600609899996
bike_lane,BICYCLE LANE,null,42.36679362800004,-71.10600609899996
bike_lane,BICYCLE LANE,null,42.37317669400005,-71.09633667099996
bike_lane,BICYCLE LANE,null,42.36679362800004,-71.10600609899996
bike_lane,BICYCLE LANE,null,42.373067227000035,-71.09545747999994
bike_lane,BICYCLE LANE,null,42.358964652000054,-71.09347506199998
bike_lane,BICYCLE LANE,null,42.36610514000006,-71.10483590099994
bike_lane,BICYCLE LANE,null,42.372974240000076,-71.09997267399996
bike_lane,BICYCLE LANE,null,42.364943252000046,-71.08281771899993
bike_lane,BICYCLE LANE,null,42.361465433000035,-71.08829511699997
bike_lane,BICYCLE LANE,null,42.36679362800004,-71.10600609899996
bike_lane,BICYCLE LANE,null,42.36285224900007,-71.09224261299994
bike_lane,BICYCLE LANE,null,42.37249280700007,-71.09107040099997
bike_lane,BICYCLE LANE,null,42.36014983500007,-71.08768478899998
bike_lane,BICYCLE LANE,null,42.37302228800007,-71.09556464199994
bike_lane,BICYCLE LANE,null,42.372570590000066,-71.11131031599996
bike_lane,BICYCLE LANE,null,42.36679362800004,-71.10600609899996
bike_lane,BICYCLE LANE,null,42.36350444000004,-71.10055517399996
bike_lane,BICYCLE LANE,null,42.37275611100006,-71.12051960899998
bike_lane,BICYCLE LANE,null,42.36679362800004,-71.10600609899996
bike_lane,BICYCLE LANE,null,42.37408514400005,-71.10121431599998
bike_lane,BICYCLE LANE,null,42.373306901000035,-71.09732648099998
bike_lane,BICYCLE LANE,null,42.37297619700007,-71.09476726299994
bike_lane,BICYCLE LANE,null,42.36611435800006,-71.10496495699994
bike_lane,BICYCLE LANE,null,42.36679362800004,-71.10600609899996
bike_lane,BICYCLE LANE,null,42.36679362800004,-71.10600609899996
bike_lane,BICYCLE LANE,null,42.36782434500003,-71.10774426099994
bike_lane,BICYCLE LANE,null,42.36679362800004,-71.10600609899996
bike_lane,BICYCLE LANE,null,42.36610514000006,-71.10483590099994
bike_lane,BICYCLE LANE,null,42.36444470200007,-71.10219602399997
bike_lane,BICYCLE LANE,null,42.36611435800006,-71.10496495699994
bike_lane,BICYCLE LANE,null,42.36349407000006,-71.10053558499999
bike_lane,BICYCLE LANE,null,42.361465433000035,-71.08829511699997
bike_lane,BICYCLE LANE,null,42.36599452100006,-71.10476561199994
bike_lane,BICYCLE LANE,null,42.38229585200003,-71.11961391599993
bike_lane,BICYCLE LANE,null,42.36646138300006,-71.08813063499997
bike_lane,BICYCLE LANE,null,42.373202486000025,-71.10025426599998
bike_lane,BICYCLE LANE,null,42.36679362800004,-71.10600609899996
bike_lane,BICYCLE LANE,null,42.36679362800004,-71.10600609899996
bike_lane,BICYCLE LANE,null,42.36636440400008,-71.10539475799999
bike_lane,BICYCLE LANE,null,42.36679362800004,-71.10600609899996
bike_lane,BICYCLE LANE,null,42.366374774000064,-71.10529566199995
bike_lane,BICYCLE LANE,null,42.37347691700006,-71.09862139499995
bike_lane,BICYCLE LANE,null,42.37404640600005,-71.10126529099995
bike_lane,BICYCLE LANE,null,42.36679362800004,-71.10600609899996
bike_lane,BICYCLE LANE,null,42.372862121000026,-71.09426371599994
bike_lane,BICYCLE LANE,null,42.36597259100006,-71.10465909499999
bike_lane,BICYCLE LANE,null,42.363738494000074,-71.08708440099997
bike_lane,BICYCLE LANE,null,42.36679362800004,-71.10600609899996
bike_lane,BICYCLE LANE,null,42.36679362800004,-71.10600609899996
bike_lane,BICYCLE LANE,null,42.361465433000035,-71.08829511699997
bike_lane,BICYCLE LANE,null,42.369105682000054,-71.09523969799994
bike_lane,BICYCLE LANE,null,42.361465433000035,-71.08829511699997
bike_lane,BICYCLE LANE,null,42.370533359000035,-71.11349184199997
bike_lane,BICYCLE LANE,null,42.372147846000075,-71.08835938699997
bike_lane,BICYCLE LANE,null,42.36405407800004,-71.10139633999995
bike_lane,BICYCLE LANE,null,42.38229585200003,-71.11961391599993
bike_lane,BICYCLE LANE,null,42.37275265400007,-71.09342370199994
bike_lane,BICYCLE LANE,null,42.366782682000064,-71.09729882599999
bike_lane,BICYCLE LANE,null,42.37248043900007,-71.09097841499994
bike_lane,BICYCLE LANE,null,42.36058686300004,-71.08795151599998
bike_lane,BICYCLE LANE,null,42.36679362800004,-71.10600609899996
bike_lane,BICYCLE LANE,null,42.361465433000035,-71.08829511699997
bike_lane,BICYCLE LANE,null,42.36679362800004,-71.10600609899996
bike_lane,BICYCLE LANE,null,42.364943252000046,-71.08281771899993
bike_lane,BICYCLE LANE,null,42.36679362800004,-71.10600609899996
bike_lane,BICYCLE LANE,null,42.36679362800004,-71.10600609899996
bike_lane,BICYCLE LANE,null,42.36585394300005,-71.10440494799997
bike_lane,BICYCLE LANE,null,42.360351268000045,-71.08780669899994
bike_lane,BICYCLE LANE,null,42.37205898000008,-71.12052536999994
bike_lane,BICYCLE LANE,null,42.362542285000075,-71.08780287099995
bike_lane,BICYCLE LANE,null,42.36361505900004,-71.08631988499997
bike_lane,BICYCLE LANE,null,42.362212732000046,-71.08446471099995
bike_lane,BICYCLE LANE,null,42.36094335000007,-71.09622109399999
bike_lane,BICYCLE LANE,null,42.36973713200007,-71.07717652899998
bike_lane,BICYCLE LANE,null,42.371887290000075,-71.08636712799995
bike_lane,BICYCLE LANE,null,42.36679362800004,-71.10600609899996
bike_lane,BICYCLE LANE,null,42.36679362800004,-71.10600609899996
bike_lane,BICYCLE LANE,null,42.37248647700005,-71.09101658499998
bike_lane,BICYCLE LANE,null,42.373476287000074,-71.09865736599994
bike_lane,BICYCLE LANE,null,42.36679362800004,-71.10600609899996
bike_lane,BICYCLE LANE,null,42.36679362800004,-71.10600609899996
bike_lane,BICYCLE LANE,null,42.360351268000045,-71.08780669899994
bike_lane,BICYCLE LANE,null,42.36679362800004,-71.10600609899996
bike_lane,BICYCLE LANE,null,42.36058686300004,-71.08795151599998
bike_lane,BICYCLE LANE,null,42.38211494400008,-71.11963350399998
bike_lane,BICYCLE LANE,null,42.36537344100003,-71.08255077099994
bike_lane,BICYCLE LANE,null,42.36386395200003,-71.10117510199996
bike_lane,BICYCLE LANE,null,42.36430412400006,-71.10196441499994
bike_lane,BICYCLE LANE,null,42.36585394300005,-71.10440494799997
bike_lane,BICYCLE LANE,null,42.37349702800003,-71.09879794499994
bike_lane,BICYCLE LANE,null,42.363958652000065,-71.10133554099997
bike_lane,BICYCLE LANE,null,42.36679362800004,-71.10600609899996
bike_lane,BICYCLE LANE,null,42.36679362800004,-71.10600609899996
bike_lane,BICYCLE LANE,null,42.36049345500004,-71.08797027899993
bike_lane,BICYCLE LANE,null,42.36404180100004,-71.10141749299999
bike_lane,BICYCLE LANE,null,42.361465433000035,-71.08829511699997
bike_lane,BICYCLE LANE,null,42.372411578000026,-71.09090366199996
bike_lane,BICYCLE LANE,null,42.37316171400005,-71.09663395899997
bike_lane,BICYCLE LANE,null,42.361465433000035,-71.08829511699997
bike_lane,BICYCLE LANE,null,42.36248236600005,-71.08694211699998
bike_lane,BICYCLE LANE,null,42.37318245500006,-71.09676416699995
bike_lane,BICYCLE LANE,null,42.372576355000035,-71.09169643199994
bike_lane,BICYCLE LANE,null,42.36679362800004,-71.10600609899996
bike_lane,BICYCLE LANE,null,42.37328006000007,-71.10034493599994
bike_lane,BICYCLE LANE,null,42.36499318800003,-71.08275126799998
bike_lane,BICYCLE LANE,null,42.372862121000026,-71.09427408599998
bike_lane,BICYCLE LANE,null,42.37225717300004,-71.08925705099995
bike_lane,BICYCLE LANE,null,42.36679362800004,-71.10600609899996
bike_lane,BICYCLE LANE,null,42.361465433000035,-71.08829511699997
bike_lane,BICYCLE LANE,6,42.361465433000035,-71.08829511699997
bike_lane,BICYCLE LANE,null,42.361465433000035,-71.08829511699997
bike_lane,BICYCLE LANE,null,42.376813295000034,-71.14639870599996
bike_lane,BICYCLE LANE,null,42.360351268000045,-71.08780669899994
bike_lane,BICYCLE LANE,null,42.35924906300005,-71.09378551899994
bike_lane,BICYCLE LANE,null,42.361465433000035,-71.08829511699997
bike_lane,BICYCLE LANE,null,42.36298340900004,-71.09961955499995
bike_lane,BICYCLE LANE,null,42.36362965700005,-71.10064414799996
bike_lane,BICYCLE LANE,null,42.36679362800004,-71.10600609899996
bike_lane,BICYCLE LANE,null,42.36679362800004,-71.10600609899996
bike_lane,BICYCLE LANE,null,42.36679362800004,-71.10600609899996
bike_lane,BICYCLE LANE,null,42.36679362800004,-71.10600609899996
bike_lane,BICYCLE LANE,null,42.373506246000034,-71.09887745199995
bike_lane,BICYCLE LANE,null,42.36504388900005,-71.10303488499994
bike_lane,BICYCLE LANE,null,42.361465433000035,-71.08829511699997
bike_lane,BICYCLE LANE,null,42.36386395200003,-71.10117510199996
bike_lane,BICYCLE LANE,null,42.36679362800004,-71.10600609899996
bike_lane,BICYCLE LANE,null,42.36679362800004,-71.10600609899996
bike_lane,BICYCLE LANE,null,42.36679362800004,-71.10600609899996
bike_lane,BICYCLE LANE,null,42.36679362800004,-71.10600609899996
bike_lane,BICYCLE LANE,null,42.36679362800004,-71.10600609899996
bike_lane,BICYCLE LANE,null,42.36679362800004,-71.10600609899996
bike_lane,BICYCLE LANE,null,42.36679362800004,-71.10600609899996
bike_lane,BICYCLE LANE,null,42.36679362800004,-71.10600609899996
bike_lane,BICYCLE LANE,null,42.36679362800004,-71.10600609899996
bike_lane,BICYCLE LANE,null,42.36679362800004,-71.10600609899996
bike_lane,BICYCLE LANE,null,42.36679362800004,-71.10600609899996
bike_lane,BICYCLE LANE,null,42.36679362800004,-71.10600609899996
bike_lane,BICYCLE LANE,null,42.36679362800004,-71.10600609899996
bike_lane,BICYCLE LANE,null,42.361465433000035,-71.08829511699997
bike_lane,BICYCLE LANE,null,42.36166742100005,-71.08830600599998
bike_lane,BICYCLE LANE,null,42.36475859800004,-71.08296250199999
bike_lane,BICYCLE LANE,null,42.36679362800004,-71.10600609899996
bike_lane,BICYCLE LANE,null,42.36679362800004,-71.10600609899996
bike_lane,BICYCLE LANE,null,42.36679362800004,-71.10600609899996
bike_lane,BICYCLE LANE,null,42.36679362800004,-71.10600609899996
bike_lane,BICYCLE LANE,null,42.35924906300005,-71.09378551899994
bike_lane,BICYCLE LANE,null,42.367895786000076,-71.09377975699994
bike_lane,BICYCLE LANE,null,42.36773561900003,-71.09357925999996
bike_lane,BICYCLE LANE,null,42.36679362800004,-71.10600609899996
bike_lane,BICYCLE LANE,null,42.361465433000035,-71.08829511699997
bike_lane,BICYCLE LANE,null,42.361766799000065,-71.10091007699998
bike_lane,BICYCLE LANE,null,42.35924906300005,-71.09378551899994
bike_lane,BICYCLE LANE,null,42.361465433000035,-71.08829511699997
bike_lane,BICYCLE LANE,null,42.36679362800004,-71.10600609899996
bike_lane,BICYCLE LANE,null,42.361465433000035,-71.08829511699997
bike_lane,BICYCLE LANE,null,42.370017199000074,-71.07014656699994
bike_lane,BICYCLE LANE,null,42.36679362800004,-71.10600609899996
bike_lane,BICYCLE LANE,null,42.361465433000035,-71.08829511699997
bike_lane,BICYCLE LANE,null,42.370017199000074,-71.07014656699994
bike_lane,BICYCLE LANE,null,42.36679362800004,-71.10600609899996
bike_lane,BICYCLE LANE,null,42.360118500000056,-71.08766512799997
bike_lane,BICYCLE LANE,null,42.36405407800004,-71.10139633999995
bike_lane,BICYCLE LANE,null,42.36416354500005,-71.10170515199997
bike_lane,BICYCLE LANE,null,42.361465433000035,-71.08829511699997
bike_lane,BICYCLE LANE,null,42.360351268000045,-71.08780669899994
bike_lane,BICYCLE LANE,null,42.36679362800004,-71.10600609899996
bike_lane,BICYCLE LANE,null,42.37507680600004,-71.15005835299996
bike_lane,BICYCLE LANE,null,42.36679362800004,-71.10600609899996
bike_lane,BICYCLE LANE,null,42.360118500000056,-71.08766512799997
bike_lane,BICYCLE LANE,null,42.36679362800004,-71.10600609899996
bike_lane,BICYCLE LANE,null,42.361465433000035,-71.08829511699997
bike_lane,BICYCLE LANE,null,42.36705231600007,-71.09816879899995
bike_lane,BICYCLE LANE,null,42.36679362800004,-71.10600609899996
bike_lane,BICYCLE LANE,null,42.37172712300003,-71.08506735399999
bike_lane,BICYCLE LANE,null,42.36556356800003,-71.09437202999999
bike_lane,BICYCLE LANE,null,42.36679362800004,-71.10600609899996
bike_lane,BICYCLE LANE,null,42.35924906300005,-71.09378551899994
bike_lane,BICYCLE LANE,null,42.361465433000035,-71.08829511699997
bike_lane,BICYCLE LANE,null,42.36058686300004,-71.08795151599998
bike_lane,BICYCLE LANE,null,42.36285224900007,-71.09224261299994
bike_lane,BICYCLE LANE,null,42.36679362800004,-71.10600609899996
bike_lane,BICYCLE LANE,null,42.364995262000036,-71.10306571399997
bike_lane,BICYCLE LANE,null,42.36444326800006,-71.10218353899995
bike_lane,BICYCLE LANE,null,42.37248236600004,-71.09119670299998
bike_lane,BICYCLE LANE,null,42.361465433000035,-71.08829511699997
bike_lane,BICYCLE LANE,null,42.36392223400003,-71.08745911799997
bike_lane,BICYCLE LANE,null,42.36379281600006,-71.10104706199996
bike_lane,BICYCLE LANE,null,42.36679362800004,-71.10600609899996
bike_lane,BICYCLE LANE,null,42.36053380000004,-71.08799408899995
bike_lane,BICYCLE LANE,null,42.360064468000076,-71.08771171599994
bike_lane,BICYCLE LANE,null,42.36611435800006,-71.10496495699994
bike_lane,BICYCLE LANE,null,42.36191687500008,-71.08827416099996
bike_lane,BICYCLE LANE,null,42.36679362800004,-71.10600609899996
bike_lane,BICYCLE LANE,null,42.36053380000004,-71.08799408899995
bike_lane,BICYCLE LANE,null,42.365430538000055,-71.08259240399997
bike_lane,BICYCLE LANE,null,42.36679362800004,-71.10600609899996
bike_lane,BICYCLE LANE,null,42.36472377700005,-71.10256888099997
bike_lane,BICYCLE LANE,null,42.36611435800006,-71.10496495699994
bike_lane,BICYCLE LANE,null,42.374493752000035,-71.11386518199998
bike_lane,BICYCLE LANE,null,42.36679362800004,-71.10600609899996
bike_lane,BICYCLE LANE,null,42.36679362800004,-71.10600609899996
bike_lane,BICYCLE LANE,null,42.35924906300005,-71.09378551899994
bike_lane,BICYCLE LANE,null,42.36904230600004,-71.09507146499993
bike_lane,BICYCLE LANE,null,42.36599452100006,-71.10476561199994
bike_lane,BICYCLE LANE,null,42.35924906300005,-71.09378551899994
bike_lane,BICYCLE LANE,null,42.361465433000035,-71.08829511699997
bike_lane,BICYCLE LANE,null,42.361465433000035,-71.08829511699997
bike_lane,BICYCLE LANE,null,42.36679362800004,-71.10600609899996
bike_lane,BICYCLE LANE,null,42.36342166400004,-71.10041319599998
bike_lane,BICYCLE LANE,null,42.36585394300005,-71.10440494799997
bike_lane,BICYCLE LANE,null,42.38198295400008,-71.12663395399994
bike_lane,BICYCLE LANE,null,42.36679362800004,-71.10600609899996
bike_lane,BICYCLE LANE,null,42.363442116000044,-71.10044882199998
bike_lane,BICYCLE LANE,null,42.36260256500003,-71.08814995099993
bike_lane,BICYCLE LANE,null,42.36679362800004,-71.10600609899996
bike_lane,BICYCLE LANE,null,42.38812524600007,-71.11829685699996
bike_lane,BICYCLE LANE,null,42.360351268000045,-71.08780669899994
bike_lane,BICYCLE LANE,null,42.36387302800006,-71.08338836299998
bike_lane,BICYCLE LANE,null,42.36679362800004,-71.10600609899996
bike_lane,BICYCLE LANE,null,42.36679362800004,-71.10600609899996
bike_lane,BICYCLE LANE,null,42.361465433000035,-71.08829511699997
bike_lane,BICYCLE LANE,null,42.36679362800004,-71.10600609899996
bike_lane,BICYCLE LANE,null,42.36668044700008,-71.10576328499997
bike_lane,BICYCLE LANE,null,42.36679362800004,-71.10600609899996
bike_lane,BICYCLE LANE,null,42.36430412400006,-71.10196441499994
bike_lane,BICYCLE LANE,null,42.36679362800004,-71.10600609899996
bike_lane,BICYCLE LANE,null,42.361465433000035,-71.08829511699997
bike_lane,BICYCLE LANE,null,42.38969119700005,-71.12022808199998
bike_lane,BICYCLE LANE,null,42.38806780200008,-71.12331083499998
bike_lane,BICYCLE LANE,null,42.361465433000035,-71.08829511699997
bike_lane,BICYCLE LANE,null,42.36679362800004,-71.10600609899996
bike_lane,BICYCLE LANE,null,42.36191687500008,-71.08827416099996
bike_lane,BICYCLE LANE,null,42.360351268000045,-71.08780669899994
bike_lane,BICYCLE LANE,null,42.36653378900007,-71.10554340199997
bike_lane,BICYCLE LANE,null,42.36387302800006,-71.08338836299998
bike_lane,BICYCLE LANE,null,42.36629411400003,-71.10516545399997
bike_lane,BICYCLE LANE,null,42.38172333600005,-71.13198793699996
bike_lane,BICYCLE LANE,null,42.366374774000064,-71.10529566199995
bike_lane,BICYCLE LANE,null,42.36186698400007,-71.08828052999996
bike_lane,BICYCLE LANE,null,42.36795340000003,-71.10800352399997
bike_lane,BICYCLE LANE,null,42.36049345500004,-71.08797027899993
bike_lane,BICYCLE LANE,null,42.38979259700005,-71.12034100499994
bike_lane,BICYCLE LANE,null,42.36679362800004,-71.10600609899996
bike_lane,BICYCLE LANE,null,42.37222951800004,-71.12038594399996
bike_lane,BICYCLE LANE,null,42.36679362800004,-71.10600609899996
bike_lane,BICYCLE LANE,null,42.370685209000044,-71.09303157399995
bike_lane,BICYCLE LANE,null,42.36679362800004,-71.10600609899996
bike_lane,BICYCLE LANE,null,42.38144316300003,-71.11635756699997
bike_lane,BICYCLE LANE,null,42.38144316300003,-71.11635756699997
bike_lane,BICYCLE LANE,null,42.38144316300003,-71.11635756699997
bike_lane,BICYCLE LANE,6,42.38144316300003,-71.11635756699997
bike_lane,BICYCLE LANE,null,42.38144316300003,-71.11635756699997
bike_lane,BICYCLE LANE,null,42.38144316300003,-71.11635756699997
bike_lane,BICYCLE LANE,null,42.38144316300003,-71.11635756699997
bike_lane,BICYCLE LANE,null,42.38144316300003,-71.11635756699997
bike_lane,BICYCLE LANE,null,42.38144316300003,-71.11635756699997
bike_lane,BICYCLE LANE,null,42.38144316300003,-71.11635756699997
bike_lane,BICYCLE LANE,null,42.38144316300003,-71.11635756699997
bike_lane,BICYCLE LANE,null,42.38144316300003,-71.11635756699997
bike_lane,BICYCLE LANE,null,42.38144316300003,-71.11635756699997
bike_lane,BICYCLE LANE,null,42.38144316300003,-71.11635756699997
bike_lane,BICYCLE LANE,null,42.38144316300003,-71.11635756699997
bike_lane,BICYCLE LANE,null,42.38144316300003,-71.11635756699997
bike_lane,BICYCLE LANE,null,42.38144316300003,-71.11635756699997
bike_lane,BICYCLE LANE,null,42.38144316300003,-71.11635756699997
bike_lane,BICYCLE LANE,null,42.38144316300003,-71.11635756699997
bike_lane,BICYCLE LANE,null,42.38144316300003,-71.11635756699997
bike_lane,BICYCLE LANE,null,42.38144316300003,-71.11635756699997
bike_lane,BICYCLE LANE,null,42.38144316300003,-71.11635756699997
bike_lane,BICYCLE LANE,null,42.38144316300003,-71.11635756699997
bike_lane,BICYCLE LANE,null,42.38144316300003,-71.11635756699997
bike_lane,BICYCLE LANE,null,42.38144316300003,-71.11635756699997
bike_lane,BICYCLE LANE,null,42.38144316300003,-71.11635756699997
bike_lane,BICYCLE LANE,null,42.38144316300003,-71.11635756699997
bike_lane,BICYCLE LANE,null,42.38144316300003,-71.11635756699997
bike_lane,BICYCLE LANE,null,42.38144316300003,-71.11635756699997
bike_lane,BICYCLE LANE,null,42.38144316300003,-71.11635756699997
bike_lane,BICYCLE LANE,null,42.38144316300003,-71.11635756699997
bike_lane,BICYCLE LANE,null,42.38144316300003,-71.11635756699997
bike_lane,BICYCLE LANE,null,42.38144316300003,-71.11635756699997
bike_lane,BICYCLE LANE,null,42.38144316300003,-71.11635756699997
bike_lane,BICYCLE LANE,null,42.38144316300003,-71.11635756699997
bike_lane,BICYCLE LANE,null,42.38144316300003,-71.11635756699997
bike_lane,BICYCLE LANE,null,42.38144316300003,-71.11635756699997
bike_lane,BICYCLE LANE,null,42.38144316300003,-71.11635756699997
bike_lane,BICYCLE LANE,null,42.372973,-71.117376
bike_lane,BICYCLE LANE,null,42.366368,-71.105346
bike_lane,BICYCLE LANE,null,42.363785,-71.100988
bike_lane,BICYCLE LANE,null,42.3634,-71.087915
bike_lane,BICYCLE LANE,null,42.359237,-71.093742
bike_lane,BICYCLE LANE,null,42.371437,-71.083125
bike_lane,BICYCLE LANE,null,42.364342,-71.101949
bike_lane,BICYCLE LANE,null,42.364492,-71.102203
bike_lane,BICYCLE LANE,null,42.363985,-71.087299
bike_lane,BICYCLE LANE,null,42.363985,-71.087299
bike_lane,BICYCLE LANE,null,42.37285,-71.11993
bike_lane,BICYCLE LANE,null,42.373164,-71.096468
bike_lane,BICYCLE LANE,null,42.363772,-71.087632
bike_lane,BICYCLE LANE,null,42.364617,-71.102415
bike_lane,BICYCLE LANE,null,42.382207,-71.119628
bike_lane,BICYCLE LANE,null,42.366187,-71.105044
bike_lane,BICYCLE LANE,null,42.37285,-71.11993
bike_lane,BICYCLE LANE,null,42.373164,-71.096468
bike_lane,BICYCLE LANE,null,42.354992,-71.106727
bike_lane,BICYCLE LANE,null,42.366187,-71.105044
bike_lane,BICYCLE LANE,null,42.366187,-71.105044
bike_lane,BICYCLE LANE,null,42.371953,-71.118485
bike_lane,BICYCLE LANE,null,42.3663,-71.105237
bike_lane,BICYCLE LANE,null,42.365274,-71.103511
bike_lane,BICYCLE LANE,null,42.373132,-71.096229
bike_lane,BICYCLE LANE,null,42.363374,-71.099068
bike_lane,BICYCLE LANE,null,42.388823,-71.119716
bike_lane,BICYCLE LANE,null,42.373345,-71.119944
bike_lane,BICYCLE LANE,null,42.373106,-71.119702
bike_lane,BICYCLE LANE,null,42.365354,-71.082615
bike_lane,BICYCLE LANE,null,42.363985,-71.087299
bike_lane,BICYCLE LANE,null,42.366368,-71.105346
bike_lane,BICYCLE LANE,null,42.397907,-71.13075
bike_lane,BICYCLE LANE,null,42.397907,-71.13075
bike_lane,BICYCLE LANE,null,42.397907,-71.13075
bike_lane,BICYCLE LANE,null,42.397907,-71.13075
bike_lane,BICYCLE LANE,null,42.397907,-71.13075
bike_lane,BICYCLE LANE,null,42.397907,-71.13075
bike_lane,BICYCLE LANE,null,42.397907,-71.13075
bike_lane,BICYCLE LANE,null,42.397907,-71.13075
bike_lane,BICYCLE LANE,null,42.397907,-71.13075
bike_lane,BICYCLE LANE,null,42.397907,-71.13075
bike_lane,BICYCLE LANE,null,42.397907,-71.13075
bike_lane,BICYCLE LANE,null,42.397907,-71.13075
bike_lane,BICYCLE LANE,null,42.397907,-71.13075
bike_lane,BICYCLE LANE,null,42.397907,-71.13075
bike_lane,BICYCLE LANE,null,42.397907,-71.13075
bike_lane,BICYCLE LANE,null,42.397907,-71.13075
bike_lane,BICYCLE LANE,null,42.397907,-71.13075
bike_lane,BICYCLE LANE,null,42.397907,-71.13075
bike_lane,BICYCLE LANE,null,42.397907,-71.13075
bike_lane,BICYCLE LANE,null,42.397907,-71.13075
bike_lane,BICYCLE LANE,null,42.397907,-71.13075
bike_lane,BICYCLE LANE,null,42.397907,-71.13075
bike_lane,BICYCLE LANE,null,42.397907,-71.13075
bike_lane,BICYCLE LANE,null,42.397907,-71.13075
bike_lane,BICYCLE LANE,null,42.397907,-71.13075
bike_lane,BICYCLE LANE,null,42.397907,-71.13075
bike_lane,BICYCLE LANE,null,42.397907,-71.13075
bike_lane,BICYCLE LANE,null,42.397907,-71.13075
bike_lane,BICYCLE LANE,null,42.397907,-71.13075
bike_lane,BICYCLE LANE,null,42.397907,-71.13075
bike_lane,BICYCLE LANE,null,42.397907,-71.13075
bike_lane,BICYCLE LANE,null,42.397907,-71.13075
bike_lane,BICYCLE LANE,null,42.397907,-71.13075
bike_lane,BICYCLE LANE,null,42.397907,-71.13075
bike_lane,BICYCLE LANE,null,42.397907,-71.13075
bike_lane,BICYCLE LANE,null,42.397907,-71.13075
bike_lane,BICYCLE LANE,null,42.397907,-71.13075
bike_lane,BICYCLE LANE,null,42.397907,-71.13075
bike_lane,BICYCLE LANE,null,42.397907,-71.13075
bike_lane,BICYCLE LANE,null,42.397907,-71.13075
bike_lane,BICYCLE LANE,null,42.397907,-71.13075
bike_lane,BICYCLE LANE,null,42.397907,-71.13075
bike_lane,BICYCLE LANE,null,42.366145,-71.104971
bike_lane,BICYCLE LANE,null,42.370686,-71.113707
bike_lane,BICYCLE LANE,null,42.374983,-71.130548
bike_lane,BICYCLE LANE,null,42.365839,-71.104449
bike_lane,BICYCLE LANE,null,42.372985,-71.095144
bike_lane,BICYCLE LANE,null,42.366447,-71.105472
bike_lane,BICYCLE LANE,null,42.367922,-71.07757
bike_lane,BICYCLE LANE,null,42.363682,-71.100812
bike_lane,BICYCLE LANE,null,42.36414,-71.101606
bike_lane,BICYCLE LANE,null,42.364008,-71.101381
bike_lane,BICYCLE LANE,null,42.366187,-71.105044
bike_lane,BICYCLE LANE,null,42.37285,-71.11993
bike_lane,BICYCLE LANE,null,42.366447,-71.105472
bike_lane,BICYCLE LANE,null,42.361306,-71.096834
bike_lane,BICYCLE LANE,null,42.363682,-71.100812
bike_lane,BICYCLE LANE,null,42.370601,-71.07681
bike_lane,BICYCLE LANE,null,42.366395,-71.105388
bike_lane,BICYCLE LANE,null,42.363985,-71.087299
bike_lane,BICYCLE LANE,null,42.363785,-71.100988
bike_lane,BICYCLE LANE,null,42.373741,-71.119104
bike_lane,BICYCLE LANE,null,42.365251,-71.082674
bike_lane,BICYCLE LANE,null,42.373153,-71.096388
bike_lane,BICYCLE LANE,null,42.374615,-71.114074
bike_lane,BICYCLE LANE,null,42.367012,-71.097846
bike_lane,BICYCLE LANE,null,42.364426,-71.102091
bike_lane,BICYCLE LANE,null,42.363682,-71.100812
bike_lane,BICYCLE LANE,null,42.363682,-71.100812
bike_lane,BICYCLE LANE,null,42.371955,-71.098687
bike_lane,BICYCLE LANE,null,42.360084,-71.094776
bike_lane,BICYCLE LANE,null,42.364008,-71.101381
bike_lane,BICYCLE LANE,null,42.363356,-71.083788
bike_lane,BICYCLE LANE,null,42.364342,-71.101949
bike_lane,BICYCLE LANE,null,42.369827,-71.086992
bike_lane,BICYCLE LANE,null,42.369827,-71.086992
bike_lane,BICYCLE LANE,null,42.369827,-71.086992
bike_lane,BICYCLE LANE,null,42.369827,-71.086992
bike_lane,BICYCLE LANE,null,42.369827,-71.086992
bike_lane,BICYCLE LANE,null,42.369827,-71.086992
bike_lane,BICYCLE LANE,null,42.369827,-71.086992
bike_lane,BICYCLE LANE,null,42.369827,-71.086992
bike_lane,BICYCLE LANE,null,42.369827,-71.086992
bike_lane,BICYCLE LANE,null,42.369827,-71.086992
bike_lane,BICYCLE LANE,null,42.369827,-71.086992
bike_lane,BICYCLE LANE,null,42.369827,-71.086992
bike_lane,BICYCLE LANE,null,42.369827,-71.086992
bike_lane,BICYCLE LANE,null,42.369827,-71.086992
bike_lane,BICYCLE LANE,null,42.369827,-71.086992
bike_lane,BICYCLE LANE,null,42.369827,-71.086992
bike_lane,BICYCLE LANE,null,42.369827,-71.086992
bike_lane,BICYCLE LANE,null,42.369827,-71.086992
bike_lane,BICYCLE LANE,null,42.369827,-71.086992
bike_lane,BICYCLE LANE,null,42.369827,-71.086992
bike_lane,BICYCLE LANE,null,42.369827,-71.086992
bike_lane,BICYCLE LANE,null,42.369827,-71.086992
bike_lane,BICYCLE LANE,null,42.369827,-71.086992
bike_lane,BICYCLE LANE,null,42.369827,-71.086992
bike_lane,BICYCLE LANE,null,42.369827,-71.086992
bike_lane,BICYCLE LANE,null,42.369827,-71.086992
bike_lane,BICYCLE LANE,null,42.369827,-71.086992
bike_lane,BICYCLE LANE,null,42.369827,-71.086992
bike_lane,BICYCLE LANE,null,42.369827,-71.086992
bike_lane,BICYCLE LANE,null,42.369827,-71.086992
bike_lane,BICYCLE LANE,null,42.369827,-71.086992
bike_lane,BICYCLE LANE,null,42.369827,-71.086992
bike_lane,BICYCLE LANE,null,42.369827,-71.086992
bike_lane,BICYCLE LANE,null,42.369827,-71.086992
bike_lane,BICYCLE LANE,null,42.369827,-71.086992
bike_lane,BICYCLE LANE,null,42.369827,-71.086992
bike_lane,BICYCLE LANE,null,42.365921,-71.104589
bike_lane,BICYCLE LANE,null,42.362578,-71.084075
bike_lane,BICYCLE LANE,null,42.366368,-71.105346
bike_lane,BICYCLE LANE,null,42.363849,-71.101107
bike_lane,BICYCLE LANE,null,42.364705,-71.102565
bike_lane,BICYCLE LANE,null,42.362578,-71.084075
bike_lane,BICYCLE LANE,null,42.363393,-71.099343
bike_lane,BICYCLE LANE,null,42.365406,-71.082585
bike_lane,BICYCLE LANE,null,42.372762,-71.120009
bike_lane,BICYCLE LANE,null,42.365274,-71.103511
bike_lane,BICYCLE LANE,null,42.363356,-71.083788
bike_lane,BICYCLE LANE,null,42.366187,-71.105044
bike_lane,BICYCLE LANE,null,42.362578,-71.084075
bike_lane,BICYCLE LANE,null,42.363356,-71.083788
bike_lane,BICYCLE LANE,null,42.365921,-71.104589
bike_lane,BICYCLE LANE,null,42.363849,-71.101107
bike_lane,BICYCLE LANE,null,42.360248,-71.087792
bike_lane,BICYCLE LANE,null,42.363785,-71.100988
bike_lane,BICYCLE LANE,null,42.382492,-71.119595
bike_lane,BICYCLE LANE,null,42.362518,-71.086917
bike_lane,BICYCLE LANE,null,42.366179,-71.077965
bike_lane,BICYCLE LANE,null,42.365948,-71.104634
bike_lane,BICYCLE LANE,null,42.363785,-71.100988
bike_lane,BICYCLE LANE,null,42.372073,-71.110182
bike_lane,BICYCLE LANE,null,42.367344,-71.077698
bike_lane,BICYCLE LANE,null,42.370674,-71.112544
bike_lane,BICYCLE LANE,null,42.365921,-71.104589
bike_lane,BICYCLE LANE,null,42.362578,-71.084075
bike_lane,BICYCLE LANE,null,42.36469,-71.10254
bike_lane,BICYCLE LANE,null,42.360637,-71.102134
bike_lane,BICYCLE LANE,null,42.366375,-71.091886
bike_lane,BICYCLE LANE,null,42.362538,-71.088175
bike_lane,BICYCLE LANE,null,42.373422,-71.098443
bike_lane,BICYCLE LANE,null,42.366447,-71.105472
bike_lane,BICYCLE LANE,null,42.365807,-71.104394
bike_lane,BICYCLE LANE,null,42.363352,-71.08795
bike_lane,BICYCLE LANE,null,42.368,-71.078222
bike_lane,BICYCLE LANE,null,42.368,-71.078222
bike_lane,BICYCLE LANE,null,42.368,-71.078222
bike_lane,BICYCLE LANE,null,42.368,-71.078222
bike_lane,BICYCLE LANE,null,42.368,-71.078222
bike_lane,BICYCLE LANE,null,42.368,-71.078222
bike_lane,BICYCLE LANE,null,42.368,-71.078222
bike_lane,BICYCLE LANE,null,42.368,-71.078222
bike_lane,BICYCLE LANE,null,42.368,-71.078222
bike_lane,BICYCLE LANE,null,42.368,-71.078222
bike_lane,BICYCLE LANE,null,42.368,-71.078222
bike_lane,BICYCLE LANE,null,42.368,-71.078222
bike_lane,BICYCLE LANE,null,42.368,-71.078222
bike_lane,BICYCLE LANE,null,42.368,-71.078222
bike_lane,BICYCLE LANE,null,42.368,-71.078222
bike_lane,BICYCLE LANE,null,42.368,-71.078222
bike_lane,BICYCLE LANE,null,42.368,-71.078222
bike_lane,BICYCLE LANE,null,42.368,-71.078222
bike_lane,BICYCLE LANE,null,42.368,-71.078222
bike_lane,BICYCLE LANE,null,42.368,-71.078222
bike_lane,BICYCLE LANE,null,42.368,-71.078222
bike_lane,BICYCLE LANE,null,42.368,-71.078222
bike_lane,BICYCLE LANE,null,42.368,-71.078222
bike_lane,BICYCLE LANE,null,42.368,-71.078222
bike_lane,BICYCLE LANE,null,42.368,-71.078222
bike_lane,BICYCLE LANE,null,42.368,-71.078222
bike_lane,BICYCLE LANE,688,42.368,-71.078222
bike_lane,BICYCLE LANE,null,42.368,-71.078222
bike_lane,BICYCLE LANE,null,42.368,-71.078222
bike_lane,BICYCLE LANE,null,42.368,-71.078222
bike_lane,BICYCLE LANE,null,42.368,-71.078222
bike_lane,BICYCLE LANE,null,42.368,-71.078222
bike_lane,BICYCLE LANE,null,42.368,-71.078222
bike_lane,BICYCLE LANE,null,42.368,-71.078222
bike_lane,BICYCLE LANE,null,42.368,-71.078222
bike_lane,BICYCLE LANE,null,42.368,-71.078222
bike_lane,BICYCLE LANE,null,42.368,-71.078222
bike_lane,BICYCLE LANE,null,42.368,-71.078222
bike_lane,BICYCLE LANE,null,42.368,-71.078222
bike_lane,BICYCLE LANE,null,42.368,-71.078222
bike_lane,BICYCLE LANE,null,42.368,-71.078222
bike_lane,BICYCLE LANE,null,42.368,-71.078222
bike_lane,BICYCLE LANE,null,42.368,-71.078222
bike_lane,BICYCLE LANE,null,42.368,-71.078222
bike_lane,BICYCLE LANE,null,42.368,-71.078222
bike_lane,BICYCLE LANE,null,42.368,-71.078222
bike_lane,BICYCLE LANE,null,42.368,-71.078222
bike_lane,BICYCLE LANE,null,42.368,-71.078222
bike_lane,BICYCLE LANE,null,42.368,-71.078222
bike_lane,BICYCLE LANE,null,42.368,-71.078222
bike_lane,BICYCLE LANE,null,42.368,-71.078222
bike_lane,BICYCLE LANE,null,42.368,-71.078222
bike_lane,BICYCLE LANE,null,42.368,-71.078222
bike_lane,BICYCLE LANE,null,42.368,-71.078222
bike_lane,BICYCLE LANE,null,42.368,-71.078222
bike_lane,BICYCLE LANE,null,42.368,-71.078222
bike_lane,BICYCLE LANE,null,42.368,-71.078222
bike_lane,BICYCLE LANE,null,42.368,-71.078222
bike_lane,BICYCLE LANE,null,42.368,-71.078222
bike_lane,BICYCLE LANE,null,42.368,-71.078222
bike_lane,BICYCLE LANE,null,42.368,-71.078222
bike_lane,BICYCLE LANE,null,42.368,-71.078222
bike_lane,BICYCLE LANE,null,42.368,-71.078222
bike_lane,BICYCLE LANE,null,42.368,-71.078222
bike_lane,BICYCLE LANE,null,42.368,-71.078222
bike_lane,BICYCLE LANE,null,42.368,-71.078222
bike_lane,BICYCLE LANE,null,42.368,-71.078222
bike_lane,BICYCLE LANE,null,42.368,-71.078222
bike_lane,BICYCLE LANE,null,42.368,-71.078222
bike_lane,BICYCLE LANE,null,42.368,-71.078222
bike_lane,BICYCLE LANE,null,42.368,-71.078222
bike_lane,BICYCLE LANE,null,42.368,-71.078222
bike_lane,BICYCLE LANE,null,42.368,-71.078222
bike_lane,BICYCLE LANE,null,42.368,-71.078222
bike_lane,BICYCLE LANE,null,42.368,-71.078222
bike_lane,BICYCLE LANE,null,42.368,-71.078222
bike_lane,BICYCLE LANE,null,42.368,-71.078222
bike_lane,BICYCLE LANE,null,42.368,-71.078222
bike_lane,BICYCLE LANE,null,42.368,-71.078222
bike_lane,BICYCLE LANE,null,42.368,-71.078222
bike_lane,BICYCLE LANE,null,42.368,-71.078222
bike_lane,BICYCLE LANE,null,42.368,-71.078222
bike_lane,BICYCLE LANE,null,42.368,-71.078222
bike_lane,BICYCLE LANE,null,42.368,-71.078222
bike_lane,BICYCLE LANE,null,42.368,-71.078222
bike_lane,BICYCLE LANE,null,42.368,-71.078222
bike_lane,BICYCLE LANE,null,42.368,-71.078222
bike_lane,BICYCLE LANE,null,42.368,-71.078222
bike_lane,BICYCLE LANE,null,42.368,-71.078222
bike_lane,BICYCLE LANE,null,42.368,-71.078222
bike_lane,BICYCLE LANE,null,42.368,-71.078222
bike_lane,BICYCLE LANE,null,42.368,-71.078222
bike_lane,BICYCLE LANE,null,42.368,-71.078222
bike_lane,BICYCLE LANE,null,42.368,-71.078222
bike_lane,BICYCLE LANE,null,42.368,-71.078222
bike_lane,BICYCLE LANE,null,42.368,-71.078222
bike_lane,BICYCLE LANE,null,42.368,-71.078222
bike_lane,BICYCLE LANE,null,42.368,-71.078222
bike_lane,BICYCLE LANE,null,42.368,-71.078222
bike_lane,BICYCLE LANE,null,42.368,-71.078222
bike_lane,BICYCLE LANE,null,42.368,-71.078222
bike_lane,BICYCLE LANE,null,42.368,-71.078222
bike_lane,BICYCLE LANE,null,42.368,-71.078222
bike_lane,BICYCLE LANE,null,42.368,-71.078222
bike_lane,BICYCLE LANE,null,42.368,-71.078222
bike_lane,BICYCLE LANE,null,42.368,-71.078222
bike_lane,BICYCLE LANE,null,42.368,-71.078222
bike_lane,BICYCLE LANE,null,42.368,-71.078222
bike_lane,BICYCLE LANE,null,42.368,-71.078222
bike_lane,BICYCLE LANE,null,42.368,-71.078222
bike_lane,BICYCLE LANE,null,42.368,-71.078222
bike_lane,BICYCLE LANE,null,42.368,-71.078222
bike_lane,BICYCLE LANE,null,42.368,-71.078222
bike_lane,BICYCLE LANE,null,42.368,-71.078222
bike_lane,BICYCLE LANE,null,42.368,-71.078222
bike_lane,BICYCLE LANE,null,42.368,-71.078222
bike_lane,BICYCLE LANE,null,42.368,-71.078222
bike_lane,BICYCLE LANE,null,42.368,-71.078222
bike_lane,BICYCLE LANE,null,42.368,-71.078222
bike_lane,BICYCLE LANE,null,42.368,-71.078222
bike_lane,BICYCLE LANE,null,42.368,-71.078222
bike_lane,BICYCLE LANE,null,42.368,-71.078222
bike_lane,BICYCLE LANE,null,42.368,-71.078222
bike_lane,BICYCLE LANE,null,42.368,-71.078222
bike_lane,BICYCLE LANE,null,42.368,-71.078222
bike_lane,BICYCLE LANE,null,42.368,-71.078222
bike_lane,BICYCLE LANE,null,42.368,-71.078222
bike_lane,BICYCLE LANE,null,42.368,-71.078222
bike_lane,BICYCLE LANE,null,42.368,-71.078222
bike_lane,BICYCLE LANE,null,42.368,-71.078222
bike_lane,BICYCLE LANE,null,42.368,-71.078222
bike_lane,BICYCLE LANE,null,42.368,-71.078222
bike_lane,BICYCLE LANE,null,42.368,-71.078222
bike_lane,BICYCLE LANE,null,42.368,-71.078222
bike_lane,BICYCLE LANE,null,42.368,-71.078222
bike_lane,BICYCLE LANE,null,42.368,-71.078222
bike_lane,BICYCLE LANE,null,42.368,-71.078222
bike_lane,BICYCLE LANE,null,42.368,-71.078222
bike_lane,BICYCLE LANE,null,42.368,-71.078222
bike_lane,BICYCLE LANE,null,42.368,-71.078222
bike_lane,BICYCLE LANE,null,42.368,-71.078222
bike_lane,BICYCLE LANE,null,42.368,-71.078222
bike_lane,BICYCLE LANE,null,42.368,-71.078222
bike_lane,BICYCLE LANE,null,42.368,-71.078222
bike_lane,BICYCLE LANE,null,42.368,-71.078222
bike_lane,BICYCLE LANE,null,42.368,-71.078222
bike_lane,BICYCLE LANE,null,42.368,-71.078222
bike_lane,BICYCLE LANE,null,42.368,-71.078222
bike_lane,BICYCLE LANE,null,42.368,-71.078222
bike_lane,BICYCLE LANE,null,42.368,-71.078222
bike_lane,BICYCLE LANE,null,42.368,-71.078222
bike_lane,BICYCLE LANE,null,42.368,-71.078222
bike_lane,BICYCLE LANE,null,42.368,-71.078222
bike_lane,BICYCLE LANE,null,42.368,-71.078222
bike_lane,BICYCLE LANE,null,42.368,-71.078222
bike_lane,BICYCLE LANE,null,42.368,-71.078222
bike_lane,BICYCLE LANE,null,42.368,-71.078222
bike_lane,BICYCLE LANE,null,42.368,-71.078222
bike_lane,BICYCLE LANE,null,42.363749,-71.10094
bike_lane,BICYCLE LANE,null,42.363944,-71.083411
bike_lane,BICYCLE LANE,null,42.373349,-71.119496
bike_lane,BICYCLE LANE,null,42.364182,-71.101677
bike_lane,BICYCLE LANE,null,42.363112,-71.088126
bike_lane,BICYCLE LANE,null,42.365152,-71.106016
bike_lane,BICYCLE LANE,null,42.365804,-71.104391
bike_lane,BICYCLE LANE,null,42.37192,-71.120725
bike_lane,BICYCLE LANE,null,42.371953,-71.118485
bike_lane,BICYCLE LANE,null,42.363387,-71.10032
bike_lane,BICYCLE LANE,null,42.366187,-71.105044
bike_lane,BICYCLE LANE,null,42.37344,-71.119439
bike_lane,BICYCLE LANE,null,42.372588,-71.092053
bike_lane,BICYCLE LANE,null,42.37266,-71.111202
bike_lane,BICYCLE LANE,null,42.364679,-71.102514
bike_lane,BICYCLE LANE,null,42.365717,-71.104242
bike_lane,BICYCLE LANE,null,42.364372,-71.101999
bike_lane,BICYCLE LANE,null,42.370393,-71.11422
bike_lane,BICYCLE LANE,null,42.362104,-71.098159
bike_lane,BICYCLE LANE,null,42.365822,-71.104421
bike_lane,BICYCLE LANE,null,42.370578,-71.113572
bike_lane,BICYCLE LANE,null,42.371156,-71.080945
bike_lane,BICYCLE LANE,null,42.36516,-71.082726
bike_lane,BICYCLE LANE,null,42.360155,-71.094881
bike_lane,BICYCLE LANE,null,42.363356,-71.083788
bike_lane,BICYCLE LANE,null,42.366187,-71.105044
bike_lane,BICYCLE LANE,null,42.361465,-71.100598
bike_lane,BICYCLE LANE,null,42.361465,-71.100598
bike_lane,BICYCLE LANE,null,42.372984,-71.119811
bike_lane,BICYCLE LANE,null,42.372931,-71.094734
bike_lane,BICYCLE LANE,null,42.372932,-71.119857
bike_lane,BICYCLE LANE,null,42.373212,-71.096851
bike_lane,BICYCLE LANE,null,42.370578,-71.113572
bike_lane,BICYCLE LANE,null,42.364572,-71.102335
bike_lane,BICYCLE LANE,null,42.371003,-71.114109
bike_lane,BICYCLE LANE,null,42.370863,-71.113929
bike_lane,BICYCLE LANE,null,42.365074,-71.106948
bike_lane,BICYCLE LANE,null,42.366674,-71.092248
bike_lane,BICYCLE LANE,null,42.363785,-71.101002
bike_lane,BICYCLE LANE,null,42.367101,-71.092789
bike_lane,BICYCLE LANE,null,42.365975,-71.104679
bike_lane,BICYCLE LANE,null,42.374023,-71.118969
bike_lane,BICYCLE LANE,null,42.36426,-71.101809
bike_lane,BICYCLE LANE,null,42.364484,-71.102189
bike_lane,BICYCLE LANE,null,42.365966,-71.082246
bike_lane,BICYCLE LANE,null,42.372506,-71.115987
bike_lane,BICYCLE LANE,null,42.365921,-71.104589
bike_lane,BICYCLE LANE,null,42.365804,-71.104391
bike_lane,BICYCLE LANE,null,42.364372,-71.101999
bike_lane,BICYCLE LANE,null,42.365804,-71.104391
bike_lane,BICYCLE LANE,null,42.370578,-71.113572
bike_lane,BICYCLE LANE,null,42.364679,-71.102514
bike_lane,BICYCLE LANE,null,42.362703,-71.089848
bike_lane,BICYCLE LANE,null,42.370578,-71.113572
bike_lane,BICYCLE LANE,null,42.363749,-71.10094
bike_lane,BICYCLE LANE,null,42.360979,-71.09629
bike_lane,BICYCLE LANE,null,42.367228,-71.077724
bike_lane,BICYCLE LANE,null,42.365921,-71.104589
bike_lane,BICYCLE LANE,null,42.364372,-71.101999
bike_lane,BICYCLE LANE,null,42.363377,-71.098951
bike_lane,BICYCLE LANE,null,42.373417,-71.119572
bike_lane,BICYCLE LANE,null,42.362058,-71.081572
bike_lane,BICYCLE LANE,null,42.373153,-71.096392
bike_lane,BICYCLE LANE,null,42.360979,-71.09629
bike_lane,BICYCLE LANE,null,42.364426,-71.102091
bike_lane,BICYCLE LANE,null,42.374054,-71.113002
bike_lane,BICYCLE LANE,null,42.364904,-71.102886
bike_lane,BICYCLE LANE,null,42.361918,-71.08161
bike_lane,BICYCLE LANE,null,42.359084,-71.093613
bike_lane,BICYCLE LANE,null,42.370578,-71.113572
bike_lane,BICYCLE LANE,null,42.366179,-71.077965
bike_lane,BICYCLE LANE,null,42.372058,-71.118792
bike_lane,BICYCLE LANE,null,42.377516,-71.122161
bike_lane,BICYCLE LANE,null,42.371549,-71.08401
bike_lane,BICYCLE LANE,null,42.359237,-71.093742
bike_lane,BICYCLE LANE,null,42.381915,-71.119776
bike_lane,BICYCLE LANE,null,42.359084,-71.093613
bike_lane,BICYCLE LANE,null,42.373147,-71.096346
bike_lane,BICYCLE LANE,null,42.373336,-71.097792
bike_lane,BICYCLE LANE,null,42.363943,-71.101271
bike_lane,BICYCLE LANE,null,42.371281,-71.081949
bike_lane,BICYCLE LANE,null,42.364679,-71.102514
bike_lane,BICYCLE LANE,null,42.382594,-71.1197
bike_lane,BICYCLE LANE,null,42.38303,-71.119654
bike_lane,BICYCLE LANE,null,42.382409,-71.119719
bike_lane,BICYCLE LANE,null,42.365741,-71.08238
bike_lane,BICYCLE LANE,null,42.373101,-71.095998
bike_lane,BICYCLE LANE,null,42.362744,-71.084334
bike_lane,BICYCLE LANE,null,42.364182,-71.101677
bike_lane,BICYCLE LANE,null,42.365139,-71.103269
bike_lane,BICYCLE LANE,null,42.373206,-71.09681
bike_lane,BICYCLE LANE,null,42.364182,-71.101677
bike_lane,BICYCLE LANE,null,42.362217,-71.090704
bike_lane,BICYCLE LANE,null,42.362727,-71.084304
bike_lane,BICYCLE LANE,null,42.362703,-71.089848
bike_lane,BICYCLE LANE,null,42.358833,-71.097491
bike_lane,BICYCLE LANE,null,42.373044,-71.095586
bike_lane,BICYCLE LANE,null,42.373278,-71.09736
bike_lane,BICYCLE LANE,null,42.360974,-71.08822
bike_lane,BICYCLE LANE,null,42.370578,-71.113572
bike_lane,BICYCLE LANE,null,42.36426,-71.101809
bike_lane,BICYCLE LANE,null,42.361009,-71.088239
bike_lane,BICYCLE LANE,null,42.373142,-71.096307
bike_lane,BICYCLE LANE,null,42.372306,-71.120403
bike_lane,BICYCLE LANE,null,42.361009,-71.088239
bike_lane,BICYCLE LANE,null,42.373142,-71.096307
bike_lane,BICYCLE LANE,null,42.366261,-71.105171
bike_lane,BICYCLE LANE,null,42.366279,-71.105202
bike_lane,BICYCLE LANE,null,42.364016,-71.101395
bike_lane,BICYCLE LANE,null,42.373482,-71.098889
bike_lane,BICYCLE LANE,null,42.366179,-71.077965
bike_lane,BICYCLE LANE,null,42.365975,-71.104679
bike_lane,BICYCLE LANE,null,42.364372,-71.101999
bike_lane,BICYCLE LANE,null,42.365921,-71.104589
bike_lane,BICYCLE LANE,null,42.366354,-71.105323
bike_lane,BICYCLE LANE,null,42.363112,-71.088126
bike_lane,BICYCLE LANE,null,42.365139,-71.103269
bike_lane,BICYCLE LANE,null,42.369334,-71.083214
bike_lane,BICYCLE LANE,null,42.366354,-71.105323
bike_lane,BICYCLE LANE,null,42.36035,-71.102477
bike_lane,BICYCLE LANE,null,42.364372,-71.101999
bike_lane,BICYCLE LANE,null,42.363564,-71.100617
bike_lane,BICYCLE LANE,null,42.381345,-71.119836
bike_lane,BICYCLE LANE,null,42.3682,-71.098184
bike_lane,BICYCLE LANE,null,42.359633,-71.094147
bike_lane,BICYCLE LANE,null,42.37266,-71.111202
bike_lane,BICYCLE LANE,null,42.362703,-71.089848
bike_lane,BICYCLE LANE,null,42.365278,-71.103507
bike_lane,BICYCLE LANE,null,42.365754,-71.082525
bike_lane,BICYCLE LANE,null,42.365754,-71.082525
bike_lane,BICYCLE LANE,null,42.370359,-71.113281
bike_lane,BICYCLE LANE,null,42.382516,-71.119592
bike_lane,BICYCLE LANE,null,42.365354,-71.082615
bike_lane,BICYCLE LANE,null,42.382594,-71.1197
bike_lane,BICYCLE LANE,null,42.382594,-71.1197
bike_lane,BICYCLE LANE,null,42.354808,-71.105666
bike_lane,BICYCLE LANE,null,42.365754,-71.082525
bike_lane,BICYCLE LANE,null,42.363888,-71.101178
bike_lane,BICYCLE LANE,null,42.383412,-71.119492
bike_lane,BICYCLE LANE,null,42.370578,-71.113572
bike_lane,BICYCLE LANE,null,42.364296,-71.101869
bike_lane,BICYCLE LANE,null,42.382594,-71.1197
bike_lane,BICYCLE LANE,AMES0021,42.361009,-71.088239
bike_lane,BICYCLE LANE,null,42.382594,-71.1197
bike_lane,BICYCLE LANE,null,42.364372,-71.101999
bike_lane,BICYCLE LANE,null,42.382594,-71.1197
bike_lane,BICYCLE LANE,null,42.366026,-71.078
bike_lane,BICYCLE LANE,null,42.366104,-71.104901
bike_lane,BICYCLE LANE,null,42.373927,-71.119011
bike_lane,BICYCLE LANE,null,42.362324,-71.098544
bike_lane,BICYCLE LANE,null,42.38303,-71.119654
bike_lane,BICYCLE LANE,null,42.373044,-71.09558
bike_lane,BICYCLE LANE,null,42.364258,-71.101806
bike_lane,BICYCLE LANE,null,42.38303,-71.119654
bike_lane,BICYCLE LANE,null,42.363872,-71.10115
bike_lane,BICYCLE LANE,null,42.37344,-71.119439
bike_lane,BICYCLE LANE,null,42.382594,-71.1197
bike_lane,BICYCLE LANE,null,42.363749,-71.10094
bike_lane,BICYCLE LANE,null,42.362525,-71.098869
bike_lane,BICYCLE LANE,null,42.382594,-71.1197
bike_lane,BICYCLE LANE,null,42.365751,-71.091977
bike_lane,BICYCLE LANE,null,42.370942,-71.079268
bike_lane,BICYCLE LANE,null,42.367643,-71.077731
bike_lane,BICYCLE LANE,null,42.366578,-71.105682
bike_lane,BICYCLE LANE,null,42.363098,-71.088131
bike_lane,BICYCLE LANE,null,42.366578,-71.105682
bike_lane,BICYCLE LANE,null,42.372985,-71.095144
bike_lane,BICYCLE LANE,null,42.382594,-71.1197
bike_lane,BICYCLE LANE,null,42.365948,-71.104634
bike_lane,BICYCLE LANE,null,42.365082,-71.10317
bike_lane,BICYCLE LANE,null,42.379699,-71.122046
bike_lane,BICYCLE LANE,null,42.370919,-71.112373
bike_lane,BICYCLE LANE,null,42.363112,-71.088126
bike_lane,BICYCLE LANE,null,42.373132,-71.096229
bike_lane,BICYCLE LANE,null,42.373379,-71.119909
bike_lane,BICYCLE LANE,null,42.365921,-71.104589
bike_lane,BICYCLE LANE,null,42.373147,-71.096346
bike_lane,BICYCLE LANE,null,42.364455,-71.10214
bike_lane,BICYCLE LANE,null,42.365921,-71.104589
bike_lane,BICYCLE LANE,null,42.382272,-71.119733
bike_lane,BICYCLE LANE,null,42.363749,-71.10094
bike_lane,BICYCLE LANE,null,42.373998,-71.101168
bike_lane,BICYCLE LANE,null,42.36426,-71.101809
bike_lane,BICYCLE LANE,null,42.363749,-71.10094
bike_lane,BICYCLE LANE,null,42.363112,-71.088126
bike_lane,BICYCLE LANE,null,42.37192,-71.120725
bike_lane,BICYCLE LANE,null,42.362667,-71.098454
bike_lane,BICYCLE LANE,null,42.377816,-71.129961
bike_lane,BICYCLE LANE,null,42.377816,-71.129961
bike_lane,BICYCLE LANE,null,42.377816,-71.129961
bike_lane,BICYCLE LANE,null,42.371834,-71.086255
bike_lane,BICYCLE LANE,null,42.367228,-71.077724
bike_lane,BICYCLE LANE,null,42.372744,-71.093285
bike_lane,BICYCLE LANE,null,42.382672,-71.119692
bike_lane,BICYCLE LANE,null,42.362667,-71.098454
bike_lane,BICYCLE LANE,null,42.384035,-71.119544
bike_lane,BICYCLE LANE,null,42.382672,-71.119692
bike_lane,BICYCLE LANE,null,42.369654,-71.11211
bike_lane,BICYCLE LANE,null,42.369654,-71.11211
bike_lane,BICYCLE LANE,null,42.369654,-71.11211
bike_lane,BICYCLE LANE,null,42.369654,-71.11211
bike_lane,BICYCLE LANE,null,42.369654,-71.11211
bike_lane,BICYCLE LANE,null,42.369654,-71.11211
bike_lane,BICYCLE LANE,null,42.369654,-71.11211
bike_lane,BICYCLE LANE,CAMB1463,42.369654,-71.11211
bike_lane,BICYCLE LANE,null,42.369654,-71.11211
bike_lane,BICYCLE LANE,null,42.369654,-71.11211
bike_lane,BICYCLE LANE,null,42.369654,-71.11211
bike_lane,BICYCLE LANE,null,42.369654,-71.11211
bike_lane,BICYCLE LANE,null,42.369654,-71.11211
bike_lane,BICYCLE LANE,null,42.369654,-71.11211
bike_lane,BICYCLE LANE,null,42.369654,-71.11211
bike_lane,BICYCLE LANE,null,42.369654,-71.11211
bike_lane,BICYCLE LANE,null,42.369654,-71.11211
bike_lane,BICYCLE LANE,null,42.369654,-71.11211
bike_lane,BICYCLE LANE,null,42.369654,-71.11211
bike_lane,BICYCLE LANE,null,42.369654,-71.11211
bike_lane,BICYCLE LANE,null,42.369654,-71.11211
bike_lane,BICYCLE LANE,null,42.369654,-71.11211
bike_lane,BICYCLE LANE,null,42.369654,-71.11211
bike_lane,BICYCLE LANE,null,42.369654,-71.11211
bike_lane,BICYCLE LANE,null,42.369654,-71.11211
bike_lane,BICYCLE LANE,null,42.369654,-71.11211
bike_lane,BICYCLE LANE,null,42.369654,-71.11211
bike_lane,BICYCLE LANE,null,42.369654,-71.11211
bike_lane,BICYCLE LANE,null,42.369654,-71.11211
bike_lane,BICYCLE LANE,null,42.369654,-71.11211
bike_lane,BICYCLE LANE,null,42.369654,-71.11211
bike_lane,BICYCLE LANE,null,42.369654,-71.11211
bike_lane,BICYCLE LANE,null,42.369654,-71.11211
bike_lane,BICYCLE LANE,null,42.369654,-71.11211
bike_lane,BICYCLE LANE,null,42.369654,-71.11211
bike_lane,BICYCLE LANE,null,42.369654,-71.11211
bike_lane,BICYCLE LANE,null,42.369654,-71.11211
bike_lane,BICYCLE LANE,null,42.369654,-71.11211
bike_lane,BICYCLE LANE,null,42.369654,-71.11211
bike_lane,BICYCLE LANE,null,42.369654,-71.11211
bike_lane,BICYCLE LANE,null,42.369654,-71.11211
bike_lane,BICYCLE LANE,null,42.369654,-71.11211
bike_lane,BICYCLE LANE,null,42.369654,-71.11211
bike_lane,BICYCLE LANE,null,42.369654,-71.11211
bike_lane,BICYCLE LANE,null,42.369654,-71.11211
bike_lane,BICYCLE LANE,null,42.369654,-71.11211
bike_lane,BICYCLE LANE,null,42.369654,-71.11211
bike_lane,BICYCLE LANE,null,42.369654,-71.11211
bike_lane,BICYCLE LANE,null,42.369654,-71.11211
bike_lane,BICYCLE LANE,null,42.369654,-71.11211
bike_lane,BICYCLE LANE,null,42.369654,-71.11211
bike_lane,BICYCLE LANE,null,42.369654,-71.11211
bike_lane,BICYCLE LANE,null,42.372062,-71.088041
bike_lane,BICYCLE LANE,null,42.365808,-71.104397
bike_lane,BICYCLE LANE,null,42.365975,-71.104679
bike_lane,BICYCLE LANE,null,42.365278,-71.103507
bike_lane,BICYCLE LANE,null,42.370385,-71.07699
bike_lane,BICYCLE LANE,null,42.359237,-71.093742
bike_lane,BICYCLE LANE,null,42.366163,-71.105003
bike_lane,BICYCLE LANE,null,42.36464,-71.102449
bike_lane,BICYCLE LANE,null,42.371923,-71.086942
bike_lane,BICYCLE LANE,null,42.384761,-71.119351
bike_lane,BICYCLE LANE,null,42.365822,-71.104421
bike_lane,BICYCLE LANE,null,42.365808,-71.104397
bike_lane,BICYCLE LANE,null,42.365769,-71.10433
bike_lane,BICYCLE LANE,null,42.366447,-71.105472
bike_lane,BICYCLE LANE,null,42.365921,-71.104589
bike_lane,BICYCLE LANE,null,42.370942,-71.079268
bike_lane,BICYCLE LANE,null,42.364037,-71.10143
bike_lane,BICYCLE LANE,null,42.365921,-71.104589
bike_lane,BICYCLE LANE,null,42.365139,-71.103269
bike_lane,BICYCLE LANE,null,42.364037,-71.10143
bike_lane,BICYCLE LANE,null,42.364037,-71.10143
bike_lane,BICYCLE LANE,null,42.373927,-71.119011
bike_lane,BICYCLE LANE,null,42.379351,-71.153353
bike_lane,BICYCLE LANE,null,42.373132,-71.096229
bike_lane,BICYCLE LANE,null,42.374924,-71.134209
bike_lane,BICYCLE LANE,null,42.363112,-71.088126
bike_lane,BICYCLE LANE,null,42.373153,-71.096392
bike_lane,BICYCLE LANE,null,42.364182,-71.101677
bike_lane,BICYCLE LANE,null,42.370942,-71.079268
bike_lane,BICYCLE LANE,null,42.36368,-71.100818
bike_lane,BICYCLE LANE,null,42.365473,-71.094037
bike_lane,BICYCLE LANE,null,42.373278,-71.09736
bike_lane,BICYCLE LANE,null,42.363628,-71.083518
bike_lane,BICYCLE LANE,null,42.366644,-71.096815
bike_lane,BICYCLE LANE,null,42.363112,-71.088126
bike_lane,BICYCLE LANE,null,42.37294,-71.121752
bike_lane,BICYCLE LANE,null,42.373491,-71.098963
bike_lane,BICYCLE LANE,null,42.362705,-71.089941
bike_lane,BICYCLE LANE,null,42.364182,-71.101677
bike_lane,BICYCLE LANE,null,42.364372,-71.101999
bike_lane,BICYCLE LANE,null,42.373998,-71.101168
bike_lane,BICYCLE LANE,null,42.365822,-71.104421
bike_lane,BICYCLE LANE,null,42.365717,-71.104242
bike_lane,BICYCLE LANE,null,42.372932,-71.119857
bike_lane,BICYCLE LANE,null,42.366279,-71.105202
bike_lane,BICYCLE LANE,null,42.364372,-71.101999
bike_lane,BICYCLE LANE,null,42.373739,-71.119105
bike_lane,BICYCLE LANE,null,42.382672,-71.119692
bike_lane,BICYCLE LANE,null,42.373147,-71.096346
bike_lane,BICYCLE LANE,null,42.382525,-71.119707
bike_lane,BICYCLE LANE,null,42.370605,-71.112592
bike_lane,BICYCLE LANE,null,42.384198,-71.119527
bike_lane,BICYCLE LANE,null,42.382795,-71.119679
bike_lane,BICYCLE LANE,null,42.382594,-71.1197
bike_lane,BICYCLE LANE,null,42.373452,-71.098666
bike_lane,BICYCLE LANE,null,42.364231,-71.078445
bike_lane,BICYCLE LANE,null,42.385067,-71.119317
bike_lane,BICYCLE LANE,null,42.37485,-71.132954
bike_lane,BICYCLE LANE,null,42.365139,-71.103269
bike_lane,BICYCLE LANE,null,42.362962,-71.093601
bike_lane,BICYCLE LANE,null,42.363277,-71.083852
bike_lane,BICYCLE LANE,null,42.362813,-71.099753
bike_lane,BICYCLE LANE,null,42.363112,-71.088126
bike_lane,BICYCLE LANE,null,42.363943,-71.101271
bike_lane,BICYCLE LANE,null,42.36426,-71.101809
bike_lane,BICYCLE LANE,null,42.38303,-71.119654
bike_lane,BICYCLE LANE,null,42.384521,-71.119493
bike_lane,BICYCLE LANE,null,42.382672,-71.119692
bike_lane,BICYCLE LANE,null,42.372247,-71.119351
bike_lane,BICYCLE LANE,null,42.366261,-71.105171
bike_lane,BICYCLE LANE,null,42.36368,-71.100818
bike_lane,BICYCLE LANE,null,42.373012,-71.095349
bike_lane,BICYCLE LANE,null,42.363112,-71.088126
bike_lane,BICYCLE LANE,null,42.365354,-71.082615
bike_lane,BICYCLE LANE,null,42.372932,-71.119857
bike_lane,BICYCLE LANE,null,42.384083,-71.119538
bike_lane,BICYCLE LANE,null,42.373186,-71.119636
bike_lane,BICYCLE LANE,null,42.367228,-71.077724
bike_lane,BICYCLE LANE,null,42.372058,-71.118792
bike_lane,BICYCLE LANE,null,42.382462,-71.119713
bike_lane,BICYCLE LANE,null,42.372058,-71.118792
bike_lane,BICYCLE LANE,null,42.374441,-71.118867
bike_lane,BICYCLE LANE,null,42.366552,-71.10564
bike_lane,BICYCLE LANE,null,42.373494,-71.114816
bike_lane,BICYCLE LANE,null,42.366368,-71.105346
bike_lane,BICYCLE LANE,null,42.37295,-71.094879
bike_lane,BICYCLE LANE,null,42.363112,-71.088126
bike_lane,BICYCLE LANE,null,42.365902,-71.082284
bike_lane,BICYCLE LANE,null,42.373132,-71.096229
bike_lane,BICYCLE LANE,null,42.372494,-71.091345
bike_lane,BICYCLE LANE,null,42.369273,-71.077267
bike_lane,BICYCLE LANE,null,42.364231,-71.078445
bike_lane,BICYCLE LANE,null,42.364372,-71.101999
bike_lane,BICYCLE LANE,null,42.366104,-71.104901
bike_lane,BICYCLE LANE,null,42.367012,-71.097847
bike_lane,BICYCLE LANE,null,42.371003,-71.114109
bike_lane,BICYCLE LANE,null,42.389667,-71.120358
bike_lane,BICYCLE LANE,null,42.365822,-71.104421
bike_lane,BICYCLE LANE,null,42.365354,-71.082615
