fire_lane,FIRE LANE,null,42.36557182000047,-71.09296806999964
fire_lane,FIRE LANE,null,42.3800581210005,-71.14110397199966
fire_lane,FIRE LANE,null,42.366791640000486,-71.10600946299962
fire_lane,FIRE LANE,null,42.36549443000047,-71.10544545899967
fire_lane,FIRE LANE,null,42.366791640000486,-71.10600946299962
fire_lane,FIRE LANE,null,42.3724622790005,-71.09662243699967
fire_lane,FIRE LANE,null,42.38970271900047,-71.14868598599963
fire_lane,FIRE LANE,null,42.3929129760005,-71.12892665799967
fire_lane,FIRE LANE,null,42.366791640000486,-71.10600946299962
fire_lane,FIRE LANE,null,42.3929129760005,-71.12892665799967
fire_lane,FIRE LANE,null,42.37677181300046,-71.13213921799962
fire_lane,FIRE LANE,null,42.366791640000486,-71.10600946299962
fire_lane,FIRE LANE,null,42.3896024710005,-71.14818589499964
fire_lane,FIRE LANE,null,42.36353143500048,-71.09847783199967
fire_lane,FIRE LANE,null,42.36853184600045,-71.09798212899966
fire_lane,FIRE LANE,null,42.37719420400049,-71.15188817699965
fire_lane,FIRE LANE,null,42.37494890300047,-71.10501565699963
fire_lane,FIRE LANE,null,42.3896024710005,-71.14818589499964
fire_lane,FIRE LANE,null,42.37231709100047,-71.09678951699965
fire_lane,FIRE LANE,null,42.38970271900047,-71.14868598599963
fire_lane,FIRE LANE,null,42.36549443000047,-71.10544545899967
fire_lane,FIRE LANE,null,42.366791640000486,-71.10600946299962
fire_lane,FIRE LANE,null,42.366791640000486,-71.10600946299962
fire_lane,FIRE LANE,null,42.36557182000047,-71.09296806999964
fire_lane,FIRE LANE,null,42.366791640000486,-71.10600946299962
fire_lane,FIRE LANE,null,42.366791640000486,-71.10600946299962
fire_lane,FIRE LANE,null,42.366791640000486,-71.10600946299962
fire_lane,FIRE LANE,null,42.366791640000486,-71.10600946299962
fire_lane,FIRE LANE,null,42.36706038200049,-71.10140325299966
fire_lane,FIRE LANE,null,42.366791640000486,-71.10600946299962
fire_lane,FIRE LANE,null,42.366791640000486,-71.10600946299962
fire_lane,FIRE LANE,null,42.3724622790005,-71.09662243699967
fire_lane,FIRE LANE,null,42.366791640000486,-71.10600946299962
fire_lane,FIRE LANE,null,42.37576126200048,-71.13442649799964
fire_lane,FIRE LANE,null,42.366791640000486,-71.10600946299962
fire_lane,FIRE LANE,null,42.3724622790005,-71.09662243699967
fire_lane,FIRE LANE,null,42.366791640000486,-71.10600946299962
fire_lane,FIRE LANE,null,42.366791640000486,-71.10600946299962
fire_lane,FIRE LANE,null,42.36990931700046,-71.06982606799966
fire_lane,FIRE LANE,null,42.36706038200049,-71.10140325299966
fire_lane,FIRE LANE,null,42.366791640000486,-71.10600946299962
fire_lane,FIRE LANE,null,42.366791640000486,-71.10600946299962
fire_lane,FIRE LANE,null,42.366791640000486,-71.10600946299962
fire_lane,FIRE LANE,null,42.37566101300047,-71.13438731999963
fire_lane,FIRE LANE,null,42.366791640000486,-71.10600946299962
fire_lane,FIRE LANE,null,42.37348787800045,-71.12522819999964
fire_lane,FIRE LANE,null,42.366791640000486,-71.10600946299962
fire_lane,FIRE LANE,null,42.38017334900047,-71.13840417599965
fire_lane,FIRE LANE,null,42.366791640000486,-71.10600946299962
fire_lane,FIRE LANE,null,42.366791640000486,-71.10600946299962
fire_lane,FIRE LANE,null,42.36557182000047,-71.09296806999964
fire_lane,FIRE LANE,null,42.36568455700046,-71.10565517299966
fire_lane,FIRE LANE,null,42.37415940800048,-71.12364903899964
fire_lane,FIRE LANE,null,42.37415382900048,-71.12365611999962
fire_lane,FIRE LANE,null,42.3896024710005,-71.14818589499964
fire_lane,FIRE LANE,null,42.366791640000486,-71.10600946299962
fire_lane,FIRE LANE,null,42.36353143500048,-71.09847783199967
fire_lane,FIRE LANE,null,42.3929129760005,-71.12892665799967
fire_lane,FIRE LANE,null,42.366791640000486,-71.10600946299962
fire_lane,FIRE LANE,null,42.3896024710005,-71.14818589499964
fire_lane,FIRE LANE,null,42.37348787800045,-71.12522819999964
fire_lane,FIRE LANE,null,42.373650281000494,-71.12511375699967
fire_lane,FIRE LANE,null,42.3646117830005,-71.09637354399968
fire_lane,FIRE LANE,null,42.3929129760005,-71.12892665799967
fire_lane,FIRE LANE,null,42.366791640000486,-71.10600946299962
fire_lane,FIRE LANE,null,42.366791640000486,-71.10600946299962
fire_lane,FIRE LANE,null,42.366791640000486,-71.10600946299962
fire_lane,FIRE LANE,null,42.3929129760005,-71.12892665799967
fire_lane,FIRE LANE,null,42.373590084000455,-71.08859040999965
fire_lane,FIRE LANE,null,42.366791640000486,-71.10600946299962
fire_lane,FIRE LANE,null,42.366791640000486,-71.10600946299962
fire_lane,FIRE LANE,null,42.36706038200049,-71.10140325299966
fire_lane,FIRE LANE,null,42.366791640000486,-71.10600946299962
fire_lane,FIRE LANE,null,42.366791640000486,-71.10600946299962
fire_lane,FIRE LANE,null,42.36568455700046,-71.10565517299966
fire_lane,FIRE LANE,null,42.37042274000049,-71.10198169899962
fire_lane,FIRE LANE,null,42.374081025000464,-71.12371900699964
fire_lane,FIRE LANE,null,42.366791640000486,-71.10600946299962
fire_lane,FIRE LANE,null,42.3896024710005,-71.14818589499964
fire_lane,FIRE LANE,null,42.366791640000486,-71.10600946299962
fire_lane,FIRE LANE,null,42.38423283800046,-71.12670966699966
fire_lane,FIRE LANE,null,42.366791640000486,-71.10600946299962
fire_lane,FIRE LANE,null,42.366791640000486,-71.10600946299962
fire_lane,FIRE LANE,null,42.3754626920005,-71.13047677399965
fire_lane,FIRE LANE,null,42.37231709100047,-71.09678951699965
fire_lane,FIRE LANE,null,42.364503630000456,-71.09462571099965
fire_lane,FIRE LANE,null,42.37231709100047,-71.09678951699965
fire_lane,FIRE LANE,null,42.3896024710005,-71.14818589499964
fire_lane,FIRE LANE,null,42.366791640000486,-71.10600946299962
fire_lane,FIRE LANE,null,42.366791640000486,-71.10600946299962
fire_lane,FIRE LANE,null,42.36706038200049,-71.10140325299966
fire_lane,FIRE LANE,null,42.366791640000486,-71.10600946299962
fire_lane,FIRE LANE,null,42.3929129760005,-71.12892665799967
fire_lane,FIRE LANE,null,42.38970271900047,-71.14868598599963
fire_lane,FIRE LANE,null,42.36853184600045,-71.09798212899966
fire_lane,FIRE LANE,null,42.366791640000486,-71.10600946299962
fire_lane,FIRE LANE,null,42.366791640000486,-71.10600946299962
fire_lane,FIRE LANE,null,42.36285224800048,-71.09224261299966
fire_lane,FIRE LANE,null,42.3896024710005,-71.14818589499964
fire_lane,FIRE LANE,null,42.366791640000486,-71.10600946299962
fire_lane,FIRE LANE,null,42.366791640000486,-71.10600946299962
fire_lane,FIRE LANE,null,42.366791640000486,-71.10600946299962
fire_lane,FIRE LANE,null,42.3929129760005,-71.12892665799967
fire_lane,FIRE LANE,null,42.366791640000486,-71.10600946299962
fire_lane,FIRE LANE,null,42.366791640000486,-71.10600946299962
fire_lane,FIRE LANE,null,42.37415940800048,-71.12364903899964
fire_lane,FIRE LANE,null,42.37697115700047,-71.15187550199965
fire_lane,FIRE LANE,null,42.366791640000486,-71.10600946299962
fire_lane,FIRE LANE,null,42.360263071000475,-71.08673124999967
fire_lane,FIRE LANE,null,42.3656402580005,-71.09599337999964
fire_lane,FIRE LANE,null,42.36990931700046,-71.06982606799966
fire_lane,FIRE LANE,null,42.377893893000476,-71.12064568499966
fire_lane,FIRE LANE,null,42.366791640000486,-71.10600946299962
fire_lane,FIRE LANE,null,42.369695650000494,-71.10417103499964
fire_lane,FIRE LANE,null,42.366791640000486,-71.10600946299962
fire_lane,FIRE LANE,null,42.366791640000486,-71.10600946299962
fire_lane,FIRE LANE,null,42.366791640000486,-71.10600946299962
fire_lane,FIRE LANE,null,42.366791640000486,-71.10600946299962
fire_lane,FIRE LANE,null,42.366791640000486,-71.10600946299962
fire_lane,FIRE LANE,null,42.374081025000464,-71.12371900699964
fire_lane,FIRE LANE,null,42.366791640000486,-71.10600946299962
fire_lane,FIRE LANE,null,42.37702149500046,-71.12421941899964
fire_lane,FIRE LANE,null,42.366791640000486,-71.10600946299962
fire_lane,FIRE LANE,null,42.35771076700047,-71.11525713799966
fire_lane,FIRE LANE,null,42.366791640000486,-71.10600946299962
fire_lane,FIRE LANE,null,42.37432016000048,-71.12403785399965
fire_lane,FIRE LANE,null,42.366791640000486,-71.10600946299962
fire_lane,FIRE LANE,null,42.366791640000486,-71.10600946299962
fire_lane,FIRE LANE,null,42.36706038200049,-71.10140325299966
fire_lane,FIRE LANE,null,42.377893893000476,-71.12064568499966
fire_lane,FIRE LANE,null,42.366791640000486,-71.10600946299962
fire_lane,FIRE LANE,null,42.36706038200049,-71.10140325299966
fire_lane,FIRE LANE,null,42.366791640000486,-71.10600946299962
fire_lane,FIRE LANE,null,42.366791640000486,-71.10600946299962
fire_lane,FIRE LANE,null,42.38970271900047,-71.14868598599963
fire_lane,FIRE LANE,null,42.37494890300047,-71.10501565699963
fire_lane,FIRE LANE,null,42.3929129760005,-71.12892665799967
fire_lane,FIRE LANE,null,42.366791640000486,-71.10600946299962
fire_lane,FIRE LANE,null,42.37201288900047,-71.11880962299966
fire_lane,FIRE LANE,null,42.37638667100049,-71.12357024799962
fire_lane,FIRE LANE,null,42.366791640000486,-71.10600946299962
fire_lane,FIRE LANE,null,42.38466263900045,-71.11765734099964
fire_lane,FIRE LANE,null,42.366791640000486,-71.10600946299962
fire_lane,FIRE LANE,null,42.37634535300049,-71.10844236099967
fire_lane,FIRE LANE,null,42.3678116690005,-71.07991434999963
fire_lane,FIRE LANE,null,42.36572143000046,-71.11548183299965
fire_lane,FIRE LANE,null,42.366791640000486,-71.10600946299962
fire_lane,FIRE LANE,null,42.366791640000486,-71.10600946299962
fire_lane,FIRE LANE,null,42.366791640000486,-71.10600946299962
fire_lane,FIRE LANE,null,42.37477654300045,-71.13163442099966
fire_lane,FIRE LANE,null,42.366791640000486,-71.10600946299962
fire_lane,FIRE LANE,null,42.366791640000486,-71.10600946299962
fire_lane,FIRE LANE,null,42.37638667100049,-71.12357024799962
fire_lane,FIRE LANE,null,42.36572143000046,-71.11548183299965
fire_lane,FIRE LANE,null,42.366791640000486,-71.10600946299962
fire_lane,FIRE LANE,null,42.366791640000486,-71.10600946299962
fire_lane,FIRE LANE,null,42.366791640000486,-71.10600946299962
fire_lane,FIRE LANE,null,42.366791640000486,-71.10600946299962
fire_lane,FIRE LANE,null,42.36557182000047,-71.09296806999964
fire_lane,FIRE LANE,null,42.366791640000486,-71.10600946299962
fire_lane,FIRE LANE,null,42.36696012800047,-71.10150606099967
fire_lane,FIRE LANE,null,42.366791640000486,-71.10600946299962
fire_lane,FIRE LANE,null,42.36708559500045,-71.07667021399965
fire_lane,FIRE LANE,null,42.38806780100049,-71.12331083599963
fire_lane,FIRE LANE,null,42.36708559500045,-71.07667021399965
fire_lane,FIRE LANE,null,42.366791640000486,-71.10600946299962
fire_lane,FIRE LANE,null,42.37197309800047,-71.11858646999963
fire_lane,FIRE LANE,null,42.366791640000486,-71.10600946299962
fire_lane,FIRE LANE,null,42.366791640000486,-71.10600946299962
fire_lane,FIRE LANE,null,42.37197309800047,-71.11858646999963
fire_lane,FIRE LANE,null,42.366791640000486,-71.10600946299962
fire_lane,FIRE LANE,null,42.366791640000486,-71.10600946299962
fire_lane,FIRE LANE,null,42.366791640000486,-71.10600946299962
fire_lane,FIRE LANE,null,42.366791640000486,-71.10600946299962
fire_lane,FIRE LANE,null,42.36696012800047,-71.10150606099967
fire_lane,FIRE LANE,null,42.366791640000486,-71.10600946299962
fire_lane,FIRE LANE,null,42.37220532000049,-71.11738885899967
fire_lane,FIRE LANE,null,42.366791640000486,-71.10600946299962
fire_lane,FIRE LANE,null,42.366791640000486,-71.10600946299962
fire_lane,FIRE LANE,null,42.39159476600048,-71.12356739399962
fire_lane,FIRE LANE,null,42.39159476600048,-71.12356739399962
fire_lane,FIRE LANE,null,42.39159476600048,-71.12356739399962
fire_lane,FIRE LANE,null,42.39159476600048,-71.12356739399962
fire_lane,FIRE LANE,null,42.39159476600048,-71.12356739399962
fire_lane,FIRE LANE,null,42.39159476600048,-71.12356739399962
fire_lane,FIRE LANE,null,42.39159476600048,-71.12356739399962
fire_lane,FIRE LANE,null,42.39159476600048,-71.12356739399962
fire_lane,FIRE LANE,null,42.39159476600048,-71.12356739399962
fire_lane,FIRE LANE,null,42.39159476600048,-71.12356739399962
fire_lane,FIRE LANE,null,42.39159476600048,-71.12356739399962
fire_lane,FIRE LANE,null,42.39159476600048,-71.12356739399962
fire_lane,FIRE LANE,null,42.39159476600048,-71.12356739399962
fire_lane,FIRE LANE,null,42.39159476600048,-71.12356739399962
fire_lane,FIRE LANE,null,42.39159476600048,-71.12356739399962
fire_lane,FIRE LANE,null,42.39159476600048,-71.12356739399962
fire_lane,FIRE LANE,null,42.39159476600048,-71.12356739399962
fire_lane,FIRE LANE,null,42.39159476600048,-71.12356739399962
fire_lane,FIRE LANE,null,42.39159476600048,-71.12356739399962
fire_lane,FIRE LANE,null,42.39159476600048,-71.12356739399962
fire_lane,FIRE LANE,null,42.39159476600048,-71.12356739399962
fire_lane,FIRE LANE,null,42.39159476600048,-71.12356739399962
fire_lane,FIRE LANE,null,42.39159476600048,-71.12356739399962
fire_lane,FIRE LANE,null,42.39159476600048,-71.12356739399962
fire_lane,FIRE LANE,null,42.39159476600048,-71.12356739399962
fire_lane,FIRE LANE,null,42.39159476600048,-71.12356739399962
fire_lane,FIRE LANE,null,42.39159476600048,-71.12356739399962
fire_lane,FIRE LANE,null,42.39159476600048,-71.12356739399962
fire_lane,FIRE LANE,null,42.39159476600048,-71.12356739399962
fire_lane,FIRE LANE,null,42.39159476600048,-71.12356739399962
fire_lane,FIRE LANE,null,42.39159476600048,-71.12356739399962
fire_lane,FIRE LANE,null,42.39159476600048,-71.12356739399962
fire_lane,FIRE LANE,null,42.39159476600048,-71.12356739399962
fire_lane,FIRE LANE,null,42.39159476600048,-71.12356739399962
fire_lane,FIRE LANE,null,42.39159476600048,-71.12356739399962
fire_lane,FIRE LANE,null,42.39159476600048,-71.12356739399962
fire_lane,FIRE LANE,null,42.39159476600048,-71.12356739399962
fire_lane,FIRE LANE,null,42.39159476600048,-71.12356739399962
fire_lane,FIRE LANE,null,42.39159476600048,-71.12356739399962
fire_lane,FIRE LANE,null,42.39159476600048,-71.12356739399962
fire_lane,FIRE LANE,null,42.39159476600048,-71.12356739399962
fire_lane,FIRE LANE,null,42.365571819000024,-71.09296806999998
fire_lane,FIRE LANE,null,42.37197309800007,-71.11858647099996
fire_lane,FIRE LANE,null,42.36679362800004,-71.10600609899996
fire_lane,FIRE LANE,null,42.367060382000034,-71.10140325399993
fire_lane,FIRE LANE,null,42.365571819000024,-71.09296806999998
fire_lane,FIRE LANE,null,42.365571819000024,-71.09296806999998
fire_lane,FIRE LANE,null,42.365571819000024,-71.09296806999998
fire_lane,FIRE LANE,null,42.365571819000024,-71.09296806999998
fire_lane,FIRE LANE,null,42.36679362800004,-71.10600609899996
fire_lane,FIRE LANE,null,42.365571819000024,-71.09296806999998
fire_lane,FIRE LANE,null,42.36679362800004,-71.10600609899996
fire_lane,FIRE LANE,null,42.36679362800004,-71.10600609899996
fire_lane,FIRE LANE,null,42.365571819000024,-71.09296806999998
fire_lane,FIRE LANE,null,42.36679362800004,-71.10600609899996
fire_lane,FIRE LANE,null,42.365571819000024,-71.09296806999998
fire_lane,FIRE LANE,null,42.365571819000024,-71.09296806999998
fire_lane,FIRE LANE,null,42.36679362800004,-71.10600609899996
fire_lane,FIRE LANE,null,42.365571819000024,-71.09296806999998
fire_lane,FIRE LANE,null,42.365571819000024,-71.09296806999998
fire_lane,FIRE LANE,null,42.365571819000024,-71.09296806999998
fire_lane,FIRE LANE,null,42.365571819000024,-71.09296806999998
fire_lane,FIRE LANE,null,42.36679362800004,-71.10600609899996
fire_lane,FIRE LANE,null,42.365571819000024,-71.09296806999998
fire_lane,FIRE LANE,null,42.36679362800004,-71.10600609899996
fire_lane,FIRE LANE,null,42.365571819000024,-71.09296806999998
fire_lane,FIRE LANE,null,42.365571819000024,-71.09296806999998
fire_lane,FIRE LANE,null,42.365571819000024,-71.09296806999998
fire_lane,FIRE LANE,null,42.365571819000024,-71.09296806999998
fire_lane,FIRE LANE,null,42.36679362800004,-71.10600609899996
fire_lane,FIRE LANE,null,42.365571819000024,-71.09296806999998
fire_lane,FIRE LANE,null,42.36679362800004,-71.10600609899996
fire_lane,FIRE LANE,null,42.360281936000035,-71.08667326399996
fire_lane,FIRE LANE,null,42.36679362800004,-71.10600609899996
fire_lane,FIRE LANE,null,42.374081025000066,-71.12371900799997
fire_lane,FIRE LANE,null,42.365571819000024,-71.09296806999998
fire_lane,FIRE LANE,null,42.365571819000024,-71.09296806999998
fire_lane,FIRE LANE,null,42.365571819000024,-71.09296806999998
fire_lane,FIRE LANE,null,42.365571819000024,-71.09296806999998
fire_lane,FIRE LANE,null,42.365571819000024,-71.09296806999998
fire_lane,FIRE LANE,null,42.365571819000024,-71.09296806999998
fire_lane,FIRE LANE,null,42.36679362800004,-71.10600609899996
fire_lane,FIRE LANE,null,42.36679362800004,-71.10600609899996
fire_lane,FIRE LANE,null,42.374081025000066,-71.12371900799997
fire_lane,FIRE LANE,null,42.37246227900005,-71.09662243599996
fire_lane,FIRE LANE,0,42.36679362800004,-71.10600609899996
fire_lane,FIRE LANE,null,42.365450603000056,-71.10537657799995
fire_lane,FIRE LANE,null,42.36679362800004,-71.10600609899996
fire_lane,FIRE LANE,null,42.36679362800004,-71.10600609899996
fire_lane,FIRE LANE,null,42.36549443100006,-71.10544545799996
fire_lane,FIRE LANE,null,42.36679362800004,-71.10600609899996
fire_lane,FIRE LANE,null,42.37803786100005,-71.12503933799997
fire_lane,FIRE LANE,null,42.36968643200004,-71.10722112499997
fire_lane,FIRE LANE,null,42.37197309800007,-71.11858647099996
fire_lane,FIRE LANE,null,42.37405473200005,-71.12370451599998
fire_lane,FIRE LANE,null,42.37433344500005,-71.09745848699998
fire_lane,FIRE LANE,null,42.365571819000024,-71.09296806999998
fire_lane,FIRE LANE,null,42.365571819000024,-71.09296806999998
fire_lane,FIRE LANE,null,42.36679362800004,-71.10600609899996
fire_lane,FIRE LANE,null,42.36679362800004,-71.10600609899996
fire_lane,FIRE LANE,null,42.36679362800004,-71.10600609899996
fire_lane,FIRE LANE,null,42.379917542000044,-71.14105442299996
fire_lane,FIRE LANE,null,42.365571819000024,-71.09296806999998
fire_lane,FIRE LANE,null,42.368466166000076,-71.09196030399994
fire_lane,FIRE LANE,null,42.365571819000024,-71.09296806999998
fire_lane,FIRE LANE,null,42.365571819000024,-71.09296806999998
fire_lane,FIRE LANE,null,42.365571819000024,-71.09296806999998
fire_lane,FIRE LANE,null,42.365571819000024,-71.09296806999998
fire_lane,FIRE LANE,null,42.36679362800004,-71.10600609899996
fire_lane,FIRE LANE,null,42.36679362800004,-71.10600609899996
fire_lane,FIRE LANE,null,42.365571819000024,-71.09296806999998
fire_lane,FIRE LANE,null,42.36353143500003,-71.09847783199996
fire_lane,FIRE LANE,null,42.36679362800004,-71.10600609899996
fire_lane,FIRE LANE,null,42.365571819000024,-71.09296806999998
fire_lane,FIRE LANE,null,42.36353143500003,-71.09847783199996
fire_lane,FIRE LANE,null,42.36679362800004,-71.10600609899996
fire_lane,FIRE LANE,null,42.36353143500003,-71.09847783199996
fire_lane,FIRE LANE,null,42.37545129800003,-71.13431703099997
fire_lane,FIRE LANE,null,42.365510492000055,-71.07981512599997
fire_lane,FIRE LANE,null,42.36353143500003,-71.09847783199996
fire_lane,FIRE LANE,null,42.36696012900006,-71.10150606099995
fire_lane,FIRE LANE,null,42.37680868600006,-71.10836533999998
fire_lane,FIRE LANE,null,42.379917542000044,-71.14105442299996
fire_lane,FIRE LANE,null,42.36679362800004,-71.10600609899996
fire_lane,FIRE LANE,null,42.37689280200004,-71.12405135299997
fire_lane,FIRE LANE,null,42.365571819000024,-71.09296806999998
fire_lane,FIRE LANE,null,42.36353143500003,-71.09847783199996
fire_lane,FIRE LANE,null,42.36353143500003,-71.09847783199996
fire_lane,FIRE LANE,null,42.365571819000024,-71.09296806999998
fire_lane,FIRE LANE,null,42.36679362800004,-71.10600609899996
fire_lane,FIRE LANE,null,42.37246227900005,-71.09662243599996
fire_lane,FIRE LANE,null,42.365571819000024,-71.09296806999998
fire_lane,FIRE LANE,null,42.37700687800003,-71.10881703499996
fire_lane,FIRE LANE,null,42.36679362800004,-71.10600609899996
fire_lane,FIRE LANE,null,42.36353143500003,-71.09847783199996
fire_lane,FIRE LANE,null,42.36679362800004,-71.10600609899996
fire_lane,FIRE LANE,null,42.36679362800004,-71.10600609899996
fire_lane,FIRE LANE,null,42.36353143500003,-71.09847783199996
fire_lane,FIRE LANE,null,42.37700687800003,-71.10881703499996
fire_lane,FIRE LANE,null,42.37680868600006,-71.10836533999998
fire_lane,FIRE LANE,null,42.36549443100006,-71.10544545799996
fire_lane,FIRE LANE,null,42.367060382000034,-71.10140325399993
fire_lane,FIRE LANE,null,42.36353143500003,-71.09847783199996
fire_lane,FIRE LANE,null,42.36679362800004,-71.10600609899996
fire_lane,FIRE LANE,null,42.36679362800004,-71.10600609899996
fire_lane,FIRE LANE,null,42.36679362800004,-71.10600609899996
fire_lane,FIRE LANE,null,42.36679362800004,-71.10600609899996
fire_lane,FIRE LANE,null,42.36679362800004,-71.10600609899996
fire_lane,FIRE LANE,null,42.36679362800004,-71.10600609899996
fire_lane,FIRE LANE,null,42.36679362800004,-71.10600609899996
fire_lane,FIRE LANE,null,42.36679362800004,-71.10600609899996
fire_lane,FIRE LANE,null,42.36679362800004,-71.10600609899996
fire_lane,FIRE LANE,null,42.36679362800004,-71.10600609899996
fire_lane,FIRE LANE,null,42.36679362800004,-71.10600609899996
fire_lane,FIRE LANE,null,42.36679362800004,-71.10600609899996
fire_lane,FIRE LANE,null,42.36679362800004,-71.10600609899996
fire_lane,FIRE LANE,null,42.36679362800004,-71.10600609899996
fire_lane,FIRE LANE,null,42.36679362800004,-71.10600609899996
fire_lane,FIRE LANE,null,42.36679362800004,-71.10600609899996
fire_lane,FIRE LANE,null,42.36679362800004,-71.10600609899996
fire_lane,FIRE LANE,null,42.36679362800004,-71.10600609899996
fire_lane,FIRE LANE,null,42.36679362800004,-71.10600609899996
fire_lane,FIRE LANE,null,42.36268688800004,-71.08984401299995
fire_lane,FIRE LANE,null,42.380010877000075,-71.14101754999996
fire_lane,FIRE LANE,null,42.36679362800004,-71.10600609899996
fire_lane,FIRE LANE,null,42.36679362800004,-71.10600609899996
fire_lane,FIRE LANE,null,42.368606698000065,-71.09188369499998
fire_lane,FIRE LANE,null,42.368606698000065,-71.09188369499998
fire_lane,FIRE LANE,null,42.36679362800004,-71.10600609899996
fire_lane,FIRE LANE,POSTED,42.36679362800004,-71.10600609899996
fire_lane,FIRE LANE,null,42.36679362800004,-71.10600609899996
fire_lane,FIRE LANE,null,42.378328389000046,-71.12557260099999
fire_lane,FIRE LANE,null,42.36679362800004,-71.10600609899996
fire_lane,FIRE LANE,null,42.36679362800004,-71.10600609899996
fire_lane,FIRE LANE,null,42.37246227900005,-71.09662243599996
fire_lane,FIRE LANE,null,42.39291297700004,-71.12892665699997
fire_lane,FIRE LANE,null,42.39291297700004,-71.12892665699997
fire_lane,FIRE LANE,null,42.39291297700004,-71.12892665699997
fire_lane,FIRE LANE,null,42.39291297700004,-71.12892665699997
fire_lane,FIRE LANE,null,42.36679362800004,-71.10600609899996
fire_lane,FIRE LANE,null,42.36679362800004,-71.10600609899996
fire_lane,FIRE LANE,null,42.37246227900005,-71.09662243599996
fire_lane,FIRE LANE,null,42.378328389000046,-71.12557260099999
fire_lane,FIRE LANE,null,42.38005812100005,-71.14110397099995
fire_lane,FIRE LANE,null,42.39291297700004,-71.12892665699997
fire_lane,FIRE LANE,null,42.36679362800004,-71.10600609899996
fire_lane,FIRE LANE,null,42.39291297700004,-71.12892665699997
fire_lane,FIRE LANE,null,42.373506246000034,-71.08831678899998
fire_lane,FIRE LANE,null,42.36679362800004,-71.10600609899996
fire_lane,FIRE LANE,null,42.36968643200004,-71.10722112499997
fire_lane,FIRE LANE,null,42.36679362800004,-71.10600609899996
fire_lane,FIRE LANE,null,42.39291297700004,-71.12892665699997
fire_lane,FIRE LANE,null,42.37197309800007,-71.11858647099996
fire_lane,FIRE LANE,null,42.39291297700004,-71.12892665699997
fire_lane,FIRE LANE,null,42.39291297700004,-71.12892665699997
fire_lane,FIRE LANE,null,42.357884762000026,-71.09947318199994
fire_lane,FIRE LANE,null,42.36035525400007,-71.10078217399996
fire_lane,FIRE LANE,null,42.37246227900005,-71.09662243599996
fire_lane,FIRE LANE,null,42.367060382000034,-71.10140325399993
fire_lane,FIRE LANE,null,42.37479795400003,-71.10505598699996
fire_lane,FIRE LANE,null,42.36461178300004,-71.09637354399996
fire_lane,FIRE LANE,null,42.39291297700004,-71.12892665699997
fire_lane,FIRE LANE,null,42.37076266300005,-71.10183074999998
fire_lane,FIRE LANE,null,42.39291297700004,-71.12892665699997
fire_lane,FIRE LANE,null,42.38144316300003,-71.11635756699997
fire_lane,FIRE LANE,null,42.38144316300003,-71.11635756699997
fire_lane,FIRE LANE,null,42.38144316300003,-71.11635756699997
fire_lane,FIRE LANE,null,42.38144316300003,-71.11635756699997
fire_lane,FIRE LANE,null,42.38144316300003,-71.11635756699997
fire_lane,FIRE LANE,null,42.38144316300003,-71.11635756699997
fire_lane,FIRE LANE,null,42.38144316300003,-71.11635756699997
fire_lane,FIRE LANE,null,42.38144316300003,-71.11635756699997
fire_lane,FIRE LANE,null,42.38144316300003,-71.11635756699997
fire_lane,FIRE LANE,null,42.38144316300003,-71.11635756699997
fire_lane,FIRE LANE,null,42.38144316300003,-71.11635756699997
fire_lane,FIRE LANE,null,42.38144316300003,-71.11635756699997
fire_lane,FIRE LANE,null,42.38144316300003,-71.11635756699997
fire_lane,FIRE LANE,null,42.38144316300003,-71.11635756699997
fire_lane,FIRE LANE,null,42.38144316300003,-71.11635756699997
fire_lane,FIRE LANE,null,42.38144316300003,-71.11635756699997
fire_lane,FIRE LANE,null,42.38144316300003,-71.11635756699997
fire_lane,FIRE LANE,null,42.38144316300003,-71.11635756699997
fire_lane,FIRE LANE,null,42.38144316300003,-71.11635756699997
fire_lane,FIRE LANE,null,42.365812,-71.11584
fire_lane,FIRE LANE,null,42.365812,-71.11584
fire_lane,FIRE LANE,null,42.376228,-71.110812
fire_lane,FIRE LANE,null,42.373208,-71.124794
fire_lane,FIRE LANE,null,42.374044,-71.123812
fire_lane,FIRE LANE,null,42.397907,-71.13075
fire_lane,FIRE LANE,null,42.397907,-71.13075
fire_lane,FIRE LANE,null,42.397907,-71.13075
fire_lane,FIRE LANE,null,42.397907,-71.13075
fire_lane,FIRE LANE,null,42.397907,-71.13075
fire_lane,FIRE LANE,null,42.397907,-71.13075
fire_lane,FIRE LANE,null,42.397907,-71.13075
fire_lane,FIRE LANE,null,42.397907,-71.13075
fire_lane,FIRE LANE,null,42.397907,-71.13075
fire_lane,FIRE LANE,null,42.397907,-71.13075
fire_lane,FIRE LANE,null,42.397907,-71.13075
fire_lane,FIRE LANE,null,42.397907,-71.13075
fire_lane,FIRE LANE,null,42.397907,-71.13075
fire_lane,FIRE LANE,null,42.397907,-71.13075
fire_lane,FIRE LANE,null,42.397907,-71.13075
fire_lane,FIRE LANE,null,42.377057,-71.124267
fire_lane,FIRE LANE,null,42.365812,-71.11584
fire_lane,FIRE LANE,null,42.365812,-71.11584
fire_lane,FIRE LANE,null,42.372051,-71.12028
fire_lane,FIRE LANE,null,42.374097,-71.123728
fire_lane,FIRE LANE,null,42.370754,-71.101649
fire_lane,FIRE LANE,null,42.373212,-71.124805
fire_lane,FIRE LANE,null,42.369827,-71.086992
fire_lane,FIRE LANE,null,42.369827,-71.086992
fire_lane,FIRE LANE,null,42.369827,-71.086992
fire_lane,FIRE LANE,null,42.369827,-71.086992
fire_lane,FIRE LANE,null,42.369827,-71.086992
fire_lane,FIRE LANE,null,42.369827,-71.086992
fire_lane,FIRE LANE,null,42.369827,-71.086992
fire_lane,FIRE LANE,null,42.369827,-71.086992
fire_lane,FIRE LANE,null,42.369827,-71.086992
fire_lane,FIRE LANE,null,42.369827,-71.086992
fire_lane,FIRE LANE,null,42.369827,-71.086992
fire_lane,FIRE LANE,null,42.369827,-71.086992
fire_lane,FIRE LANE,null,42.369827,-71.086992
fire_lane,FIRE LANE,null,42.369827,-71.086992
fire_lane,FIRE LANE,null,42.375669,-71.13445
fire_lane,FIRE LANE,null,42.374097,-71.123728
fire_lane,FIRE LANE,null,42.374329,-71.105126
fire_lane,FIRE LANE,null,42.374097,-71.123728
fire_lane,FIRE LANE,null,42.369515,-71.091336
fire_lane,FIRE LANE,null,42.368,-71.078222
fire_lane,FIRE LANE,null,42.368,-71.078222
fire_lane,FIRE LANE,null,42.368,-71.078222
fire_lane,FIRE LANE,null,42.368,-71.078222
fire_lane,FIRE LANE,null,42.368,-71.078222
fire_lane,FIRE LANE,null,42.368,-71.078222
fire_lane,FIRE LANE,null,42.368,-71.078222
fire_lane,FIRE LANE,null,42.368,-71.078222
fire_lane,FIRE LANE,null,42.368,-71.078222
fire_lane,FIRE LANE,null,42.368,-71.078222
fire_lane,FIRE LANE,null,42.368,-71.078222
fire_lane,FIRE LANE,null,42.368,-71.078222
fire_lane,FIRE LANE,null,42.368,-71.078222
fire_lane,FIRE LANE,null,42.368,-71.078222
fire_lane,FIRE LANE,null,42.368,-71.078222
fire_lane,FIRE LANE,null,42.368,-71.078222
fire_lane,FIRE LANE,null,42.368,-71.078222
fire_lane,FIRE LANE,null,42.368,-71.078222
fire_lane,FIRE LANE,null,42.368,-71.078222
fire_lane,FIRE LANE,null,42.368,-71.078222
fire_lane,FIRE LANE,null,42.368,-71.078222
fire_lane,FIRE LANE,null,42.368,-71.078222
fire_lane,FIRE LANE,null,42.368,-71.078222
fire_lane,FIRE LANE,null,42.368,-71.078222
fire_lane,FIRE LANE,null,42.368,-71.078222
fire_lane,FIRE LANE,null,42.368,-71.078222
fire_lane,FIRE LANE,null,42.368,-71.078222
fire_lane,FIRE LANE,null,42.368,-71.078222
fire_lane,FIRE LANE,null,42.368,-71.078222
fire_lane,FIRE LANE,null,42.368,-71.078222
fire_lane,FIRE LANE,null,42.368,-71.078222
fire_lane,FIRE LANE,null,42.368,-71.078222
fire_lane,FIRE LANE,null,42.368,-71.078222
fire_lane,FIRE LANE,null,42.368,-71.078222
fire_lane,FIRE LANE,null,42.368,-71.078222
fire_lane,FIRE LANE,null,42.368,-71.078222
fire_lane,FIRE LANE,null,42.368,-71.078222
fire_lane,FIRE LANE,null,42.368,-71.078222
fire_lane,FIRE LANE,null,42.368,-71.078222
fire_lane,FIRE LANE,null,42.368,-71.078222
fire_lane,FIRE LANE,null,42.368,-71.078222
fire_lane,FIRE LANE,null,42.368,-71.078222
fire_lane,FIRE LANE,null,42.368,-71.078222
fire_lane,FIRE LANE,null,42.368,-71.078222
fire_lane,FIRE LANE,null,42.368,-71.078222
fire_lane,FIRE LANE,null,42.368,-71.078222
fire_lane,FIRE LANE,null,42.368,-71.078222
fire_lane,FIRE LANE,null,42.368,-71.078222
fire_lane,FIRE LANE,null,42.368,-71.078222
fire_lane,FIRE LANE,null,42.368,-71.078222
fire_lane,FIRE LANE,null,42.368,-71.078222
fire_lane,FIRE LANE,null,42.368,-71.078222
fire_lane,FIRE LANE,null,42.368,-71.078222
fire_lane,FIRE LANE,null,42.368,-71.078222
fire_lane,FIRE LANE,null,42.368,-71.078222
fire_lane,FIRE LANE,null,42.368,-71.078222
fire_lane,FIRE LANE,null,42.368,-71.078222
fire_lane,FIRE LANE,null,42.368,-71.078222
fire_lane,FIRE LANE,null,42.368,-71.078222
fire_lane,FIRE LANE,null,42.368,-71.078222
fire_lane,FIRE LANE,null,42.368,-71.078222
fire_lane,FIRE LANE,null,42.368,-71.078222
fire_lane,FIRE LANE,null,42.368,-71.078222
fire_lane,FIRE LANE,null,42.368,-71.078222
fire_lane,FIRE LANE,null,42.368,-71.078222
fire_lane,FIRE LANE,null,42.368,-71.078222
fire_lane,FIRE LANE,null,42.368,-71.078222
fire_lane,FIRE LANE,null,42.368,-71.078222
fire_lane,FIRE LANE,null,42.368,-71.078222
fire_lane,FIRE LANE,null,42.368,-71.078222
fire_lane,FIRE LANE,null,42.368,-71.078222
fire_lane,FIRE LANE,null,42.368,-71.078222
fire_lane,FIRE LANE,null,42.368,-71.078222
fire_lane,FIRE LANE,null,42.368,-71.078222
fire_lane,FIRE LANE,null,42.368,-71.078222
fire_lane,FIRE LANE,null,42.368,-71.078222
fire_lane,FIRE LANE,null,42.368,-71.078222
fire_lane,FIRE LANE,null,42.368,-71.078222
fire_lane,FIRE LANE,null,42.368,-71.078222
fire_lane,FIRE LANE,null,42.368,-71.078222
fire_lane,FIRE LANE,null,42.368,-71.078222
fire_lane,FIRE LANE,null,42.368,-71.078222
fire_lane,FIRE LANE,null,42.368,-71.078222
fire_lane,FIRE LANE,null,42.368,-71.078222
fire_lane,FIRE LANE,null,42.368,-71.078222
fire_lane,FIRE LANE,null,42.368,-71.078222
fire_lane,FIRE LANE,null,42.368,-71.078222
fire_lane,FIRE LANE,null,42.368,-71.078222
fire_lane,FIRE LANE,null,42.368,-71.078222
fire_lane,FIRE LANE,null,42.368,-71.078222
fire_lane,FIRE LANE,null,42.368,-71.078222
fire_lane,FIRE LANE,null,42.368,-71.078222
fire_lane,FIRE LANE,null,42.368,-71.078222
fire_lane,FIRE LANE,null,42.368,-71.078222
fire_lane,FIRE LANE,null,42.368,-71.078222
fire_lane,FIRE LANE,null,42.368,-71.078222
fire_lane,FIRE LANE,null,42.368,-71.078222
fire_lane,FIRE LANE,null,42.368515,-71.098003
fire_lane,FIRE LANE,null,42.363613,-71.108659
fire_lane,FIRE LANE,null,42.365409,-71.105285
fire_lane,FIRE LANE,null,42.373324,-71.124742
fire_lane,FIRE LANE,null,42.362705,-71.089941
fire_lane,FIRE LANE,null,42.374666,-71.105044
fire_lane,FIRE LANE,null,42.37504,-71.10508
fire_lane,FIRE LANE,null,42.376755,-71.108338
fire_lane,FIRE LANE,null,42.37372,-71.125118
fire_lane,FIRE LANE,null,42.372469,-71.096621
fire_lane,FIRE LANE,null,42.365409,-71.105285
fire_lane,FIRE LANE,null,42.374666,-71.105044
fire_lane,FIRE LANE,null,42.36958,-71.0913
fire_lane,FIRE LANE,null,42.368615,-71.107963
fire_lane,FIRE LANE,null,42.36958,-71.0913
fire_lane,FIRE LANE,null,42.376755,-71.108338
fire_lane,FIRE LANE,null,42.373554,-71.088853
fire_lane,FIRE LANE,null,42.372469,-71.096621
fire_lane,FIRE LANE,null,42.369627,-71.107358
fire_lane,FIRE LANE,null,42.363613,-71.108659
fire_lane,FIRE LANE,null,42.372469,-71.096621
fire_lane,FIRE LANE,null,42.372469,-71.096621
fire_lane,FIRE LANE,null,42.372855,-71.081116
fire_lane,FIRE LANE,null,42.372945,-71.125019
fire_lane,FIRE LANE,null,42.38967,-71.142425
fire_lane,FIRE LANE,null,42.38967,-71.142425
fire_lane,FIRE LANE,null,42.374015,-71.123859
fire_lane,FIRE LANE,null,42.374015,-71.123859
fire_lane,FIRE LANE,null,42.374015,-71.123859
fire_lane,FIRE LANE,null,42.38967,-71.142425
fire_lane,FIRE LANE,null,42.38967,-71.142425
fire_lane,FIRE LANE,null,42.362406,-71.086573
fire_lane,FIRE LANE,null,42.369678,-71.11218
fire_lane,FIRE LANE,null,42.382053,-71.119758
fire_lane,FIRE LANE,null,42.369467,-71.0788
fire_lane,FIRE LANE,null,42.37476,-71.105021
fire_lane,FIRE LANE,null,42.377761,-71.120186
fire_lane,FIRE LANE,null,42.373176,-71.124848
fire_lane,FIRE LANE,null,42.38967,-71.142425
fire_lane,FIRE LANE,null,42.369654,-71.11211
fire_lane,FIRE LANE,null,42.369654,-71.11211
fire_lane,FIRE LANE,null,42.369654,-71.11211
fire_lane,FIRE LANE,null,42.369654,-71.11211
fire_lane,FIRE LANE,null,42.369654,-71.11211
fire_lane,FIRE LANE,null,42.369654,-71.11211
fire_lane,FIRE LANE,null,42.369654,-71.11211
fire_lane,FIRE LANE,null,42.369654,-71.11211
fire_lane,FIRE LANE,null,42.369654,-71.11211
fire_lane,FIRE LANE,null,42.369654,-71.11211
fire_lane,FIRE LANE,null,42.369654,-71.11211
fire_lane,FIRE LANE,null,42.369654,-71.11211
fire_lane,FIRE LANE,null,42.369654,-71.11211
fire_lane,FIRE LANE,null,42.369654,-71.11211
fire_lane,FIRE LANE,null,42.369654,-71.11211
fire_lane,FIRE LANE,null,42.369654,-71.11211
fire_lane,FIRE LANE,null,42.369654,-71.11211
fire_lane,FIRE LANE,null,42.369654,-71.11211
fire_lane,FIRE LANE,null,42.369654,-71.11211
fire_lane,FIRE LANE,null,42.369654,-71.11211
fire_lane,FIRE LANE,null,42.369654,-71.11211
fire_lane,FIRE LANE,null,42.369654,-71.11211
fire_lane,FIRE LANE,null,42.369654,-71.11211
fire_lane,FIRE LANE,null,42.369654,-71.11211
fire_lane,FIRE LANE,null,42.369654,-71.11211
fire_lane,FIRE LANE,null,42.369654,-71.11211
fire_lane,FIRE LANE,null,42.369654,-71.11211
fire_lane,FIRE LANE,null,42.369654,-71.11211
fire_lane,FIRE LANE,null,42.369654,-71.11211
fire_lane,FIRE LANE,null,42.369654,-71.11211
fire_lane,FIRE LANE,null,42.369654,-71.11211
fire_lane,FIRE LANE,null,42.369654,-71.11211
fire_lane,FIRE LANE,null,42.369654,-71.11211
fire_lane,FIRE LANE,null,42.369654,-71.11211
fire_lane,FIRE LANE,null,42.369654,-71.11211
fire_lane,FIRE LANE,null,42.369654,-71.11211
fire_lane,FIRE LANE,null,42.369654,-71.11211
fire_lane,FIRE LANE,null,42.369654,-71.11211
fire_lane,FIRE LANE,null,42.369654,-71.11211
fire_lane,FIRE LANE,null,42.369654,-71.11211
fire_lane,FIRE LANE,null,42.369654,-71.11211
fire_lane,FIRE LANE,null,42.369654,-71.11211
fire_lane,FIRE LANE,null,42.374015,-71.123859
fire_lane,FIRE LANE,null,42.370798,-71.101781
fire_lane,FIRE LANE,null,42.370798,-71.101781
fire_lane,FIRE LANE,null,42.38967,-71.142425
fire_lane,FIRE LANE,null,42.376804,-71.131029
fire_lane,FIRE LANE,null,42.376929,-71.132433
fire_lane,FIRE LANE,null,42.374015,-71.123859
fire_lane,FIRE LANE,null,42.364561,-71.096374
fire_lane,FIRE LANE,null,42.375175,-71.13429
fire_lane,FIRE LANE,null,42.366187,-71.105044
fire_lane,FIRE LANE,null,42.374015,-71.123859
fire_lane,FIRE LANE,null,42.364561,-71.096374
fire_lane,FIRE LANE,null,42.3722,-71.120604
fire_lane,FIRE LANE,null,42.374015,-71.123859
fire_lane,FIRE LANE,null,42.377761,-71.120186
fire_lane,FIRE LANE,null,42.364634,-71.103956
fire_lane,FIRE LANE,null,42.362833,-71.091925
fire_lane,FIRE LANE,null,42.364736,-71.080002
fire_lane,FIRE LANE,null,42.365806,-71.11577
fire_lane,FIRE LANE,null,42.36968,-71.107293
fire_lane,FIRE LANE,null,42.376755,-71.108338
fire_lane,FIRE LANE,null,42.376925,-71.108294
fire_lane,FIRE LANE,null,42.392747,-71.128139
fire_lane,FIRE LANE,null,42.377052,-71.151857
