taxi_stand,TAXI CAB STAND,null,42.39755206300049,-71.13036009599966
taxi_stand,TAXI CAB STAND,null,42.373612256000456,-71.10016455099964
taxi_stand,TAXI CAB STAND,null,42.37362509600047,-71.10023238599967
taxi_stand,TAXI CAB STAND,null,42.37362509600047,-71.10023238599967
taxi_stand,TAXI CAB STAND,null,42.36344211500045,-71.10044882199963
taxi_stand,TAXI CAB STAND,null,42.37198984300045,-71.12066594799967
taxi_stand,TAXI CAB STAND,null,42.36461408800045,-71.10235503799964
taxi_stand,TAXI CAB STAND,null,42.373612256000456,-71.10016455099964
taxi_stand,TAXI CAB STAND,null,42.37198984300045,-71.12066594799967
taxi_stand,TAXI CAB STAND,null,42.37362509600047,-71.10023238599967
taxi_stand,TAXI CAB STAND,null,42.373612256000456,-71.10016455099964
taxi_stand,TAXI CAB STAND,448,42.363425072000496,-71.10041913299966
taxi_stand,TAXI CAB STAND,null,42.37362722800049,-71.10024811299962
taxi_stand,TAXI CAB STAND,null,42.373612256000456,-71.10016455099964
taxi_stand,TAXI CAB STAND,null,42.372518741000476,-71.12166612899966
taxi_stand,TAXI CAB STAND,null,42.37362296300046,-71.10021665799962
taxi_stand,TAXI CAB STAND,null,42.37198984300045,-71.12066594799967
taxi_stand,TAXI CAB STAND,null,42.37362296300046,-71.10021665799962
taxi_stand,TAXI CAB STAND,null,42.37362509600047,-71.10023238599967
taxi_stand,TAXI CAB STAND,null,42.39755206300049,-71.13036009599966
taxi_stand,TAXI CAB STAND,null,42.364954011000464,-71.10290467699963
taxi_stand,TAXI CAB STAND,null,42.363425072000496,-71.10041913299966
taxi_stand,TAXI CAB STAND,null,42.373612256000456,-71.10016455099964
taxi_stand,TAXI CAB STAND,null,42.36344211500045,-71.10044882199963
taxi_stand,TAXI CAB STAND,null,42.366791640000486,-71.10600946299962
taxi_stand,TAXI CAB STAND,null,42.373612256000456,-71.10016455099964
taxi_stand,TAXI CAB STAND,null,42.39755206300049,-71.13036009599966
taxi_stand,TAXI CAB STAND,null,42.3637300850005,-71.10093506799967
taxi_stand,TAXI CAB STAND,null,42.37415152400047,-71.10425399899964
taxi_stand,TAXI CAB STAND,null,42.363425072000496,-71.10041913299966
taxi_stand,TAXI CAB STAND,null,42.37362509600047,-71.10023238599967
taxi_stand,TAXI CAB STAND,null,42.37362509600047,-71.10023238599967
taxi_stand,TAXI CAB STAND,null,42.39755206300049,-71.13036009599966
taxi_stand,TAXI CAB STAND,null,42.366791640000486,-71.10600946299962
taxi_stand,TAXI CAB STAND,null,42.373612256000456,-71.10016455099964
taxi_stand,TAXI CAB STAND,null,42.36461408800045,-71.10235503799964
taxi_stand,TAXI CAB STAND,null,42.366791640000486,-71.10600946299962
taxi_stand,TAXI CAB STAND,null,42.3741803310005,-71.11887415099966
taxi_stand,TAXI CAB STAND,null,42.39755206300049,-71.13036009599966
taxi_stand,TAXI CAB STAND,null,42.366791640000486,-71.10600946299962
taxi_stand,TAXI CAB STAND,null,42.372518741000476,-71.12166612899966
taxi_stand,TAXI CAB STAND,null,42.363425072000496,-71.10041913299966
taxi_stand,TAXI CAB STAND,null,42.36344211500045,-71.10044882199963
taxi_stand,TAXI CAB STAND,null,42.366791640000486,-71.10600946299962
taxi_stand,TAXI CAB STAND,null,42.36375448500047,-71.10098497499962
taxi_stand,TAXI CAB STAND,null,42.364954011000464,-71.10290467699963
taxi_stand,TAXI CAB STAND,null,42.373612256000456,-71.10016455099964
taxi_stand,TAXI CAB STAND,null,42.37258716200046,-71.12169143299963
taxi_stand,TAXI CAB STAND,null,42.36344211500045,-71.10044882199963
taxi_stand,TAXI CAB STAND,null,42.363425072000496,-71.10041913299966
taxi_stand,TAXI CAB STAND,null,42.39755206300049,-71.13036009599966
taxi_stand,TAXI CAB STAND,null,42.373612256000456,-71.10016455099964
taxi_stand,TAXI CAB STAND,null,42.363425072000496,-71.10041913299966
taxi_stand,TAXI CAB STAND,null,42.363425072000496,-71.10041913299966
taxi_stand,TAXI CAB STAND,null,42.363425072000496,-71.10041913299966
taxi_stand,TAXI CAB STAND,null,42.363425072000496,-71.10041913299966
taxi_stand,TAXI CAB STAND,null,42.37240005500047,-71.12175485499966
taxi_stand,TAXI CAB STAND,null,42.37198984300045,-71.12066594799967
taxi_stand,TAXI CAB STAND,null,42.363425072000496,-71.10041913299966
taxi_stand,TAXI CAB STAND,null,42.37198984300045,-71.12066594799967
taxi_stand,TAXI CAB STAND,null,42.373612256000456,-71.10016455099964
taxi_stand,TAXI CAB STAND,null,42.373612256000456,-71.10016455099964
taxi_stand,TAXI CAB STAND,null,42.373612256000456,-71.10016455099964
taxi_stand,TAXI CAB STAND,null,42.3587736230005,-71.09334706799967
taxi_stand,TAXI CAB STAND,null,42.39755206300049,-71.13036009599966
taxi_stand,TAXI CAB STAND,null,42.366791640000486,-71.10600946299962
taxi_stand,TAXI CAB STAND,null,42.373612256000456,-71.10016455099964
taxi_stand,TAXI CAB STAND,null,42.366791640000486,-71.10600946299962
taxi_stand,TAXI CAB STAND,null,42.37213252100048,-71.12050840399962
taxi_stand,TAXI CAB STAND,null,42.36344211500045,-71.10044882199963
taxi_stand,TAXI CAB STAND,null,42.3646947470005,-71.10247487599963
taxi_stand,TAXI CAB STAND,null,42.37292231200047,-71.12332012299964
taxi_stand,TAXI CAB STAND,null,42.373612256000456,-71.10016455099964
taxi_stand,TAXI CAB STAND,null,42.373612256000456,-71.10016455099964
taxi_stand,TAXI CAB STAND,null,42.37415152400047,-71.10425399899964
taxi_stand,TAXI CAB STAND,null,42.35924906300045,-71.09378551799966
taxi_stand,TAXI CAB STAND,null,42.3741803310005,-71.11887415099966
taxi_stand,TAXI CAB STAND,null,42.373612256000456,-71.10016455099964
taxi_stand,TAXI CAB STAND,null,42.36461408800045,-71.10235503799964
taxi_stand,TAXI CAB STAND,null,42.37415152400047,-71.10425399899964
taxi_stand,TAXI CAB STAND,null,42.37198984300045,-71.12066594799967
taxi_stand,TAXI CAB STAND,null,42.372650646000466,-71.12159779499967
taxi_stand,TAXI CAB STAND,null,42.373612256000456,-71.10016455099964
taxi_stand,TAXI CAB STAND,null,42.372518741000476,-71.12166612899966
taxi_stand,TAXI CAB STAND,null,42.373612256000456,-71.10016455099964
taxi_stand,TAXI CAB STAND,null,42.37362509600047,-71.10023238599967
taxi_stand,TAXI CAB STAND,null,42.37362296300046,-71.10021665799962
taxi_stand,TAXI CAB STAND,null,42.363425072000496,-71.10041913299966
taxi_stand,TAXI CAB STAND,null,42.373612256000456,-71.10016455099964
taxi_stand,TAXI CAB STAND,null,42.39755206300049,-71.13036009599966
taxi_stand,TAXI CAB STAND,null,42.36461408800045,-71.10235503799964
taxi_stand,TAXI CAB STAND,null,42.39755206300049,-71.13036009599966
taxi_stand,TAXI CAB STAND,null,42.35896465200045,-71.09347506099965
taxi_stand,TAXI CAB STAND,null,42.373612256000456,-71.10016455099964
taxi_stand,TAXI CAB STAND,null,42.373612256000456,-71.10016455099964
taxi_stand,TAXI CAB STAND,null,42.363425072000496,-71.10041913299966
taxi_stand,TAXI CAB STAND,null,42.36461408800045,-71.10235503799964
taxi_stand,TAXI CAB STAND,null,42.37198984300045,-71.12066594799967
taxi_stand,TAXI CAB STAND,null,42.37258716200046,-71.12169143299963
taxi_stand,TAXI CAB STAND,null,42.39755206300049,-71.13036009599966
taxi_stand,TAXI CAB STAND,null,42.373612256000456,-71.10016455099964
taxi_stand,TAXI CAB STAND,null,42.366791640000486,-71.10600946299962
taxi_stand,TAXI CAB STAND,null,42.39755206300049,-71.13036009599966
taxi_stand,TAXI CAB STAND,0,42.363425072000496,-71.10041913299966
taxi_stand,TAXI CAB STAND,null,42.37276197600045,-71.12343680099963
taxi_stand,TAXI CAB STAND,null,42.37362296300046,-71.10021665799962
taxi_stand,TAXI CAB STAND,null,42.3647742550005,-71.10260508399966
taxi_stand,TAXI CAB STAND,null,42.36344211500045,-71.10044882199963
taxi_stand,TAXI CAB STAND,null,42.37198984300045,-71.12066594799967
taxi_stand,TAXI CAB STAND,null,42.366791640000486,-71.10600946299962
taxi_stand,TAXI CAB STAND,null,42.375791361000495,-71.14153450299966
taxi_stand,TAXI CAB STAND,null,42.37419528100048,-71.11887337799965
taxi_stand,TAXI CAB STAND,null,42.363425072000496,-71.10041913299966
taxi_stand,TAXI CAB STAND,null,42.39755206300049,-71.13036009599966
taxi_stand,TAXI CAB STAND,null,42.364954011000464,-71.10290467699963
taxi_stand,TAXI CAB STAND,null,42.363425072000496,-71.10041913299966
taxi_stand,TAXI CAB STAND,null,42.39755206300049,-71.13036009599966
taxi_stand,TAXI CAB STAND,null,42.375791361000495,-71.14153450299966
taxi_stand,TAXI CAB STAND,null,42.37213252100048,-71.12050840399962
taxi_stand,TAXI CAB STAND,null,42.36344211500045,-71.10044882199963
taxi_stand,TAXI CAB STAND,null,42.37198984300045,-71.12066594799967
taxi_stand,TAXI CAB STAND,null,42.373612256000456,-71.10016455099964
taxi_stand,TAXI CAB STAND,null,42.366791640000486,-71.10600946299962
taxi_stand,TAXI CAB STAND,null,42.36461408800045,-71.10235503799964
taxi_stand,TAXI CAB STAND,null,42.366791640000486,-71.10600946299962
taxi_stand,TAXI CAB STAND,null,42.36344211500045,-71.10044882199963
taxi_stand,TAXI CAB STAND,null,42.363425072000496,-71.10041913299966
taxi_stand,TAXI CAB STAND,null,42.37609980400049,-71.14109331099962
taxi_stand,TAXI CAB STAND,null,42.37362296300046,-71.10021665799962
taxi_stand,TAXI CAB STAND,null,42.366791640000486,-71.10600946299962
taxi_stand,TAXI CAB STAND,null,42.37362509600047,-71.10023238599967
taxi_stand,TAXI CAB STAND,null,42.37198984300045,-71.12066594799967
taxi_stand,TAXI CAB STAND,null,42.36695667700047,-71.07560596899964
taxi_stand,TAXI CAB STAND,null,42.37198984300045,-71.12066594799967
taxi_stand,TAXI CAB STAND,null,42.375791361000495,-71.14153450299966
taxi_stand,TAXI CAB STAND,null,42.373612256000456,-71.10016455099964
taxi_stand,TAXI CAB STAND,null,42.366791640000486,-71.10600946299962
taxi_stand,TAXI CAB STAND,null,42.363425072000496,-71.10041913299966
taxi_stand,TAXI CAB STAND,null,42.366791640000486,-71.10600946299962
taxi_stand,TAXI CAB STAND,null,42.37362509600047,-71.10023238599967
taxi_stand,TAXI CAB STAND,null,42.37198984300045,-71.12066594799967
taxi_stand,TAXI CAB STAND,null,42.37362509600047,-71.10023238599967
taxi_stand,TAXI CAB STAND,null,42.39755206300049,-71.13036009599966
taxi_stand,TAXI CAB STAND,null,42.363425072000496,-71.10041913299966
taxi_stand,TAXI CAB STAND,null,42.366791640000486,-71.10600946299962
taxi_stand,TAXI CAB STAND,null,42.363425072000496,-71.10041913299966
taxi_stand,TAXI CAB STAND,null,42.363425072000496,-71.10041913299966
taxi_stand,TAXI CAB STAND,null,42.373612256000456,-71.10016455099964
taxi_stand,TAXI CAB STAND,null,42.35924906300045,-71.09378551799966
taxi_stand,TAXI CAB STAND,null,42.366791640000486,-71.10600946299962
taxi_stand,TAXI CAB STAND,null,42.363425072000496,-71.10041913299966
taxi_stand,TAXI CAB STAND,null,42.373612256000456,-71.10016455099964
taxi_stand,TAXI CAB STAND,null,42.364954011000464,-71.10290467699963
taxi_stand,TAXI CAB STAND,null,42.363425072000496,-71.10041913299966
taxi_stand,TAXI CAB STAND,null,42.366791640000486,-71.10600946299962
taxi_stand,TAXI CAB STAND,null,42.39755206300049,-71.13036009599966
taxi_stand,TAXI CAB STAND,null,42.37362296300046,-71.10021665799962
taxi_stand,TAXI CAB STAND,null,42.366791640000486,-71.10600946299962
taxi_stand,TAXI CAB STAND,null,42.36461408800045,-71.10235503799964
taxi_stand,TAXI CAB STAND,null,42.366791640000486,-71.10600946299962
taxi_stand,TAXI CAB STAND,null,42.37362296300046,-71.10021665799962
taxi_stand,TAXI CAB STAND,null,42.37240005500047,-71.12175485499966
taxi_stand,TAXI CAB STAND,null,42.36461408800045,-71.10235503799964
taxi_stand,TAXI CAB STAND,null,42.373612256000456,-71.10016455099964
taxi_stand,TAXI CAB STAND,448,42.36344211500045,-71.10044882199963
taxi_stand,TAXI CAB STAND,null,42.373612256000456,-71.10016455099964
taxi_stand,TAXI CAB STAND,null,42.35896465200045,-71.09347506099965
taxi_stand,TAXI CAB STAND,null,42.36344211500045,-71.10044882199963
taxi_stand,TAXI CAB STAND,null,42.372299737000446,-71.11844043599967
taxi_stand,TAXI CAB STAND,null,42.37419528100048,-71.11887337799965
taxi_stand,TAXI CAB STAND,null,42.366791640000486,-71.10600946299962
taxi_stand,TAXI CAB STAND,null,42.37362509600047,-71.10023238599967
taxi_stand,TAXI CAB STAND,null,42.373612256000456,-71.10016455099964
taxi_stand,TAXI CAB STAND,null,42.36680457500046,-71.10597550799963
taxi_stand,TAXI CAB STAND,null,42.37198984300045,-71.12066594799967
taxi_stand,TAXI CAB STAND,null,42.36344211500045,-71.10044882199963
taxi_stand,TAXI CAB STAND,null,42.366791640000486,-71.10600946299962
taxi_stand,TAXI CAB STAND,null,42.353537203000485,-71.10523228599965
taxi_stand,TAXI CAB STAND,null,42.373612256000456,-71.10016455099964
taxi_stand,TAXI CAB STAND,null,42.366791640000486,-71.10600946299962
taxi_stand,TAXI CAB STAND,null,42.37198984300045,-71.12066594799967
taxi_stand,TAXI CAB STAND,null,42.363425072000496,-71.10041913299966
taxi_stand,TAXI CAB STAND,null,42.37198984300045,-71.12066594799967
taxi_stand,TAXI CAB STAND,null,42.36461408800045,-71.10235503799964
taxi_stand,TAXI CAB STAND,null,42.366791640000486,-71.10600946299962
taxi_stand,TAXI CAB STAND,null,42.37362509600047,-71.10023238599967
taxi_stand,TAXI CAB STAND,null,42.37362509600047,-71.10023238599967
taxi_stand,TAXI CAB STAND,446,42.36344211500045,-71.10044882199963
taxi_stand,TAXI CAB STAND,null,42.366791640000486,-71.10600946299962
taxi_stand,TAXI CAB STAND,null,42.37362509600047,-71.10023238599967
taxi_stand,TAXI CAB STAND,null,42.39755206300049,-71.13036009599966
taxi_stand,TAXI CAB STAND,null,42.37362509600047,-71.10023238599967
taxi_stand,TAXI CAB STAND,null,42.3646947470005,-71.10247487599963
taxi_stand,TAXI CAB STAND,null,42.3646947470005,-71.10247487599963
taxi_stand,TAXI CAB STAND,null,42.37258716200046,-71.12169143299963
taxi_stand,TAXI CAB STAND,null,42.3646947470005,-71.10247487599963
taxi_stand,TAXI CAB STAND,null,42.36344211500045,-71.10044882199963
taxi_stand,TAXI CAB STAND,null,42.37258716200046,-71.12169143299963
taxi_stand,TAXI CAB STAND,null,42.373612256000456,-71.10016455099964
taxi_stand,TAXI CAB STAND,null,42.366791640000486,-71.10600946299962
taxi_stand,TAXI CAB STAND,null,42.373702134000496,-71.10086513799962
taxi_stand,TAXI CAB STAND,null,42.37213252100048,-71.12050840399962
taxi_stand,TAXI CAB STAND,null,42.39755206300049,-71.13036009599966
taxi_stand,TAXI CAB STAND,null,42.363425072000496,-71.10041913299966
taxi_stand,TAXI CAB STAND,null,42.3646947470005,-71.10247487599963
taxi_stand,TAXI CAB STAND,null,42.35924906300045,-71.09378551799966
taxi_stand,TAXI CAB STAND,null,42.373612256000456,-71.10016455099964
taxi_stand,TAXI CAB STAND,null,42.366791640000486,-71.10600946299962
taxi_stand,TAXI CAB STAND,null,42.37362296300046,-71.10021665799962
taxi_stand,TAXI CAB STAND,null,42.373612256000456,-71.10016455099964
taxi_stand,TAXI CAB STAND,null,42.37198984300045,-71.12066594799967
taxi_stand,TAXI CAB STAND,null,42.37362509600047,-71.10023238599967
taxi_stand,TAXI CAB STAND,null,42.373612256000456,-71.10016455099964
taxi_stand,TAXI CAB STAND,null,42.373612256000456,-71.10016455099964
taxi_stand,TAXI CAB STAND,null,42.366791640000486,-71.10600946299962
taxi_stand,TAXI CAB STAND,null,42.37362509600047,-71.10023238599967
taxi_stand,TAXI CAB STAND,null,42.36461408800045,-71.10235503799964
taxi_stand,TAXI CAB STAND,null,42.35933508500045,-71.09385325799963
taxi_stand,TAXI CAB STAND,null,42.39755206300049,-71.13036009599966
taxi_stand,TAXI CAB STAND,null,42.373612256000456,-71.10016455099964
taxi_stand,TAXI CAB STAND,null,42.37198984300045,-71.12066594799967
taxi_stand,TAXI CAB STAND,null,42.37362722800049,-71.10024811299962
taxi_stand,TAXI CAB STAND,null,42.37229289300046,-71.11841093299967
taxi_stand,TAXI CAB STAND,null,42.37362509600047,-71.10023238599967
taxi_stand,TAXI CAB STAND,null,42.37362296300046,-71.10021665799962
taxi_stand,TAXI CAB STAND,null,42.36375448500047,-71.10098497499962
taxi_stand,TAXI CAB STAND,null,42.366791640000486,-71.10600946299962
taxi_stand,TAXI CAB STAND,null,42.36494479300046,-71.10288508799965
taxi_stand,TAXI CAB STAND,null,42.372020318000466,-71.12025467299964
taxi_stand,TAXI CAB STAND,null,42.37777890700045,-71.12329545599965
taxi_stand,TAXI CAB STAND,null,42.37240005500047,-71.12175485499966
taxi_stand,TAXI CAB STAND,null,42.3646947470005,-71.10247487599963
taxi_stand,TAXI CAB STAND,null,42.35924906300045,-71.09378551799966
taxi_stand,TAXI CAB STAND,null,42.373612256000456,-71.10016455099964
taxi_stand,TAXI CAB STAND,null,42.373612256000456,-71.10016455099964
taxi_stand,TAXI CAB STAND,null,42.366791640000486,-71.10600946299962
taxi_stand,TAXI CAB STAND,null,42.38910238000045,-71.11980980399966
taxi_stand,TAXI CAB STAND,null,42.366791640000486,-71.10600946299962
taxi_stand,TAXI CAB STAND,null,42.37198984300045,-71.12066594799967
taxi_stand,TAXI CAB STAND,null,42.37258716200046,-71.12169143299963
taxi_stand,TAXI CAB STAND,null,42.37362509600047,-71.10023238599967
taxi_stand,TAXI CAB STAND,null,42.363425072000496,-71.10041913299966
taxi_stand,TAXI CAB STAND,null,42.37198984300045,-71.12066594799967
taxi_stand,TAXI CAB STAND,null,42.363425072000496,-71.10041913299966
taxi_stand,TAXI CAB STAND,null,42.37362509600047,-71.10023238599967
taxi_stand,TAXI CAB STAND,null,42.363425072000496,-71.10041913299966
taxi_stand,TAXI CAB STAND,null,42.3647742550005,-71.10260508399966
taxi_stand,TAXI CAB STAND,null,42.36461408800045,-71.10235503799964
taxi_stand,TAXI CAB STAND,null,42.39755206300049,-71.13036009599966
taxi_stand,TAXI CAB STAND,null,42.363425072000496,-71.10041913299966
taxi_stand,TAXI CAB STAND,null,42.37490578800049,-71.11861349599963
taxi_stand,TAXI CAB STAND,null,42.36659257000048,-71.10567763099965
taxi_stand,TAXI CAB STAND,null,42.373612256000456,-71.10016455099964
taxi_stand,TAXI CAB STAND,null,42.363425072000496,-71.10041913299966
taxi_stand,TAXI CAB STAND,null,42.37362509600047,-71.10023238599967
taxi_stand,TAXI CAB STAND,null,42.363425072000496,-71.10041913299966
taxi_stand,TAXI CAB STAND,null,42.36461408800045,-71.10235503799964
taxi_stand,TAXI CAB STAND,null,42.37362509600047,-71.10023238599967
taxi_stand,TAXI CAB STAND,null,42.37198984300045,-71.12066594799967
taxi_stand,TAXI CAB STAND,null,42.363425072000496,-71.10041913299966
taxi_stand,TAXI CAB STAND,null,42.373612256000456,-71.10016455099964
taxi_stand,TAXI CAB STAND,null,42.373612256000456,-71.10016455099964
taxi_stand,TAXI CAB STAND,null,42.3646947470005,-71.10247487599963
taxi_stand,TAXI CAB STAND,null,42.39755206300049,-71.13036009599966
taxi_stand,TAXI CAB STAND,null,42.3646947470005,-71.10247487599963
taxi_stand,TAXI CAB STAND,null,42.37362296300046,-71.10021665799962
taxi_stand,TAXI CAB STAND,null,42.366791640000486,-71.10600946299962
taxi_stand,TAXI CAB STAND,null,42.36344211500045,-71.10044882199963
taxi_stand,TAXI CAB STAND,null,42.37198984300045,-71.12066594799967
taxi_stand,TAXI CAB STAND,null,42.37419528100048,-71.11887337799965
taxi_stand,TAXI CAB STAND,null,42.36344211500045,-71.10044882199963
taxi_stand,TAXI CAB STAND,null,42.37192544700048,-71.12067946499963
taxi_stand,TAXI CAB STAND,null,42.363425072000496,-71.10041913299966
taxi_stand,TAXI CAB STAND,null,42.363425072000496,-71.10041913299966
taxi_stand,TAXI CAB STAND,null,42.366791640000486,-71.10600946299962
taxi_stand,TAXI CAB STAND,null,42.3646947470005,-71.10247487599963
taxi_stand,TAXI CAB STAND,null,42.366791640000486,-71.10600946299962
taxi_stand,TAXI CAB STAND,null,42.373612256000456,-71.10016455099964
taxi_stand,TAXI CAB STAND,null,42.37362509600047,-71.10023238599967
taxi_stand,TAXI CAB STAND,null,42.373612256000456,-71.10016455099964
taxi_stand,TAXI CAB STAND,null,42.373620831000494,-71.10020093199967
taxi_stand,TAXI CAB STAND,null,42.36461408800045,-71.10235503799964
taxi_stand,TAXI CAB STAND,null,42.373612256000456,-71.10016455099964
taxi_stand,TAXI CAB STAND,null,42.37198984300045,-71.12066594799967
taxi_stand,TAXI CAB STAND,null,42.36375448500047,-71.10098497499962
taxi_stand,TAXI CAB STAND,null,42.37198984300045,-71.12066594799967
taxi_stand,TAXI CAB STAND,null,42.363425072000496,-71.10041913299966
taxi_stand,TAXI CAB STAND,null,42.37276197600045,-71.12343680099963
taxi_stand,TAXI CAB STAND,null,42.37258716200046,-71.12169143299963
taxi_stand,TAXI CAB STAND,null,42.37198984300045,-71.12066594799967
taxi_stand,TAXI CAB STAND,null,42.363425072000496,-71.10041913299966
taxi_stand,TAXI CAB STAND,null,42.373612256000456,-71.10016455099964
taxi_stand,TAXI CAB STAND,null,42.375791361000495,-71.14153450299966
taxi_stand,TAXI CAB STAND,null,42.37490578800049,-71.11861349599963
taxi_stand,TAXI CAB STAND,null,42.373612256000456,-71.10016455099964
taxi_stand,TAXI CAB STAND,null,42.37287206700046,-71.12139851599966
taxi_stand,TAXI CAB STAND,null,42.366791640000486,-71.10600946299962
taxi_stand,TAXI CAB STAND,null,42.37362509600047,-71.10023238599967
taxi_stand,TAXI CAB STAND,null,42.37362296300046,-71.10021665799962
taxi_stand,TAXI CAB STAND,null,42.39755206300049,-71.13036009599966
taxi_stand,TAXI CAB STAND,null,42.37240005500047,-71.12175485499966
taxi_stand,TAXI CAB STAND,null,42.37362509600047,-71.10023238599967
taxi_stand,TAXI CAB STAND,null,42.372518741000476,-71.12166612899966
taxi_stand,TAXI CAB STAND,null,42.373612256000456,-71.10016455099964
taxi_stand,TAXI CAB STAND,null,42.37287206700046,-71.12139851599966
taxi_stand,TAXI CAB STAND,null,42.373612256000456,-71.10016455099964
taxi_stand,TAXI CAB STAND,null,42.363425072000496,-71.10041913299966
taxi_stand,TAXI CAB STAND,null,42.37362509600047,-71.10023238599967
taxi_stand,TAXI CAB STAND,null,42.3646947470005,-71.10247487599963
taxi_stand,TAXI CAB STAND,null,42.366791640000486,-71.10600946299962
taxi_stand,TAXI CAB STAND,null,42.3646947470005,-71.10247487599963
taxi_stand,TAXI CAB STAND,null,42.373120059000485,-71.11790892299967
taxi_stand,TAXI CAB STAND,null,42.363425072000496,-71.10041913299966
taxi_stand,TAXI CAB STAND,null,42.363425072000496,-71.10041913299966
taxi_stand,TAXI CAB STAND,null,42.363425072000496,-71.10041913299966
taxi_stand,TAXI CAB STAND,null,42.37362509600047,-71.10023238599967
taxi_stand,TAXI CAB STAND,null,42.363425072000496,-71.10041913299966
taxi_stand,TAXI CAB STAND,null,42.363425072000496,-71.10041913299966
taxi_stand,TAXI CAB STAND,null,42.37198984300045,-71.12066594799967
taxi_stand,TAXI CAB STAND,null,42.37362296300046,-71.10021665799962
taxi_stand,TAXI CAB STAND,null,42.373612256000456,-71.10016455099964
taxi_stand,TAXI CAB STAND,null,42.366791640000486,-71.10600946299962
taxi_stand,TAXI CAB STAND,null,42.364954011000464,-71.10290467699963
taxi_stand,TAXI CAB STAND,null,42.37362509600047,-71.10023238599967
taxi_stand,TAXI CAB STAND,null,42.373612256000456,-71.10016455099964
taxi_stand,TAXI CAB STAND,null,42.372020318000466,-71.12025467299964
taxi_stand,TAXI CAB STAND,null,42.373612256000456,-71.10016455099964
taxi_stand,TAXI CAB STAND,null,42.37419528100048,-71.11887337799965
taxi_stand,TAXI CAB STAND,null,42.37362509600047,-71.10023238599967
taxi_stand,TAXI CAB STAND,null,42.36254228400048,-71.08780287199966
taxi_stand,TAXI CAB STAND,null,42.37198984300045,-71.12066594799967
taxi_stand,TAXI CAB STAND,null,42.37258716200046,-71.12169143299963
taxi_stand,TAXI CAB STAND,null,42.37198984300045,-71.12066594799967
taxi_stand,TAXI CAB STAND,null,42.37286673000045,-71.09388691899966
taxi_stand,TAXI CAB STAND,null,42.39755206300049,-71.13036009599966
taxi_stand,TAXI CAB STAND,null,42.36494479300046,-71.10288508799965
taxi_stand,TAXI CAB STAND,null,42.36461408800045,-71.10235503799964
taxi_stand,TAXI CAB STAND,null,42.37198984300045,-71.12066594799967
taxi_stand,TAXI CAB STAND,null,42.363425072000496,-71.10041913299966
taxi_stand,TAXI CAB STAND,null,42.37362509600047,-71.10023238599967
taxi_stand,TAXI CAB STAND,null,42.366791640000486,-71.10600946299962
taxi_stand,TAXI CAB STAND,null,42.37276197600045,-71.12343680099963
taxi_stand,TAXI CAB STAND,null,42.36461408800045,-71.10235503799964
taxi_stand,TAXI CAB STAND,null,42.372518741000476,-71.12166612899966
taxi_stand,TAXI CAB STAND,null,42.366791640000486,-71.10600946299962
taxi_stand,TAXI CAB STAND,null,42.363425072000496,-71.10041913299966
taxi_stand,TAXI CAB STAND,null,42.37198984300045,-71.12066594799967
taxi_stand,TAXI CAB STAND,null,42.3646947470005,-71.10247487599963
taxi_stand,TAXI CAB STAND,null,42.3646947470005,-71.10247487599963
taxi_stand,TAXI CAB STAND,null,42.363425072000496,-71.10041913299966
taxi_stand,TAXI CAB STAND,null,42.36344211500045,-71.10044882199963
taxi_stand,TAXI CAB STAND,null,42.373612256000456,-71.10016455099964
taxi_stand,TAXI CAB STAND,null,42.366791640000486,-71.10600946299962
taxi_stand,TAXI CAB STAND,null,42.372299737000446,-71.11844043599967
taxi_stand,TAXI CAB STAND,null,42.372650646000466,-71.12159779499967
taxi_stand,TAXI CAB STAND,null,42.363425072000496,-71.10041913299966
taxi_stand,TAXI CAB STAND,null,42.373612256000456,-71.10016455099964
taxi_stand,TAXI CAB STAND,null,42.373612256000456,-71.10016455099964
taxi_stand,TAXI CAB STAND,null,42.36344211500045,-71.10044882199963
taxi_stand,TAXI CAB STAND,null,42.372518741000476,-71.12166612899966
taxi_stand,TAXI CAB STAND,null,42.35924906300045,-71.09378551799966
taxi_stand,TAXI CAB STAND,null,42.37198984300045,-71.12066594799967
taxi_stand,TAXI CAB STAND,null,42.39755206300049,-71.13036009599966
taxi_stand,TAXI CAB STAND,null,42.37362296300046,-71.10021665799962
taxi_stand,TAXI CAB STAND,null,42.366791640000486,-71.10600946299962
taxi_stand,TAXI CAB STAND,null,42.366791640000486,-71.10600946299962
taxi_stand,TAXI CAB STAND,null,42.39755206300049,-71.13036009599966
taxi_stand,TAXI CAB STAND,null,42.3646947470005,-71.10247487599963
taxi_stand,TAXI CAB STAND,null,42.37362296300046,-71.10021665799962
taxi_stand,TAXI CAB STAND,null,42.37258716200046,-71.12169143299963
taxi_stand,TAXI CAB STAND,null,42.363425072000496,-71.10041913299966
taxi_stand,TAXI CAB STAND,null,42.36461408800045,-71.10235503799964
taxi_stand,TAXI CAB STAND,null,42.36344211500045,-71.10044882199963
taxi_stand,TAXI CAB STAND,null,42.363425072000496,-71.10041913299966
taxi_stand,TAXI CAB STAND,null,42.366791640000486,-71.10600946299962
taxi_stand,TAXI CAB STAND,null,42.363425072000496,-71.10041913299966
taxi_stand,TAXI CAB STAND,null,42.37198984300045,-71.12066594799967
taxi_stand,TAXI CAB STAND,null,42.363425072000496,-71.10041913299966
taxi_stand,TAXI CAB STAND,null,42.372518741000476,-71.12166612899966
taxi_stand,TAXI CAB STAND,null,42.363425072000496,-71.10041913299966
taxi_stand,TAXI CAB STAND,null,42.363425072000496,-71.10041913299966
taxi_stand,TAXI CAB STAND,null,42.37240005500047,-71.12175485499966
taxi_stand,TAXI CAB STAND,null,42.37198984300045,-71.12066594799967
taxi_stand,TAXI CAB STAND,null,42.366791640000486,-71.10600946299962
taxi_stand,TAXI CAB STAND,null,42.366791640000486,-71.10600946299962
taxi_stand,TAXI CAB STAND,null,42.37363789000045,-71.10032674799965
taxi_stand,TAXI CAB STAND,null,42.363425072000496,-71.10041913299966
taxi_stand,TAXI CAB STAND,null,42.39755206300049,-71.13036009599966
taxi_stand,TAXI CAB STAND,null,42.37198984300045,-71.12066594799967
taxi_stand,TAXI CAB STAND,null,42.366791640000486,-71.10600946299962
taxi_stand,TAXI CAB STAND,null,42.37237585700046,-71.12383011499963
taxi_stand,TAXI CAB STAND,null,42.37237585700046,-71.12383011499963
taxi_stand,TAXI CAB STAND,null,42.37198984300045,-71.12066594799967
taxi_stand,TAXI CAB STAND,null,42.37198984300045,-71.12066594799967
taxi_stand,TAXI CAB STAND,null,42.37423679300048,-71.10447754199964
taxi_stand,TAXI CAB STAND,null,42.37362509600047,-71.10023238599967
taxi_stand,TAXI CAB STAND,null,42.36344211500045,-71.10044882199963
taxi_stand,TAXI CAB STAND,null,42.363425072000496,-71.10041913299966
taxi_stand,TAXI CAB STAND,null,42.363425072000496,-71.10041913299966
taxi_stand,TAXI CAB STAND,null,42.366791640000486,-71.10600946299962
taxi_stand,TAXI CAB STAND,null,42.36556074800046,-71.10397711899964
taxi_stand,TAXI CAB STAND,null,42.37240005500047,-71.12175485499966
taxi_stand,TAXI CAB STAND,null,42.364954011000464,-71.10290467699963
taxi_stand,TAXI CAB STAND,null,42.37362509600047,-71.10023238599967
taxi_stand,TAXI CAB STAND,null,42.373612256000456,-71.10016455099964
taxi_stand,TAXI CAB STAND,null,42.37423679300048,-71.10447754199964
taxi_stand,TAXI CAB STAND,null,42.366791640000486,-71.10600946299962
taxi_stand,TAXI CAB STAND,null,42.363425072000496,-71.10041913299966
taxi_stand,TAXI CAB STAND,null,42.373612256000456,-71.10016455099964
taxi_stand,TAXI CAB STAND,null,42.373612256000456,-71.10016455099964
taxi_stand,TAXI CAB STAND,null,42.36461408800045,-71.10235503799964
taxi_stand,TAXI CAB STAND,null,42.366791640000486,-71.10600946299962
taxi_stand,TAXI CAB STAND,null,42.3646947470005,-71.10247487599963
taxi_stand,TAXI CAB STAND,null,42.363425072000496,-71.10041913299966
taxi_stand,TAXI CAB STAND,null,42.373612256000456,-71.10016455099964
taxi_stand,TAXI CAB STAND,null,42.37198984300045,-71.12066594799967
taxi_stand,TAXI CAB STAND,null,42.366791640000486,-71.10600946299962
taxi_stand,TAXI CAB STAND,null,42.363425072000496,-71.10041913299966
taxi_stand,TAXI CAB STAND,null,42.37362509600047,-71.10023238599967
taxi_stand,TAXI CAB STAND,null,42.37240005500047,-71.12175485499966
taxi_stand,TAXI CAB STAND,null,42.36461408800045,-71.10235503799964
taxi_stand,TAXI CAB STAND,null,42.35924906300045,-71.09378551799966
taxi_stand,TAXI CAB STAND,null,42.37362509600047,-71.10023238599967
taxi_stand,TAXI CAB STAND,null,42.373612256000456,-71.10016455099964
taxi_stand,TAXI CAB STAND,null,42.37237585700046,-71.12383011499963
taxi_stand,TAXI CAB STAND,null,42.37362296300046,-71.10021665799962
taxi_stand,TAXI CAB STAND,null,42.3646947470005,-71.10247487599963
taxi_stand,TAXI CAB STAND,null,42.363425072000496,-71.10041913299966
taxi_stand,TAXI CAB STAND,null,42.37007129400047,-71.11147304399964
taxi_stand,TAXI CAB STAND,null,42.39755206300049,-71.13036009599966
taxi_stand,TAXI CAB STAND,null,42.36236252900045,-71.08546258699965
taxi_stand,TAXI CAB STAND,null,42.39881037200047,-71.12987556099966
taxi_stand,TAXI CAB STAND,null,42.37198984300045,-71.12066594799967
taxi_stand,TAXI CAB STAND,null,42.363425072000496,-71.10041913299966
taxi_stand,TAXI CAB STAND,null,42.37309257700048,-71.11791775699965
taxi_stand,TAXI CAB STAND,null,42.366791640000486,-71.10600946299962
taxi_stand,TAXI CAB STAND,null,42.366791640000486,-71.10600946299962
taxi_stand,TAXI CAB STAND,null,42.373612256000456,-71.10016455099964
taxi_stand,TAXI CAB STAND,null,42.366791640000486,-71.10600946299962
taxi_stand,TAXI CAB STAND,null,42.37362509600047,-71.10023238599967
taxi_stand,TAXI CAB STAND,null,42.363425072000496,-71.10041913299966
taxi_stand,TAXI CAB STAND,null,42.36461408800045,-71.10235503799964
taxi_stand,TAXI CAB STAND,null,42.366791640000486,-71.10600946299962
taxi_stand,TAXI CAB STAND,null,42.363425072000496,-71.10041913299966
taxi_stand,TAXI CAB STAND,null,42.37362509600047,-71.10023238599967
taxi_stand,TAXI CAB STAND,null,42.366791640000486,-71.10600946299962
taxi_stand,TAXI CAB STAND,null,42.363425072000496,-71.10041913299966
taxi_stand,TAXI CAB STAND,null,42.37362296300046,-71.10021665799962
taxi_stand,TAXI CAB STAND,null,42.373612256000456,-71.10016455099964
taxi_stand,TAXI CAB STAND,null,42.366791640000486,-71.10600946299962
taxi_stand,TAXI CAB STAND,null,42.39755206300049,-71.13036009599966
taxi_stand,TAXI CAB STAND,null,42.37198984300045,-71.12066594799967
taxi_stand,TAXI CAB STAND,null,42.373612256000456,-71.10016455099964
taxi_stand,TAXI CAB STAND,null,42.36494479300046,-71.10288508799965
taxi_stand,TAXI CAB STAND,null,42.363425072000496,-71.10041913299966
taxi_stand,TAXI CAB STAND,null,42.37419528100048,-71.11887337799965
taxi_stand,TAXI CAB STAND,null,42.37237585700046,-71.12383011499963
taxi_stand,TAXI CAB STAND,null,42.36461408800045,-71.10235503799964
taxi_stand,TAXI CAB STAND,null,42.366791640000486,-71.10600946299962
taxi_stand,TAXI CAB STAND,null,42.37362509600047,-71.10023238599967
taxi_stand,TAXI CAB STAND,null,42.37490578800049,-71.11861349599963
taxi_stand,TAXI CAB STAND,null,42.366791640000486,-71.10600946299962
taxi_stand,TAXI CAB STAND,null,42.363425072000496,-71.10041913299966
taxi_stand,TAXI CAB STAND,null,42.366791640000486,-71.10600946299962
taxi_stand,TAXI CAB STAND,null,42.366791640000486,-71.10600946299962
taxi_stand,TAXI CAB STAND,null,42.366791640000486,-71.10600946299962
taxi_stand,TAXI CAB STAND,null,42.37258716200046,-71.12169143299963
taxi_stand,TAXI CAB STAND,null,42.366791640000486,-71.10600946299962
taxi_stand,TAXI CAB STAND,null,42.35924906300045,-71.09378551799966
taxi_stand,TAXI CAB STAND,null,42.373612256000456,-71.10016455099964
taxi_stand,TAXI CAB STAND,null,42.37258716200046,-71.12169143299963
taxi_stand,TAXI CAB STAND,null,42.373612256000456,-71.10016455099964
taxi_stand,TAXI CAB STAND,null,42.366791640000486,-71.10600946299962
taxi_stand,TAXI CAB STAND,null,42.363425072000496,-71.10041913299966
taxi_stand,TAXI CAB STAND,null,42.363425072000496,-71.10041913299966
taxi_stand,TAXI CAB STAND,null,42.3742183650005,-71.11886604999967
taxi_stand,TAXI CAB STAND,null,42.366791640000486,-71.10600946299962
taxi_stand,TAXI CAB STAND,null,42.36494479300046,-71.10288508799965
taxi_stand,TAXI CAB STAND,null,42.366791640000486,-71.10600946299962
taxi_stand,TAXI CAB STAND,null,42.39755206300049,-71.13036009599966
taxi_stand,TAXI CAB STAND,null,42.3646947470005,-71.10247487599963
taxi_stand,TAXI CAB STAND,null,42.37362509600047,-71.10023238599967
taxi_stand,TAXI CAB STAND,null,42.37564257600047,-71.14150496499963
taxi_stand,TAXI CAB STAND,null,42.373612256000456,-71.10016455099964
taxi_stand,TAXI CAB STAND,null,42.365823983000496,-71.10447523699963
taxi_stand,TAXI CAB STAND,null,42.37564257600047,-71.14150496499963
taxi_stand,TAXI CAB STAND,null,42.363425072000496,-71.10041913299966
taxi_stand,TAXI CAB STAND,null,42.37240005500047,-71.12175485499966
taxi_stand,TAXI CAB STAND,null,42.373612256000456,-71.10016455099964
taxi_stand,TAXI CAB STAND,null,42.39755206300049,-71.13036009599966
taxi_stand,TAXI CAB STAND,null,42.36461408800045,-71.10235503799964
taxi_stand,TAXI CAB STAND,null,42.366791640000486,-71.10600946299962
taxi_stand,TAXI CAB STAND,null,42.363425072000496,-71.10041913299966
taxi_stand,TAXI CAB STAND,null,42.3741803310005,-71.11887415099966
taxi_stand,TAXI CAB STAND,null,42.36344211500045,-71.10044882199963
taxi_stand,TAXI CAB STAND,null,42.366791640000486,-71.10600946299962
taxi_stand,TAXI CAB STAND,null,42.363425072000496,-71.10041913299966
taxi_stand,TAXI CAB STAND,null,42.39159476600048,-71.12356739399962
taxi_stand,TAXI CAB STAND,null,42.39159476600048,-71.12356739399962
taxi_stand,TAXI CAB STAND,null,42.39159476600048,-71.12356739399962
taxi_stand,TAXI CAB STAND,null,42.39159476600048,-71.12356739399962
taxi_stand,TAXI CAB STAND,null,42.39159476600048,-71.12356739399962
taxi_stand,TAXI CAB STAND,null,42.39159476600048,-71.12356739399962
taxi_stand,TAXI CAB STAND,null,42.39159476600048,-71.12356739399962
taxi_stand,TAXI CAB STAND,null,42.39159476600048,-71.12356739399962
taxi_stand,TAXI CAB STAND,null,42.39159476600048,-71.12356739399962
taxi_stand,TAXI CAB STAND,null,42.39159476600048,-71.12356739399962
taxi_stand,TAXI CAB STAND,null,42.39159476600048,-71.12356739399962
taxi_stand,TAXI CAB STAND,null,42.39159476600048,-71.12356739399962
taxi_stand,TAXI CAB STAND,null,42.39159476600048,-71.12356739399962
taxi_stand,TAXI CAB STAND,null,42.39159476600048,-71.12356739399962
taxi_stand,TAXI CAB STAND,null,42.39159476600048,-71.12356739399962
taxi_stand,TAXI CAB STAND,null,42.39159476600048,-71.12356739399962
taxi_stand,TAXI CAB STAND,null,42.39159476600048,-71.12356739399962
taxi_stand,TAXI CAB STAND,null,42.39159476600048,-71.12356739399962
taxi_stand,TAXI CAB STAND,null,42.39159476600048,-71.12356739399962
taxi_stand,TAXI CAB STAND,null,42.39159476600048,-71.12356739399962
taxi_stand,TAXI CAB STAND,null,42.39159476600048,-71.12356739399962
taxi_stand,TAXI CAB STAND,null,42.39159476600048,-71.12356739399962
taxi_stand,TAXI CAB STAND,null,42.39159476600048,-71.12356739399962
taxi_stand,TAXI CAB STAND,null,42.39159476600048,-71.12356739399962
taxi_stand,TAXI CAB STAND,null,42.39159476600048,-71.12356739399962
taxi_stand,TAXI CAB STAND,null,42.39159476600048,-71.12356739399962
taxi_stand,TAXI CAB STAND,null,42.39159476600048,-71.12356739399962
taxi_stand,TAXI CAB STAND,null,42.39159476600048,-71.12356739399962
taxi_stand,TAXI CAB STAND,null,42.39159476600048,-71.12356739399962
taxi_stand,TAXI CAB STAND,null,42.39159476600048,-71.12356739399962
taxi_stand,TAXI CAB STAND,null,42.39159476600048,-71.12356739399962
taxi_stand,TAXI CAB STAND,null,42.39159476600048,-71.12356739399962
taxi_stand,TAXI CAB STAND,null,42.39159476600048,-71.12356739399962
taxi_stand,TAXI CAB STAND,null,42.39159476600048,-71.12356739399962
taxi_stand,TAXI CAB STAND,null,42.39159476600048,-71.12356739399962
taxi_stand,TAXI CAB STAND,null,42.39159476600048,-71.12356739399962
taxi_stand,TAXI CAB STAND,null,42.39159476600048,-71.12356739399962
taxi_stand,TAXI CAB STAND,null,42.39159476600048,-71.12356739399962
taxi_stand,TAXI CAB STAND,null,42.39159476600048,-71.12356739399962
taxi_stand,TAXI CAB STAND,null,42.39159476600048,-71.12356739399962
taxi_stand,TAXI CAB STAND,null,42.39159476600048,-71.12356739399962
taxi_stand,TAXI CAB STAND,null,42.39159476600048,-71.12356739399962
taxi_stand,TAXI CAB STAND,null,42.39159476600048,-71.12356739399962
taxi_stand,TAXI CAB STAND,null,42.39159476600048,-71.12356739399962
taxi_stand,TAXI CAB STAND,null,42.39159476600048,-71.12356739399962
taxi_stand,TAXI CAB STAND,null,42.39159476600048,-71.12356739399962
taxi_stand,TAXI CAB STAND,null,42.39159476600048,-71.12356739399962
taxi_stand,TAXI CAB STAND,null,42.39159476600048,-71.12356739399962
taxi_stand,TAXI CAB STAND,null,42.39159476600048,-71.12356739399962
taxi_stand,TAXI CAB STAND,null,42.39159476600048,-71.12356739399962
taxi_stand,TAXI CAB STAND,null,42.39159476600048,-71.12356739399962
taxi_stand,TAXI CAB STAND,null,42.39159476600048,-71.12356739399962
taxi_stand,TAXI CAB STAND,null,42.39159476600048,-71.12356739399962
taxi_stand,TAXI CAB STAND,null,42.39159476600048,-71.12356739399962
taxi_stand,TAXI CAB STAND,null,42.39159476600048,-71.12356739399962
taxi_stand,TAXI CAB STAND,null,42.39159476600048,-71.12356739399962
taxi_stand,TAXI CAB STAND,null,42.39159476600048,-71.12356739399962
taxi_stand,TAXI CAB STAND,null,42.39159476600048,-71.12356739399962
taxi_stand,TAXI CAB STAND,null,42.39159476600048,-71.12356739399962
taxi_stand,TAXI CAB STAND,null,42.39159476600048,-71.12356739399962
taxi_stand,TAXI CAB STAND,null,42.39159476600048,-71.12356739399962
taxi_stand,TAXI CAB STAND,null,42.39159476600048,-71.12356739399962
taxi_stand,TAXI CAB STAND,null,42.39159476600048,-71.12356739399962
taxi_stand,TAXI CAB STAND,null,42.39159476600048,-71.12356739399962
taxi_stand,TAXI CAB STAND,null,42.39159476600048,-71.12356739399962
taxi_stand,TAXI CAB STAND,null,42.39159476600048,-71.12356739399962
taxi_stand,TAXI CAB STAND,null,42.39159476600048,-71.12356739399962
taxi_stand,TAXI CAB STAND,null,42.36342507200004,-71.10041913399994
taxi_stand,TAXI CAB STAND,null,42.37361225600006,-71.10016455099998
taxi_stand,TAXI CAB STAND,null,42.364614087000064,-71.10235503799998
taxi_stand,TAXI CAB STAND,null,42.37198984300005,-71.12066594899994
taxi_stand,TAXI CAB STAND,null,42.37198984300005,-71.12066594899994
taxi_stand,TAXI CAB STAND,null,42.363442116000044,-71.10044882199998
taxi_stand,TAXI CAB STAND,null,42.364944792000074,-71.10288508799994
taxi_stand,TAXI CAB STAND,null,42.36679362800004,-71.10600609899996
taxi_stand,TAXI CAB STAND,null,42.37251874100008,-71.12166612899995
taxi_stand,TAXI CAB STAND,null,42.37390793700007,-71.11892362899994
taxi_stand,TAXI CAB STAND,null,42.35924906300005,-71.09378551899994
taxi_stand,TAXI CAB STAND,null,42.367644935000044,-71.10732552999997
taxi_stand,TAXI CAB STAND,null,42.364694747000044,-71.10247487599997
taxi_stand,TAXI CAB STAND,null,42.364614087000064,-71.10235503799998
taxi_stand,TAXI CAB STAND,null,42.38806780200008,-71.12331083499998
taxi_stand,TAXI CAB STAND,null,42.364614087000064,-71.10235503799998
taxi_stand,TAXI CAB STAND,null,42.372375858000055,-71.12383011499998
taxi_stand,TAXI CAB STAND,null,42.363442116000044,-71.10044882199998
taxi_stand,TAXI CAB STAND,MASS0040,42.358964652000054,-71.09347506199998
taxi_stand,TAXI CAB STAND,null,42.36582398300004,-71.10447523699997
taxi_stand,TAXI CAB STAND,null,42.36679362800004,-71.10600609899996
taxi_stand,TAXI CAB STAND,null,42.36679362800004,-71.10600609899996
taxi_stand,TAXI CAB STAND,null,42.36678326200007,-71.10604427799996
taxi_stand,TAXI CAB STAND,null,42.37251874100008,-71.12166612899995
taxi_stand,TAXI CAB STAND,null,42.36342507200004,-71.10041913399994
taxi_stand,TAXI CAB STAND,null,42.397552063000035,-71.13036009599995
taxi_stand,TAXI CAB STAND,null,42.35924906300005,-71.09378551899994
taxi_stand,TAXI CAB STAND,null,42.39343467100008,-71.12577885699994
taxi_stand,TAXI CAB STAND,null,42.36679362800004,-71.10600609899996
taxi_stand,TAXI CAB STAND,null,42.37198984300005,-71.12066594899994
taxi_stand,TAXI CAB STAND,null,42.36342507200004,-71.10041913399994
taxi_stand,TAXI CAB STAND,null,42.36477425500004,-71.10260508399995
taxi_stand,TAXI CAB STAND,null,42.36689445300004,-71.10623592399998
taxi_stand,TAXI CAB STAND,null,42.36679362800004,-71.10600609899996
taxi_stand,TAXI CAB STAND,null,42.397552063000035,-71.13036009599995
taxi_stand,TAXI CAB STAND,null,42.37361225600006,-71.10016455099998
taxi_stand,TAXI CAB STAND,null,42.36679362800004,-71.10600609899996
taxi_stand,TAXI CAB STAND,null,42.364694747000044,-71.10247487599997
taxi_stand,TAXI CAB STAND,null,42.36479499600006,-71.10274566199996
taxi_stand,TAXI CAB STAND,null,42.36582398300004,-71.10447523699997
taxi_stand,TAXI CAB STAND,null,42.358964652000054,-71.09347506199998
taxi_stand,TAXI CAB STAND,null,42.364614087000064,-71.10235503799998
taxi_stand,TAXI CAB STAND,null,42.364614087000064,-71.10235503799998
taxi_stand,TAXI CAB STAND,null,42.364954011000066,-71.10290467699997
taxi_stand,TAXI CAB STAND,null,42.37362509600007,-71.10023238599996
taxi_stand,TAXI CAB STAND,null,42.364614087000064,-71.10235503799998
taxi_stand,TAXI CAB STAND,null,42.364614087000064,-71.10235503799998
taxi_stand,TAXI CAB STAND,null,42.37361225600006,-71.10016455099998
taxi_stand,TAXI CAB STAND,MA446,42.363442116000044,-71.10044882199998
taxi_stand,TAXI CAB STAND,null,42.35945496100004,-71.09396917699996
taxi_stand,TAXI CAB STAND,null,42.364614087000064,-71.10235503799998
taxi_stand,TAXI CAB STAND,null,42.35924906300005,-71.09378551899994
taxi_stand,TAXI CAB STAND,null,42.36950667600007,-71.09845917399997
taxi_stand,TAXI CAB STAND,null,42.37362296300006,-71.10021665899995
taxi_stand,TAXI CAB STAND,null,42.37198984300005,-71.12066594899994
taxi_stand,TAXI CAB STAND,MASS4487,42.36342507200004,-71.10041913399994
taxi_stand,TAXI CAB STAND,null,42.37361225600006,-71.10016455099998
taxi_stand,TAXI CAB STAND,null,42.364694747000044,-71.10247487599997
taxi_stand,TAXI CAB STAND,null,42.37361225600006,-71.10016455099998
taxi_stand,TAXI CAB STAND,null,42.37362509600007,-71.10023238599996
taxi_stand,TAXI CAB STAND,null,42.36689445300004,-71.10623592399998
taxi_stand,TAXI CAB STAND,null,42.36342507200004,-71.10041913399994
taxi_stand,TAXI CAB STAND,null,42.36342507200004,-71.10041913399994
taxi_stand,TAXI CAB STAND,null,42.35924906300005,-71.09378551899994
taxi_stand,TAXI CAB STAND,null,42.364614087000064,-71.10235503799998
taxi_stand,TAXI CAB STAND,null,42.37361225600006,-71.10016455099998
taxi_stand,TAXI CAB STAND,null,42.36679362800004,-71.10600609899996
taxi_stand,TAXI CAB STAND,null,42.37258716200006,-71.12169143199998
taxi_stand,TAXI CAB STAND,null,42.36342507200004,-71.10041913399994
taxi_stand,TAXI CAB STAND,null,42.364694747000044,-71.10247487599997
taxi_stand,TAXI CAB STAND,null,42.364694747000044,-71.10247487599997
taxi_stand,TAXI CAB STAND,null,42.37198984300005,-71.12066594899994
taxi_stand,TAXI CAB STAND,null,42.36679362800004,-71.10600609899996
taxi_stand,TAXI CAB STAND,null,42.36342507200004,-71.10041913399994
taxi_stand,TAXI CAB STAND,null,42.37240005600006,-71.12175485499995
taxi_stand,TAXI CAB STAND,null,42.36342507200004,-71.10041913399994
taxi_stand,TAXI CAB STAND,null,42.36679362800004,-71.10600609899996
taxi_stand,TAXI CAB STAND,null,42.36342507200004,-71.10041913399994
taxi_stand,TAXI CAB STAND,MA448,42.363442116000044,-71.10044882199998
taxi_stand,TAXI CAB STAND,null,42.36342507200004,-71.10041913399994
taxi_stand,TAXI CAB STAND,null,42.37419528100003,-71.11887337799993
taxi_stand,TAXI CAB STAND,null,42.37198984300005,-71.12066594899994
taxi_stand,TAXI CAB STAND,null,42.364694747000044,-71.10247487599997
taxi_stand,TAXI CAB STAND,null,42.38910238100004,-71.11980980299995
taxi_stand,TAXI CAB STAND,null,42.35924906300005,-71.09378551899994
taxi_stand,TAXI CAB STAND,CAMB1352,42.375468656000066,-71.11429872199994
taxi_stand,TAXI CAB STAND,null,42.37198984300005,-71.12066594899994
taxi_stand,TAXI CAB STAND,null,42.364614087000064,-71.10235503799998
taxi_stand,TAXI CAB STAND,null,42.37419528100003,-71.11887337799993
taxi_stand,TAXI CAB STAND,null,42.364694747000044,-71.10247487599997
taxi_stand,TAXI CAB STAND,null,42.37362509600007,-71.10023238599996
taxi_stand,TAXI CAB STAND,null,42.37362509600007,-71.10023238599996
taxi_stand,TAXI CAB STAND,null,42.37362722800003,-71.10024811299996
taxi_stand,TAXI CAB STAND,null,42.37362296300006,-71.10021665899995
taxi_stand,TAXI CAB STAND,null,42.364954011000066,-71.10290467699997
taxi_stand,TAXI CAB STAND,null,42.364694747000044,-71.10247487599997
taxi_stand,TAXI CAB STAND,null,42.36679362800004,-71.10600609899996
taxi_stand,TAXI CAB STAND,null,42.37198984300005,-71.12066594899994
taxi_stand,TAXI CAB STAND,null,42.37361225600006,-71.10016455099998
taxi_stand,TAXI CAB STAND,null,42.364944792000074,-71.10288508799994
taxi_stand,TAXI CAB STAND,null,42.364614087000064,-71.10235503799998
taxi_stand,TAXI CAB STAND,null,42.36342507200004,-71.10041913399994
taxi_stand,TAXI CAB STAND,null,42.37361225600006,-71.10016455099998
taxi_stand,TAXI CAB STAND,null,42.363442116000044,-71.10044882199998
taxi_stand,TAXI CAB STAND,null,42.37297734900005,-71.11801915699994
taxi_stand,TAXI CAB STAND,null,42.36342507200004,-71.10041913399994
taxi_stand,TAXI CAB STAND,null,42.364614087000064,-71.10235503799998
taxi_stand,TAXI CAB STAND,null,42.37361225600006,-71.10016455099998
taxi_stand,TAXI CAB STAND,null,42.36342507200004,-71.10041913399994
taxi_stand,TAXI CAB STAND,null,42.364614087000064,-71.10235503799998
taxi_stand,TAXI CAB STAND,null,42.36342507200004,-71.10041913399994
taxi_stand,TAXI CAB STAND,null,42.364954011000066,-71.10290467699997
taxi_stand,TAXI CAB STAND,null,42.365165467000054,-71.10323675999996
taxi_stand,TAXI CAB STAND,null,42.36342507200004,-71.10041913399994
taxi_stand,TAXI CAB STAND,null,42.36342507200004,-71.10041913399994
taxi_stand,TAXI CAB STAND,null,42.37362296300006,-71.10021665899995
taxi_stand,TAXI CAB STAND,null,42.36477425500004,-71.10260508399995
taxi_stand,TAXI CAB STAND,null,42.37439696000007,-71.11951942799993
taxi_stand,TAXI CAB STAND,null,42.36679362800004,-71.10600609899996
taxi_stand,TAXI CAB STAND,null,42.36342507200004,-71.10041913399994
taxi_stand,TAXI CAB STAND,null,42.36679362800004,-71.10600609899996
taxi_stand,TAXI CAB STAND,null,42.36236938700006,-71.08502952599997
taxi_stand,TAXI CAB STAND,null,42.37198984300005,-71.12066594899994
taxi_stand,TAXI CAB STAND,null,42.37413027600007,-71.10403097699998
taxi_stand,TAXI CAB STAND,null,42.36342507200004,-71.10041913399994
taxi_stand,TAXI CAB STAND,null,42.36679362800004,-71.10600609899996
taxi_stand,TAXI CAB STAND,null,42.37361225600006,-71.10016455099998
taxi_stand,TAXI CAB STAND,null,42.37361225600006,-71.10016455099998
taxi_stand,TAXI CAB STAND,null,42.37198984300005,-71.12066594899994
taxi_stand,TAXI CAB STAND,null,42.37362509600007,-71.10023238599996
taxi_stand,TAXI CAB STAND,null,42.37361225600006,-71.10016455099998
taxi_stand,TAXI CAB STAND,null,42.36342507200004,-71.10041913399994
taxi_stand,TAXI CAB STAND,null,42.36342507200004,-71.10041913399994
taxi_stand,TAXI CAB STAND,null,42.36679362800004,-71.10600609899996
taxi_stand,TAXI CAB STAND,null,42.37198984300005,-71.12066594899994
taxi_stand,TAXI CAB STAND,null,42.36679362800004,-71.10600609899996
taxi_stand,TAXI CAB STAND,null,42.37361225600006,-71.10016455099998
taxi_stand,TAXI CAB STAND,null,42.37362509600007,-71.10023238599996
taxi_stand,TAXI CAB STAND,null,42.37361225600006,-71.10016455099998
taxi_stand,TAXI CAB STAND,null,42.369424372000026,-71.09557241999994
taxi_stand,TAXI CAB STAND,null,42.37361225600006,-71.10016455099998
taxi_stand,TAXI CAB STAND,null,42.37361225600006,-71.10016455099998
taxi_stand,TAXI CAB STAND,null,42.35924906300005,-71.09378551899994
taxi_stand,TAXI CAB STAND,null,42.364614087000064,-71.10235503799998
taxi_stand,TAXI CAB STAND,null,42.35924906300005,-71.09378551899994
taxi_stand,TAXI CAB STAND,null,42.37362509600007,-71.10023238599996
taxi_stand,TAXI CAB STAND,null,42.363442116000044,-71.10044882199998
taxi_stand,TAXI CAB STAND,null,42.36342507200004,-71.10041913399994
taxi_stand,TAXI CAB STAND,null,42.36679362800004,-71.10600609899996
taxi_stand,TAXI CAB STAND,null,42.37362509600007,-71.10023238599996
taxi_stand,TAXI CAB STAND,446,42.36342507200004,-71.10041913399994
taxi_stand,TAXI CAB STAND,null,42.37198984300005,-71.12066594899994
taxi_stand,TAXI CAB STAND,null,42.36342507200004,-71.10041913399994
taxi_stand,TAXI CAB STAND,null,42.35917257300008,-71.09363025499994
taxi_stand,TAXI CAB STAND,null,42.37418033100005,-71.11887415099994
taxi_stand,TAXI CAB STAND,null,42.364614087000064,-71.10235503799998
taxi_stand,TAXI CAB STAND,null,42.36342507200004,-71.10041913399994
taxi_stand,TAXI CAB STAND,null,42.36679362800004,-71.10600609899996
taxi_stand,TAXI CAB STAND,null,42.364954011000066,-71.10290467699997
taxi_stand,TAXI CAB STAND,null,42.37362509600007,-71.10023238599996
taxi_stand,TAXI CAB STAND,null,42.37362509600007,-71.10023238599996
taxi_stand,TAXI CAB STAND,null,42.36679362800004,-71.10600609899996
taxi_stand,TAXI CAB STAND,null,42.36679362800004,-71.10600609899996
taxi_stand,TAXI CAB STAND,null,42.36679362800004,-71.10600609899996
taxi_stand,TAXI CAB STAND,null,42.36679362800004,-71.10600609899996
taxi_stand,TAXI CAB STAND,null,42.36679362800004,-71.10600609899996
taxi_stand,TAXI CAB STAND,null,42.36679362800004,-71.10600609899996
taxi_stand,TAXI CAB STAND,null,42.36679362800004,-71.10600609899996
taxi_stand,TAXI CAB STAND,null,42.36679362800004,-71.10600609899996
taxi_stand,TAXI CAB STAND,null,42.36679362800004,-71.10600609899996
taxi_stand,TAXI CAB STAND,null,42.36679362800004,-71.10600609899996
taxi_stand,TAXI CAB STAND,null,42.36679362800004,-71.10600609899996
taxi_stand,TAXI CAB STAND,null,42.36679362800004,-71.10600609899996
taxi_stand,TAXI CAB STAND,null,42.36679362800004,-71.10600609899996
taxi_stand,TAXI CAB STAND,null,42.36679362800004,-71.10600609899996
taxi_stand,TAXI CAB STAND,null,42.36679362800004,-71.10600609899996
taxi_stand,TAXI CAB STAND,null,42.36679362800004,-71.10600609899996
taxi_stand,TAXI CAB STAND,null,42.36679362800004,-71.10600609899996
taxi_stand,TAXI CAB STAND,null,42.36679362800004,-71.10600609899996
taxi_stand,TAXI CAB STAND,null,42.36679362800004,-71.10600609899996
taxi_stand,TAXI CAB STAND,null,42.36679362800004,-71.10600609899996
taxi_stand,TAXI CAB STAND,null,42.36679362800004,-71.10600609899996
taxi_stand,TAXI CAB STAND,null,42.37361225600006,-71.10016455099998
taxi_stand,TAXI CAB STAND,null,42.375468656000066,-71.11429872199994
taxi_stand,TAXI CAB STAND,null,42.364614087000064,-71.10235503799998
taxi_stand,TAXI CAB STAND,null,42.37362722800003,-71.10024811299996
taxi_stand,TAXI CAB STAND,null,42.37361225600006,-71.10016455099998
taxi_stand,TAXI CAB STAND,null,42.37361225600006,-71.10016455099998
taxi_stand,TAXI CAB STAND,null,42.364694747000044,-71.10247487599997
taxi_stand,TAXI CAB STAND,null,42.36679362800004,-71.10600609899996
taxi_stand,TAXI CAB STAND,null,42.364614087000064,-71.10235503799998
taxi_stand,TAXI CAB STAND,null,42.37229973700005,-71.11844043599996
taxi_stand,TAXI CAB STAND,null,42.37361225600006,-71.10016455099998
taxi_stand,TAXI CAB STAND,null,42.364966313000025,-71.10290489299996
taxi_stand,TAXI CAB STAND,null,42.364694747000044,-71.10247487599997
taxi_stand,TAXI CAB STAND,null,42.37419528100003,-71.11887337799993
taxi_stand,TAXI CAB STAND,null,42.37198984300005,-71.12066594899994
taxi_stand,TAXI CAB STAND,null,42.36679362800004,-71.10600609899996
taxi_stand,TAXI CAB STAND,null,42.364614087000064,-71.10235503799998
taxi_stand,TAXI CAB STAND,null,42.37182621900007,-71.08586703799995
taxi_stand,TAXI CAB STAND,null,42.364614087000064,-71.10235503799998
taxi_stand,TAXI CAB STAND,null,42.36695667600003,-71.07560596799993
taxi_stand,TAXI CAB STAND,null,42.36679362800004,-71.10600609899996
taxi_stand,TAXI CAB STAND,null,42.37390793700007,-71.11892362899994
taxi_stand,TAXI CAB STAND,null,42.37198984300005,-71.12066594899994
taxi_stand,TAXI CAB STAND,null,42.364694747000044,-71.10247487599997
taxi_stand,TAXI CAB STAND,null,42.35924906300005,-71.09378551899994
taxi_stand,TAXI CAB STAND,null,42.36342507200004,-71.10041913399994
taxi_stand,TAXI CAB STAND,null,42.36679362800004,-71.10600609899996
taxi_stand,TAXI CAB STAND,null,42.364614087000064,-71.10235503799998
taxi_stand,TAXI CAB STAND,null,42.364694747000044,-71.10247487599997
taxi_stand,TAXI CAB STAND,null,42.36679362800004,-71.10600609899996
taxi_stand,TAXI CAB STAND,null,42.37362509600007,-71.10023238599996
taxi_stand,TAXI CAB STAND,null,42.37362296300006,-71.10021665899995
taxi_stand,TAXI CAB STAND,null,42.364614087000064,-71.10235503799998
taxi_stand,TAXI CAB STAND,null,42.37489244100004,-71.13406237699996
taxi_stand,TAXI CAB STAND,null,42.364614087000064,-71.10235503799998
taxi_stand,TAXI CAB STAND,null,42.37361225600006,-71.10016455099998
taxi_stand,TAXI CAB STAND,null,42.373471678000044,-71.09910329899998
taxi_stand,TAXI CAB STAND,null,42.35924906300005,-71.09378551899994
taxi_stand,TAXI CAB STAND,null,42.36679362800004,-71.10600609899996
taxi_stand,TAXI CAB STAND,null,42.37362296300006,-71.10021665899995
taxi_stand,TAXI CAB STAND,null,42.36491940600007,-71.10282889099994
taxi_stand,TAXI CAB STAND,null,42.37362509600007,-71.10023238599996
taxi_stand,TAXI CAB STAND,null,42.36342507200004,-71.10041913399994
taxi_stand,TAXI CAB STAND,null,42.37363761100005,-71.11882835799997
taxi_stand,TAXI CAB STAND,null,42.36477425500004,-71.10260508399995
taxi_stand,TAXI CAB STAND,null,42.36708559500005,-71.07667021399993
taxi_stand,TAXI CAB STAND,null,42.364614087000064,-71.10235503799998
taxi_stand,TAXI CAB STAND,null,42.36679362800004,-71.10600609899996
taxi_stand,TAXI CAB STAND,null,42.35924906300005,-71.09378551899994
taxi_stand,TAXI CAB STAND,null,42.36679362800004,-71.10600609899996
taxi_stand,TAXI CAB STAND,null,42.36708559500005,-71.07667021399993
taxi_stand,TAXI CAB STAND,null,42.35924906300005,-71.09378551899994
taxi_stand,TAXI CAB STAND,null,42.36679362800004,-71.10600609899996
taxi_stand,TAXI CAB STAND,null,42.37361225600006,-71.10016455099998
taxi_stand,TAXI CAB STAND,null,42.397552063000035,-71.13036009599995
taxi_stand,TAXI CAB STAND,null,42.38144316300003,-71.11635756699997
taxi_stand,TAXI CAB STAND,null,42.38144316300003,-71.11635756699997
taxi_stand,TAXI CAB STAND,null,42.38144316300003,-71.11635756699997
taxi_stand,TAXI CAB STAND,null,42.38144316300003,-71.11635756699997
taxi_stand,TAXI CAB STAND,null,42.38144316300003,-71.11635756699997
taxi_stand,TAXI CAB STAND,null,42.38144316300003,-71.11635756699997
taxi_stand,TAXI CAB STAND,null,42.38144316300003,-71.11635756699997
taxi_stand,TAXI CAB STAND,null,42.38144316300003,-71.11635756699997
taxi_stand,TAXI CAB STAND,null,42.363785,-71.100988
taxi_stand,TAXI CAB STAND,null,42.364588,-71.102365
taxi_stand,TAXI CAB STAND,null,42.373201,-71.1182
taxi_stand,TAXI CAB STAND,null,42.363969,-71.087575
taxi_stand,TAXI CAB STAND,null,42.364588,-71.102365
taxi_stand,TAXI CAB STAND,null,42.373613,-71.099925
taxi_stand,TAXI CAB STAND,null,42.374059,-71.103449
taxi_stand,TAXI CAB STAND,null,42.37201,-71.12065
taxi_stand,TAXI CAB STAND,null,42.359237,-71.093742
taxi_stand,TAXI CAB STAND,null,42.363225,-71.097056
taxi_stand,TAXI CAB STAND,null,42.359237,-71.093742
taxi_stand,TAXI CAB STAND,null,42.373635,-71.10011
taxi_stand,TAXI CAB STAND,null,42.373117,-71.117911
taxi_stand,TAXI CAB STAND,null,42.374059,-71.103449
taxi_stand,TAXI CAB STAND,null,42.359237,-71.093742
taxi_stand,TAXI CAB STAND,null,42.37201,-71.12065
taxi_stand,TAXI CAB STAND,null,42.359237,-71.093742
taxi_stand,TAXI CAB STAND,null,42.363785,-71.100988
taxi_stand,TAXI CAB STAND,null,42.374059,-71.103449
taxi_stand,TAXI CAB STAND,null,42.373635,-71.10011
taxi_stand,TAXI CAB STAND,null,42.36469,-71.10254
taxi_stand,TAXI CAB STAND,null,42.359237,-71.093742
taxi_stand,TAXI CAB STAND,null,42.364602,-71.10239
taxi_stand,TAXI CAB STAND,null,42.373635,-71.10011
taxi_stand,TAXI CAB STAND,null,42.397907,-71.13075
taxi_stand,TAXI CAB STAND,null,42.397907,-71.13075
taxi_stand,TAXI CAB STAND,null,42.397907,-71.13075
taxi_stand,TAXI CAB STAND,null,42.397907,-71.13075
taxi_stand,TAXI CAB STAND,null,42.397907,-71.13075
taxi_stand,TAXI CAB STAND,null,42.397907,-71.13075
taxi_stand,TAXI CAB STAND,0M,42.397907,-71.13075
taxi_stand,TAXI CAB STAND,null,42.397907,-71.13075
taxi_stand,TAXI CAB STAND,null,42.363785,-71.100988
taxi_stand,TAXI CAB STAND,null,42.373635,-71.10011
taxi_stand,TAXI CAB STAND,null,42.363682,-71.100812
taxi_stand,TAXI CAB STAND,null,42.373603,-71.099838
taxi_stand,TAXI CAB STAND,null,42.363682,-71.100812
taxi_stand,TAXI CAB STAND,null,42.373635,-71.10011
taxi_stand,TAXI CAB STAND,null,42.373635,-71.10011
taxi_stand,TAXI CAB STAND,null,42.364893,-71.102879
taxi_stand,TAXI CAB STAND,null,42.373603,-71.099838
taxi_stand,TAXI CAB STAND,null,42.374924,-71.134209
taxi_stand,TAXI CAB STAND,null,42.373635,-71.10011
taxi_stand,TAXI CAB STAND,null,42.373635,-71.10011
taxi_stand,TAXI CAB STAND,null,42.373613,-71.099925
taxi_stand,TAXI CAB STAND,null,42.397536,-71.130325
taxi_stand,TAXI CAB STAND,null,42.372482,-71.121701
taxi_stand,TAXI CAB STAND,null,42.373635,-71.10011
taxi_stand,TAXI CAB STAND,null,42.373635,-71.10011
taxi_stand,TAXI CAB STAND,null,42.397536,-71.130325
taxi_stand,TAXI CAB STAND,null,42.373613,-71.099925
taxi_stand,TAXI CAB STAND,MA0446,42.363682,-71.100812
taxi_stand,TAXI CAB STAND,null,42.373613,-71.099925
taxi_stand,TAXI CAB STAND,null,42.373635,-71.10011
taxi_stand,TAXI CAB STAND,null,42.373613,-71.099925
taxi_stand,TAXI CAB STAND,null,42.397536,-71.130325
taxi_stand,TAXI CAB STAND,null,42.364705,-71.102565
taxi_stand,TAXI CAB STAND,null,42.373635,-71.10011
taxi_stand,TAXI CAB STAND,null,42.373603,-71.099838
taxi_stand,TAXI CAB STAND,null,42.37201,-71.12065
taxi_stand,TAXI CAB STAND,null,42.373635,-71.10011
taxi_stand,TAXI CAB STAND,null,42.365697,-71.104208
taxi_stand,TAXI CAB STAND,null,42.359237,-71.093742
taxi_stand,TAXI CAB STAND,null,42.373635,-71.10011
taxi_stand,TAXI CAB STAND,null,42.37201,-71.12065
taxi_stand,TAXI CAB STAND,null,42.363682,-71.100812
taxi_stand,TAXI CAB STAND,null,42.373613,-71.099925
taxi_stand,TAXI CAB STAND,null,42.373603,-71.099838
taxi_stand,TAXI CAB STAND,null,42.363785,-71.100988
taxi_stand,TAXI CAB STAND,null,42.372482,-71.121701
taxi_stand,TAXI CAB STAND,null,42.369827,-71.086992
taxi_stand,TAXI CAB STAND,null,42.369827,-71.086992
taxi_stand,TAXI CAB STAND,null,42.369827,-71.086992
taxi_stand,TAXI CAB STAND,null,42.369827,-71.086992
taxi_stand,TAXI CAB STAND,null,42.369827,-71.086992
taxi_stand,TAXI CAB STAND,null,42.369827,-71.086992
taxi_stand,TAXI CAB STAND,null,42.373613,-71.099925
taxi_stand,TAXI CAB STAND,null,42.364602,-71.10239
taxi_stand,TAXI CAB STAND,null,42.374164,-71.104279
taxi_stand,TAXI CAB STAND,null,42.363682,-71.100812
taxi_stand,TAXI CAB STAND,null,42.373613,-71.099925
taxi_stand,TAXI CAB STAND,null,42.364833,-71.10278
taxi_stand,TAXI CAB STAND,null,42.373635,-71.10011
taxi_stand,TAXI CAB STAND,null,42.373635,-71.10011
taxi_stand,TAXI CAB STAND,null,42.359237,-71.093742
taxi_stand,TAXI CAB STAND,null,42.37201,-71.12065
taxi_stand,TAXI CAB STAND,null,42.374924,-71.134209
taxi_stand,TAXI CAB STAND,null,42.364588,-71.102365
taxi_stand,TAXI CAB STAND,null,42.373635,-71.10011
taxi_stand,TAXI CAB STAND,null,42.36469,-71.10254
taxi_stand,TAXI CAB STAND,null,42.373635,-71.10011
taxi_stand,TAXI CAB STAND,448,42.363682,-71.100812
taxi_stand,TAXI CAB STAND,null,42.364588,-71.102365
taxi_stand,TAXI CAB STAND,null,42.373603,-71.099838
taxi_stand,TAXI CAB STAND,null,42.364833,-71.10278
taxi_stand,TAXI CAB STAND,null,42.373927,-71.119011
taxi_stand,TAXI CAB STAND,null,42.373613,-71.099925
taxi_stand,TAXI CAB STAND,null,42.368,-71.078222
taxi_stand,TAXI CAB STAND,null,42.368,-71.078222
taxi_stand,TAXI CAB STAND,null,42.368,-71.078222
taxi_stand,TAXI CAB STAND,null,42.368,-71.078222
taxi_stand,TAXI CAB STAND,null,42.368,-71.078222
taxi_stand,TAXI CAB STAND,null,42.368,-71.078222
taxi_stand,TAXI CAB STAND,null,42.368,-71.078222
taxi_stand,TAXI CAB STAND,null,42.368,-71.078222
taxi_stand,TAXI CAB STAND,null,42.368,-71.078222
taxi_stand,TAXI CAB STAND,null,42.368,-71.078222
taxi_stand,TAXI CAB STAND,null,42.368,-71.078222
taxi_stand,TAXI CAB STAND,null,42.368,-71.078222
taxi_stand,TAXI CAB STAND,null,42.368,-71.078222
taxi_stand,TAXI CAB STAND,null,42.368,-71.078222
taxi_stand,TAXI CAB STAND,null,42.368,-71.078222
taxi_stand,TAXI CAB STAND,null,42.368,-71.078222
taxi_stand,TAXI CAB STAND,null,42.368,-71.078222
taxi_stand,TAXI CAB STAND,null,42.368,-71.078222
taxi_stand,TAXI CAB STAND,null,42.368,-71.078222
taxi_stand,TAXI CAB STAND,null,42.368,-71.078222
taxi_stand,TAXI CAB STAND,null,42.368,-71.078222
taxi_stand,TAXI CAB STAND,null,42.368,-71.078222
taxi_stand,TAXI CAB STAND,null,42.368,-71.078222
taxi_stand,TAXI CAB STAND,null,42.368,-71.078222
taxi_stand,TAXI CAB STAND,null,42.368,-71.078222
taxi_stand,TAXI CAB STAND,null,42.368,-71.078222
taxi_stand,TAXI CAB STAND,null,42.368,-71.078222
taxi_stand,TAXI CAB STAND,null,42.368,-71.078222
taxi_stand,TAXI CAB STAND,null,42.368,-71.078222
taxi_stand,TAXI CAB STAND,null,42.368,-71.078222
taxi_stand,TAXI CAB STAND,null,42.368,-71.078222
taxi_stand,TAXI CAB STAND,null,42.368,-71.078222
taxi_stand,TAXI CAB STAND,null,42.368,-71.078222
taxi_stand,TAXI CAB STAND,null,42.368,-71.078222
taxi_stand,TAXI CAB STAND,null,42.368,-71.078222
taxi_stand,TAXI CAB STAND,null,42.368,-71.078222
taxi_stand,TAXI CAB STAND,null,42.368,-71.078222
taxi_stand,TAXI CAB STAND,null,42.368,-71.078222
taxi_stand,TAXI CAB STAND,null,42.368,-71.078222
taxi_stand,TAXI CAB STAND,null,42.368,-71.078222
taxi_stand,TAXI CAB STAND,null,42.368,-71.078222
taxi_stand,TAXI CAB STAND,null,42.368,-71.078222
taxi_stand,TAXI CAB STAND,null,42.368,-71.078222
taxi_stand,TAXI CAB STAND,null,42.368,-71.078222
taxi_stand,TAXI CAB STAND,null,42.368,-71.078222
taxi_stand,TAXI CAB STAND,null,42.368,-71.078222
taxi_stand,TAXI CAB STAND,null,42.368,-71.078222
taxi_stand,TAXI CAB STAND,null,42.368,-71.078222
taxi_stand,TAXI CAB STAND,null,42.368,-71.078222
taxi_stand,TAXI CAB STAND,null,42.368,-71.078222
taxi_stand,TAXI CAB STAND,null,42.368,-71.078222
taxi_stand,TAXI CAB STAND,null,42.368,-71.078222
taxi_stand,TAXI CAB STAND,null,42.368,-71.078222
taxi_stand,TAXI CAB STAND,null,42.368,-71.078222
taxi_stand,TAXI CAB STAND,null,42.368,-71.078222
taxi_stand,TAXI CAB STAND,null,42.368,-71.078222
taxi_stand,TAXI CAB STAND,null,42.368,-71.078222
taxi_stand,TAXI CAB STAND,null,42.368,-71.078222
taxi_stand,TAXI CAB STAND,null,42.368,-71.078222
taxi_stand,TAXI CAB STAND,null,42.368,-71.078222
taxi_stand,TAXI CAB STAND,null,42.368,-71.078222
taxi_stand,TAXI CAB STAND,null,42.368,-71.078222
taxi_stand,TAXI CAB STAND,null,42.368,-71.078222
taxi_stand,TAXI CAB STAND,null,42.368,-71.078222
taxi_stand,TAXI CAB STAND,null,42.368,-71.078222
taxi_stand,TAXI CAB STAND,null,42.368,-71.078222
taxi_stand,TAXI CAB STAND,null,42.368,-71.078222
taxi_stand,TAXI CAB STAND,null,42.368,-71.078222
taxi_stand,TAXI CAB STAND,null,42.368,-71.078222
taxi_stand,TAXI CAB STAND,null,42.368,-71.078222
taxi_stand,TAXI CAB STAND,null,42.368,-71.078222
taxi_stand,TAXI CAB STAND,null,42.368,-71.078222
taxi_stand,TAXI CAB STAND,null,42.368,-71.078222
taxi_stand,TAXI CAB STAND,null,42.368,-71.078222
taxi_stand,TAXI CAB STAND,null,42.368,-71.078222
taxi_stand,TAXI CAB STAND,null,42.368,-71.078222
taxi_stand,TAXI CAB STAND,null,42.36464,-71.102449
taxi_stand,TAXI CAB STAND,null,42.36464,-71.102449
taxi_stand,TAXI CAB STAND,null,42.373635,-71.10011
taxi_stand,TAXI CAB STAND,null,42.364659,-71.102481
taxi_stand,TAXI CAB STAND,null,42.372391,-71.12176
taxi_stand,TAXI CAB STAND,null,42.372532,-71.121664
taxi_stand,TAXI CAB STAND,null,42.364659,-71.102481
taxi_stand,TAXI CAB STAND,null,42.36368,-71.100818
taxi_stand,TAXI CAB STAND,null,42.36368,-71.100818
taxi_stand,TAXI CAB STAND,null,42.373645,-71.100198
taxi_stand,TAXI CAB STAND,null,42.373635,-71.10011
taxi_stand,TAXI CAB STAND,null,42.373635,-71.10011
taxi_stand,TAXI CAB STAND,null,42.364815,-71.102744
taxi_stand,TAXI CAB STAND,null,42.36368,-71.100818
taxi_stand,TAXI CAB STAND,null,42.374181,-71.104413
taxi_stand,TAXI CAB STAND,null,42.373635,-71.10011
taxi_stand,TAXI CAB STAND,null,42.364904,-71.102886
taxi_stand,TAXI CAB STAND,null,42.364904,-71.102886
taxi_stand,TAXI CAB STAND,null,42.359237,-71.093742
taxi_stand,TAXI CAB STAND,null,42.364659,-71.102481
taxi_stand,TAXI CAB STAND,null,42.36464,-71.102449
taxi_stand,TAXI CAB STAND,null,42.36368,-71.100818
taxi_stand,TAXI CAB STAND,null,42.373951,-71.119
taxi_stand,TAXI CAB STAND,null,42.373635,-71.10011
taxi_stand,TAXI CAB STAND,null,42.364659,-71.102481
taxi_stand,TAXI CAB STAND,null,42.373635,-71.10011
taxi_stand,TAXI CAB STAND,null,42.364659,-71.102481
taxi_stand,TAXI CAB STAND,null,42.364659,-71.102481
taxi_stand,TAXI CAB STAND,null,42.373635,-71.10011
taxi_stand,TAXI CAB STAND,null,42.373645,-71.100198
taxi_stand,TAXI CAB STAND,null,42.373649,-71.100231
taxi_stand,TAXI CAB STAND,null,42.374924,-71.134209
taxi_stand,TAXI CAB STAND,null,42.371956,-71.120695
taxi_stand,TAXI CAB STAND,null,42.365769,-71.10433
taxi_stand,TAXI CAB STAND,null,42.36368,-71.100818
taxi_stand,TAXI CAB STAND,null,42.373209,-71.118227
taxi_stand,TAXI CAB STAND,null,42.364426,-71.102091
taxi_stand,TAXI CAB STAND,null,42.359237,-71.093742
taxi_stand,TAXI CAB STAND,null,42.373635,-71.10011
taxi_stand,TAXI CAB STAND,null,42.371956,-71.120695
taxi_stand,TAXI CAB STAND,null,42.365751,-71.104299
taxi_stand,TAXI CAB STAND,null,42.364659,-71.102481
taxi_stand,TAXI CAB STAND,null,42.359237,-71.093742
taxi_stand,TAXI CAB STAND,null,42.373635,-71.10011
taxi_stand,TAXI CAB STAND,null,42.359237,-71.093742
taxi_stand,TAXI CAB STAND,null,42.364815,-71.102744
taxi_stand,TAXI CAB STAND,null,42.373649,-71.100231
taxi_stand,TAXI CAB STAND,null,42.359237,-71.093742
taxi_stand,TAXI CAB STAND,null,42.373635,-71.10011
taxi_stand,TAXI CAB STAND,null,42.374361,-71.119853
taxi_stand,TAXI CAB STAND,null,42.373739,-71.119105
taxi_stand,TAXI CAB STAND,null,42.36464,-71.102449
taxi_stand,TAXI CAB STAND,0,42.36464,-71.102449
taxi_stand,TAXI CAB STAND,null,42.373927,-71.119011
taxi_stand,TAXI CAB STAND,null,42.374023,-71.118969
taxi_stand,TAXI CAB STAND,null,42.36464,-71.102449
taxi_stand,TAXI CAB STAND,null,42.374023,-71.118969
taxi_stand,TAXI CAB STAND,null,42.364845,-71.102792
taxi_stand,TAXI CAB STAND,0,42.374023,-71.118969
taxi_stand,TAXI CAB STAND,null,42.377825,-71.123317
taxi_stand,TAXI CAB STAND,null,42.373117,-71.117911
taxi_stand,TAXI CAB STAND,null,42.373645,-71.100198
taxi_stand,TAXI CAB STAND,null,42.374023,-71.118969
taxi_stand,TAXI CAB STAND,null,42.377825,-71.123317
taxi_stand,TAXI CAB STAND,null,42.373635,-71.10011
taxi_stand,TAXI CAB STAND,null,42.364815,-71.102744
taxi_stand,TAXI CAB STAND,null,42.371956,-71.120695
taxi_stand,TAXI CAB STAND,null,42.36464,-71.102449
taxi_stand,TAXI CAB STAND,null,42.36464,-71.102449
taxi_stand,TAXI CAB STAND,null,42.36464,-71.102449
taxi_stand,TAXI CAB STAND,null,42.36464,-71.102449
taxi_stand,TAXI CAB STAND,null,42.364659,-71.102481
taxi_stand,TAXI CAB STAND,null,42.359237,-71.093742
taxi_stand,TAXI CAB STAND,null,42.359237,-71.093742
taxi_stand,TAXI CAB STAND,null,42.374412,-71.119086
taxi_stand,TAXI CAB STAND,null,42.364659,-71.102481
taxi_stand,TAXI CAB STAND,null,42.36464,-71.102449
taxi_stand,TAXI CAB STAND,null,42.359237,-71.093742
taxi_stand,TAXI CAB STAND,null,42.36464,-71.102449
taxi_stand,TAXI CAB STAND,null,42.364904,-71.102886
taxi_stand,TAXI CAB STAND,null,42.36464,-71.102449
taxi_stand,TAXI CAB STAND,null,42.373635,-71.10011
taxi_stand,TAXI CAB STAND,null,42.373649,-71.100231
taxi_stand,TAXI CAB STAND,null,42.373635,-71.10011
taxi_stand,TAXI CAB STAND,null,42.373635,-71.10011
taxi_stand,TAXI CAB STAND,null,42.364904,-71.102886
taxi_stand,TAXI CAB STAND,null,42.373635,-71.10011
taxi_stand,TAXI CAB STAND,null,42.373635,-71.10011
taxi_stand,TAXI CAB STAND,null,42.359237,-71.093742
taxi_stand,TAXI CAB STAND,null,42.370651,-71.077174
taxi_stand,TAXI CAB STAND,null,42.359237,-71.093742
taxi_stand,TAXI CAB STAND,null,42.364845,-71.102792
taxi_stand,TAXI CAB STAND,null,42.359237,-71.093742
taxi_stand,TAXI CAB STAND,null,42.364659,-71.102481
taxi_stand,TAXI CAB STAND,null,42.373635,-71.10011
taxi_stand,TAXI CAB STAND,null,42.36464,-71.102449
taxi_stand,TAXI CAB STAND,null,42.363749,-71.10094
taxi_stand,TAXI CAB STAND,null,42.359237,-71.093742
taxi_stand,TAXI CAB STAND,null,42.374023,-71.118969
taxi_stand,TAXI CAB STAND,null,42.359809,-71.094368
taxi_stand,TAXI CAB STAND,null,42.359237,-71.093742
taxi_stand,TAXI CAB STAND,null,42.359237,-71.093742
taxi_stand,TAXI CAB STAND,null,42.36464,-71.102449
taxi_stand,TAXI CAB STAND,null,42.373117,-71.117911
taxi_stand,TAXI CAB STAND,null,42.364815,-71.102744
taxi_stand,TAXI CAB STAND,null,42.364919,-71.10291
taxi_stand,TAXI CAB STAND,null,42.36464,-71.102449
taxi_stand,TAXI CAB STAND,null,42.364904,-71.102886
taxi_stand,TAXI CAB STAND,null,42.36464,-71.102449
taxi_stand,TAXI CAB STAND,null,42.364659,-71.102481
taxi_stand,TAXI CAB STAND,null,42.359237,-71.093742
taxi_stand,TAXI CAB STAND,null,42.359237,-71.093742
taxi_stand,TAXI CAB STAND,null,42.359237,-71.093742
taxi_stand,TAXI CAB STAND,null,42.364139,-71.101604
taxi_stand,TAXI CAB STAND,null,42.359237,-71.093742
taxi_stand,TAXI CAB STAND,null,42.359237,-71.093742
taxi_stand,TAXI CAB STAND,null,42.373635,-71.10011
taxi_stand,TAXI CAB STAND,null,42.365697,-71.104208
taxi_stand,TAXI CAB STAND,null,42.374924,-71.134209
taxi_stand,TAXI CAB STAND,null,42.373635,-71.10011
taxi_stand,TAXI CAB STAND,null,42.373635,-71.10011
taxi_stand,TAXI CAB STAND,null,42.373635,-71.10011
taxi_stand,TAXI CAB STAND,null,42.373635,-71.10011
taxi_stand,TAXI CAB STAND,null,42.369654,-71.11211
taxi_stand,TAXI CAB STAND,null,42.369654,-71.11211
taxi_stand,TAXI CAB STAND,null,42.369654,-71.11211
taxi_stand,TAXI CAB STAND,null,42.369654,-71.11211
taxi_stand,TAXI CAB STAND,null,42.369654,-71.11211
taxi_stand,TAXI CAB STAND,null,42.369654,-71.11211
taxi_stand,TAXI CAB STAND,null,42.369654,-71.11211
taxi_stand,TAXI CAB STAND,null,42.369654,-71.11211
taxi_stand,TAXI CAB STAND,null,42.369654,-71.11211
taxi_stand,TAXI CAB STAND,null,42.369654,-71.11211
taxi_stand,TAXI CAB STAND,null,42.369654,-71.11211
taxi_stand,TAXI CAB STAND,null,42.369654,-71.11211
taxi_stand,TAXI CAB STAND,null,42.369654,-71.11211
taxi_stand,TAXI CAB STAND,null,42.369654,-71.11211
taxi_stand,TAXI CAB STAND,null,42.369654,-71.11211
taxi_stand,TAXI CAB STAND,null,42.369654,-71.11211
taxi_stand,TAXI CAB STAND,null,42.369654,-71.11211
taxi_stand,TAXI CAB STAND,null,42.369654,-71.11211
taxi_stand,TAXI CAB STAND,null,42.369654,-71.11211
taxi_stand,TAXI CAB STAND,null,42.369654,-71.11211
taxi_stand,TAXI CAB STAND,null,42.369654,-71.11211
taxi_stand,TAXI CAB STAND,null,42.369654,-71.11211
taxi_stand,TAXI CAB STAND,null,42.369654,-71.11211
taxi_stand,TAXI CAB STAND,null,42.369654,-71.11211
taxi_stand,TAXI CAB STAND,null,42.369654,-71.11211
taxi_stand,TAXI CAB STAND,null,42.369654,-71.11211
taxi_stand,TAXI CAB STAND,null,42.369654,-71.11211
taxi_stand,TAXI CAB STAND,null,42.369654,-71.11211
taxi_stand,TAXI CAB STAND,null,42.369654,-71.11211
taxi_stand,TAXI CAB STAND,null,42.369654,-71.11211
taxi_stand,TAXI CAB STAND,null,42.369654,-71.11211
taxi_stand,TAXI CAB STAND,null,42.369654,-71.11211
taxi_stand,TAXI CAB STAND,null,42.369654,-71.11211
taxi_stand,TAXI CAB STAND,null,42.369654,-71.11211
taxi_stand,TAXI CAB STAND,null,42.369654,-71.11211
taxi_stand,TAXI CAB STAND,null,42.369654,-71.11211
taxi_stand,TAXI CAB STAND,null,42.369654,-71.11211
taxi_stand,TAXI CAB STAND,null,42.369654,-71.11211
taxi_stand,TAXI CAB STAND,null,42.369654,-71.11211
taxi_stand,TAXI CAB STAND,null,42.369654,-71.11211
taxi_stand,TAXI CAB STAND,null,42.373117,-71.117911
taxi_stand,TAXI CAB STAND,null,42.372234,-71.12394
taxi_stand,TAXI CAB STAND,null,42.372234,-71.12394
taxi_stand,TAXI CAB STAND,null,42.363749,-71.10094
taxi_stand,TAXI CAB STAND,null,42.364904,-71.102886
taxi_stand,TAXI CAB STAND,null,42.359237,-71.093742
taxi_stand,TAXI CAB STAND,null,42.364904,-71.102886
taxi_stand,TAXI CAB STAND,null,42.364845,-71.102792
taxi_stand,TAXI CAB STAND,null,42.374441,-71.118867
taxi_stand,TAXI CAB STAND,null,42.36464,-71.102449
taxi_stand,TAXI CAB STAND,null,42.359237,-71.093742
taxi_stand,TAXI CAB STAND,null,42.359237,-71.093742
taxi_stand,TAXI CAB STAND,null,42.359237,-71.093742
taxi_stand,TAXI CAB STAND,null,42.373117,-71.117911
taxi_stand,TAXI CAB STAND,null,42.373117,-71.117911
taxi_stand,TAXI CAB STAND,null,42.372234,-71.12394
taxi_stand,TAXI CAB STAND,null,42.36464,-71.102449
taxi_stand,TAXI CAB STAND,null,42.364904,-71.102886
taxi_stand,TAXI CAB STAND,null,42.36464,-71.102449
taxi_stand,TAXI CAB STAND,null,42.373739,-71.119105
taxi_stand,TAXI CAB STAND,null,42.359237,-71.093742
taxi_stand,TAXI CAB STAND,null,42.374441,-71.118867
taxi_stand,TAXI CAB STAND,null,42.364659,-71.102481
taxi_stand,TAXI CAB STAND,null,42.372126,-71.120553
taxi_stand,TAXI CAB STAND,null,42.372126,-71.120553
taxi_stand,TAXI CAB STAND,null,42.364659,-71.102481
taxi_stand,TAXI CAB STAND,null,42.373209,-71.118227
taxi_stand,TAXI CAB STAND,null,42.371956,-71.120695
taxi_stand,TAXI CAB STAND,null,42.365766,-71.104326
taxi_stand,TAXI CAB STAND,null,42.371956,-71.120695
taxi_stand,TAXI CAB STAND,null,42.364904,-71.102886
taxi_stand,TAXI CAB STAND,null,42.373635,-71.10011
taxi_stand,TAXI CAB STAND,null,42.373635,-71.10011
taxi_stand,TAXI CAB STAND,null,42.372532,-71.121664
taxi_stand,TAXI CAB STAND,null,42.36464,-71.102449
taxi_stand,TAXI CAB STAND,null,42.371956,-71.120695
taxi_stand,TAXI CAB STAND,null,42.36464,-71.102449
taxi_stand,TAXI CAB STAND,null,42.374023,-71.118969
taxi_stand,TAXI CAB STAND,null,42.364659,-71.102481
taxi_stand,TAXI CAB STAND,null,42.364659,-71.102481
taxi_stand,TAXI CAB STAND,null,42.373635,-71.10011
taxi_stand,TAXI CAB STAND,null,42.373635,-71.10011
taxi_stand,TAXI CAB STAND,null,42.397519,-71.130307
taxi_stand,TAXI CAB STAND,null,42.373645,-71.100198
taxi_stand,TAXI CAB STAND,null,42.369284,-71.113429
taxi_stand,TAXI CAB STAND,null,42.364904,-71.102886
taxi_stand,TAXI CAB STAND,null,42.373649,-71.100231
taxi_stand,TAXI CAB STAND,null,42.377825,-71.123317
taxi_stand,TAXI CAB STAND,null,42.373635,-71.10011
taxi_stand,TAXI CAB STAND,null,42.397519,-71.130307
taxi_stand,TAXI CAB STAND,null,42.36368,-71.100818
taxi_stand,TAXI CAB STAND,null,42.36368,-71.100818
taxi_stand,TAXI CAB STAND,null,42.373739,-71.119105
taxi_stand,TAXI CAB STAND,null,42.364659,-71.102481
taxi_stand,TAXI CAB STAND,null,42.373635,-71.10011
taxi_stand,TAXI CAB STAND,null,42.372775,-71.118108
taxi_stand,TAXI CAB STAND,null,42.397519,-71.130307
taxi_stand,TAXI CAB STAND,null,42.364904,-71.102886
taxi_stand,TAXI CAB STAND,null,42.397519,-71.130307
taxi_stand,TAXI CAB STAND,null,42.359237,-71.093742
taxi_stand,TAXI CAB STAND,null,42.36370859700003,-71.10089806199994
taxi_stand,TAXI CAB STAND,null,42.36370859700003,-71.10089806199994
